,Color,Year of car manufacture,Length,price,Width,Brand Name,Transmission type,Seats,Body type,city,Car model,kilometer driven,Insurance Validity_value,Fuel type,Number of previous owners,Engine Displacement_value(cc)
0,8,2022,101,1150000.0,139,13,0,5.0,7,5,100,20000,5,4,1,998
1,57,2015,39,415000.00000000006,22,20,1,7.0,5,5,145,20687,2,4,1,1196
2,86,2021,98,750000.0,118,24,1,5.0,7,5,197,30000,5,4,1,999
3,116,2015,26,398000.0,38,9,1,5.0,2,5,82,59247,2,4,1,1086
4,86,2015,82,550000.0,70,8,1,5.0,2,5,61,50000,5,4,1,1199
5,138,2016,345,3300000.0,267,21,0,5.0,8,5,174,20000,2,1,1,2143
6,9,2016,45,453000.0,44,20,0,5.0,2,5,142,29403,2,4,1,998
7,57,2010,16,285000.0,39,20,1,5.0,2,5,135,42700,2,4,1,998
8,57,2018,300,5000000.0,216,1,0,5.0,7,5,18,23001,2,1,1,1995
9,8,2018,102,821000.0000000001,123,6,0,5.0,7,5,47,25925,2,4,2,1497
10,9,2021,101,865000.0,130,9,1,5.0,2,5,83,20000,5,4,1,1197
11,116,2019,81,792000.0,69,8,0,5.0,2,5,61,17711,2,4,1,1199
12,138,2020,301,4050000.0,177,1,0,5.0,8,5,11,50000,2,1,1,1995
13,86,2018,68,610000.0,103,20,1,5.0,2,5,158,50000,5,4,1,1197
14,138,2018,51,511000.00000000006,52,9,1,5.0,2,5,72,51125,2,4,2,1197
15,84,2019,98,710000.0,156,29,1,5.0,7,5,237,69233,2,1,1,1497
16,138,2017,186,1225000.0,165,12,1,5.0,7,5,94,65000,2,1,1,1956
17,14,2014,203,570000.0,73,8,1,5.0,8,5,58,93281,2,4,1,1497
18,138,2022,317,3900000.0,197,30,1,7.0,7,5,252,18000,2,1,1,2755
19,138,2014,93,375000.0,60,8,1,5.0,8,5,54,99225,2,4,2,1198
20,86,2016,17,275000.0,32,9,1,5.0,2,5,69,30000,5,4,1,998
21,116,2014,93,429000.0,60,8,1,5.0,8,5,54,30602,2,4,1,1198
22,110,2018,68,675000.0,103,20,1,5.0,2,5,158,64500,2,1,1,1248
23,138,2017,203,793000.0,73,8,1,5.0,8,5,58,46809,2,4,2,1497
24,138,2019,142,1425000.0,134,9,0,5.0,7,5,68,20000,2,1,1,1582
25,110,2020,100,1036000.0,126,9,0,5.0,7,5,79,21725,4,4,1,998
26,86,2016,203,800000.0,73,8,1,5.0,8,5,58,80000,5,4,1,1497
27,9,2013,355,1400000.0,270,0,0,5.0,8,5,4,88000,5,4,2,1984
28,8,2019,203,1088000.0,73,8,0,5.0,8,5,58,30360,4,4,2,1497
29,86,2017,101,590000.0,110,20,0,5.0,2,5,139,70000,5,4,2,1197
30,110,2016,51,568000.0,52,9,1,5.0,2,5,72,16246,2,4,1,1197
31,138,2017,30,400000.0,39,20,0,5.0,2,5,142,55000,2,4,2,998
32,138,2022,307,2790000.0,180,30,0,7.0,4,5,256,13000,2,4,1,2694
33,110,2016,45,422000.0,44,20,0,5.0,2,5,142,71638,4,4,2,998
34,138,2015,93,450000.0,60,8,1,5.0,8,5,54,46105,2,4,1,1198
35,86,2017,103,650000.0,100,8,1,5.0,7,5,64,60000,5,4,1,1199
36,86,2017,82,575000.0,70,8,1,5.0,2,5,61,80000,5,1,1,1498
37,57,2015,166,1950000.0,249,21,0,5.0,2,5,170,58000,2,1,1,2143
38,116,2008,123,150000.0,35,20,1,5.0,8,5,147,70000,5,4,2,1298
39,57,2017,101,702000.0,110,20,0,5.0,2,5,139,61764,4,4,1,1197
40,84,2016,39,448000.00000000006,87,17,1,6.0,7,5,119,36018,5,4,2,1198
41,86,2016,157,650000.0,173,27,0,5.0,7,5,208,150000,5,1,1,1461
42,8,2022,62,801000.0,59,9,1,5.0,2,5,73,17197,4,4,1,998
43,14,2016,203,772000.0,73,8,0,5.0,8,5,58,62931,2,4,2,1497
44,86,2013,261,500000.0,131,30,1,5.0,8,5,248,90000,5,4,2,1798
45,110,2021,101,1103000.0,170,17,1,5.0,7,5,130,21023,4,4,1,1197
46,138,2018,261,1490000.0,130,30,1,5.0,8,5,248,43000,2,1,1,1364
47,116,2017,101,627000.0,103,20,0,5.0,8,5,159,110505,5,1,1,1248
48,116,2018,203,835000.0,93,9,1,5.0,8,5,80,78892,5,4,1,1591
49,138,2015,359,2090000.0,209,0,0,5.0,8,5,4,59000,5,1,1,1968
50,138,2014,137,350000.0,67,2,1,5.0,8,5,29,90058,2,4,1,1199
51,138,2015,265,2100000.0,271,0,0,5.0,7,5,7,69000,5,1,1,2967
52,110,2019,103,925000.0,100,8,1,5.0,7,5,64,67000,2,1,1,1498
53,86,2017,219,850000.0,96,20,1,5.0,8,5,144,80000,5,1,1,1248
54,86,2017,219,850000.0,96,20,1,5.0,8,5,144,80000,5,1,1,1248
55,138,2020,375,6600000.0,303,0,0,7.0,7,5,8,57000,2,1,1,2967
56,8,2018,307,2150000.0,180,30,1,8.0,4,5,256,800000,2,1,1,2393
57,9,2018,287,3600000.0,253,21,0,5.0,8,5,171,5500000,2,1,1,2143
58,138,2017,392,6800000.0,293,1,0,5.0,8,5,16,27000,2,1,1,2993
59,116,2018,98,707000.0,156,29,1,5.0,7,5,237,38334,2,4,1,1198
60,110,2019,84,680000.0,61,31,1,5.0,2,5,264,36992,5,4,1,999
61,110,2016,277,3750000.0,271,1,0,5.0,7,5,18,50000,2,1,2,2993
62,116,2021,281,2039000.0,220,29,0,6.0,7,5,236,34596,2,1,1,1956
63,138,2019,55,401000.0,45,4,1,5.0,2,5,34,84564,4,4,1,1198
64,116,2013,345,2150000.0,196,21,0,5.0,8,5,174,60001,2,1,2,2143
65,138,2018,31,505000.0,48,9,1,5.0,2,5,75,23462,6,4,1,1086
66,110,2022,131,1599000.0,120,31,0,5.0,7,5,266,13000,5,4,1,999
67,110,2019,101,830000.0000000001,73,8,0,5.0,8,5,54,54658,2,1,1,1498
68,56,2020,101,1036000.0,170,17,1,5.0,7,5,130,34164,4,4,1,1197
69,55,2022,157,1595000.0,148,13,1,5.0,7,5,99,10000,5,4,1,1497
70,110,2010,88,100000.0,64,5,1,5.0,2,5,42,70000,5,4,3,1368
71,9,2020,100,825000.0,126,9,1,5.0,7,5,79,37000,5,4,1,1197
72,9,2016,101,550000.0,110,20,1,5.0,2,5,139,53967,2,4,1,1197
73,110,2011,26,299000.0,38,9,1,5.0,2,5,82,52700,2,4,1,1197
74,86,2018,98,750000.0,156,29,0,5.0,7,5,237,60000,5,4,1,1198
75,9,2016,101,550000.0,110,20,1,5.0,2,5,139,53967,2,4,1,1197
76,129,2014,101,375000.0,73,8,1,5.0,8,5,54,99225,2,4,2,1199
77,116,2011,112,265000.0,11,5,1,5.0,8,5,40,60000,5,4,2,1368
78,110,2020,91,808000.0,68,8,0,5.0,2,5,61,48220,4,4,1,1199
79,110,2016,82,542000.0,70,8,1,5.0,2,5,61,72024,5,4,1,1199
80,86,2016,93,529000.0,60,8,0,5.0,8,5,54,80000,5,4,1,1198
81,8,2017,84,684000.0,61,31,1,5.0,2,5,264,78735,4,4,1,1199
82,110,2018,102,813000.0000000001,123,6,1,5.0,7,5,47,72955,6,1,2,1498
83,86,2015,219,650000.0,96,20,0,5.0,8,5,144,40000,5,4,1,1373
84,57,2021,186,1802000.0,165,12,1,5.0,7,5,94,14037,2,4,1,1368
85,116,2019,87,745000.0,100,9,1,5.0,2,5,83,29000,2,4,1,1197
86,116,2017,101,619000.0,110,20,1,5.0,2,5,139,69864,5,4,1,1197
87,116,2019,101,650000.0,52,9,1,5.0,8,5,81,35739,5,4,1,1197
88,86,2016,82,500000.0,70,8,0,5.0,2,5,61,120000,5,4,2,1199
89,116,2019,149,1145000.0,73,20,1,7.0,4,5,146,18000,2,1,1,1248
90,84,2019,256,1600000.0,220,29,1,5.0,7,5,228,21000,2,1,1,1956
91,57,2016,101,540000.0,110,20,1,5.0,2,5,139,70404,2,4,1,1197
92,8,2015,181,675000.0,76,31,1,5.0,8,5,269,63000,2,4,1,1598
93,138,2017,101,510000.0,61,31,1,5.0,8,5,260,88000,5,4,2,1198
94,116,2017,203,830000.0000000001,73,8,1,5.0,8,5,58,65000,2,4,1,1497
95,110,2017,257,3900000.0,298,14,0,7.0,7,5,103,30000,5,1,2,2179
96,50,2012,203,510000.0,73,8,0,5.0,8,5,58,71423,2,4,1,1497
97,86,2019,204,1200000.0,130,20,0,6.0,4,5,165,80000,5,4,1,1462
98,14,2017,203,766000.0,73,8,1,5.0,8,5,58,85759,4,4,1,1497
99,116,2019,31,449000.0,48,9,1,5.0,2,5,75,24422,6,4,1,1086
100,138,2017,203,750000.0,93,9,1,5.0,8,5,80,90000,5,4,4,1591
101,110,2012,32,317000.0,60,8,1,5.0,2,5,56,67091,4,4,2,1198
102,66,2020,274,1560000.0,184,16,1,5.0,7,5,113,72787,4,4,1,1451
103,86,2017,351,1900000.0,199,6,1,7.0,7,5,48,120000,5,1,2,2198
104,110,2017,51,522000.0,52,9,1,5.0,2,5,72,90142,2,4,1,1197
105,86,2015,87,500000.0,100,9,1,5.0,2,5,83,150000,5,4,1,1197
106,110,2018,80,627000.0,104,6,1,5.0,2,5,52,33256,2,4,1,1194
107,116,2018,101,687000.0,110,20,0,5.0,2,5,139,70027,2,4,1,1197
108,138,2007,117,205000.0,18,9,1,5.0,8,5,77,120000,5,1,3,1991
109,86,2015,84,525000.0,61,31,1,5.0,2,5,264,60000,5,4,2,1199
110,57,2017,68,620000.0,103,20,1,5.0,2,5,158,73686,5,1,1,1248
111,110,2018,101,825000.0,184,17,1,7.0,7,5,126,44000,2,1,2,1493
112,138,2015,68,530000.0,103,20,1,5.0,2,5,158,75581,2,4,1,1197
113,9,2015,323,3600000.0,292,21,0,5.0,7,5,183,58000,2,1,1,2143
114,89,2015,209,1950000.0,239,0,0,5.0,8,5,1,50000,2,1,2,1968
115,86,2015,101,650000.0,184,17,1,7.0,7,5,126,100000,5,1,1,1493
116,138,2017,219,650000.0,96,20,1,5.0,8,5,144,108902,5,1,1,1248
117,116,2016,101,570000.0,61,31,1,5.0,8,5,260,100425,2,1,1,1498
118,116,2016,101,458000.0,52,9,1,5.0,8,5,81,70887,4,4,2,1197
119,116,2016,203,577000.0,73,8,1,5.0,8,5,58,114981,2,4,2,1497
120,138,2018,103,900000.0,100,8,1,5.0,7,5,64,45000,2,4,1,1199
121,138,2021,62,649000.0,59,9,1,5.0,2,5,73,45416,2,4,1,1197
122,116,2016,87,549000.0,100,9,1,5.0,2,5,83,119468,5,4,1,1197
123,86,2015,177,650000.0,76,31,0,5.0,8,5,269,100000,5,1,3,1498
124,110,2017,101,514000.0,101,20,1,5.0,8,5,159,119975,4,4,1,1197
125,138,2017,328,3900000.0,155,1,0,5.0,8,5,11,19000,2,4,1,1998
126,116,2016,51,456000.0,52,9,1,5.0,2,5,72,64906,2,4,2,1197
127,110,2016,101,502000.0,110,20,1,5.0,2,5,139,81484,2,4,2,1197
128,9,2018,101,685000.0,103,20,1,5.0,8,5,159,45067,2,4,1,1197
129,9,2018,401,11000000.0,287,21,0,4.0,8,5,184,68000,5,4,1,4663
130,14,2016,82,580000.0,70,8,1,5.0,2,5,61,65768,2,4,1,1199
131,52,2016,82,530000.0,70,8,1,5.0,2,5,61,61000,2,4,2,1199
132,116,2009,390,1700000.0,207,21,0,5.0,8,5,184,50000,2,1,3,2987
133,9,2018,354,4375000.0,278,1,0,5.0,8,5,14,23000,2,1,1,1995
134,138,2018,392,8200000.0,293,1,0,5.0,8,5,16,17000,2,1,1,2993
135,57,2017,45,420000.0,44,20,0,5.0,2,5,142,102958,2,4,1,998
136,116,2013,261,775000.0,131,30,1,5.0,8,5,248,62900,2,1,1,1364
137,116,2015,29,395000.0,26,20,1,5.0,2,5,163,65076,2,4,2,998
138,9,2016,101,533000.0,110,20,1,5.0,2,5,139,75876,2,4,1,1197
139,110,2015,87,547000.0,100,9,1,5.0,2,5,83,98911,5,4,1,1197
140,9,2015,45,395000.0,44,20,1,5.0,2,5,142,45000,2,4,1,998
141,138,2017,174,908000.0,77,9,0,5.0,8,5,80,76089,4,1,1,1582
142,116,2017,51,521000.0,52,9,1,5.0,2,5,72,54505,4,4,2,1197
143,138,2019,210,2290000.0,144,0,0,5.0,8,5,1,24000,5,1,1,1968
144,110,2016,101,507000.0,101,20,1,5.0,8,5,159,96573,6,4,1,1197
145,138,2019,157,1625000.0,148,13,0,5.0,7,5,99,30000,2,1,1,1493
146,84,2016,51,528000.0,52,9,1,5.0,2,5,72,63720,2,4,2,1197
147,116,2021,14,435000.0,28,20,1,5.0,2,5,137,14411,2,4,1,796
148,110,2022,131,1490000.0,120,31,0,5.0,7,5,266,11000,2,4,1,999
149,116,2022,134,1789999.9999999998,120,28,0,5.0,7,5,218,21000,2,4,1,1498
150,116,2017,103,625000.0,100,8,1,5.0,7,5,64,34392,2,4,1,1199
151,86,2022,62,690000.0,59,9,1,5.0,2,5,73,20000,5,4,1,1197
152,8,2022,99,1350000.0,139,13,1,5.0,7,5,100,10000,5,4,1,998
153,86,2022,159,1550000.0,151,16,0,5.0,7,5,111,20000,5,4,1,1498
154,57,2019,101,790000.0,110,30,0,5.0,2,5,253,47000,2,4,1,1197
155,110,2014,23,270000.0,28,20,1,5.0,2,5,138,60333,2,4,2,998
156,121,2014,51,365000.0,52,9,1,5.0,2,5,72,81058,2,1,1,1186
157,14,2010,235,425000.0,114,8,1,5.0,8,5,60,51800,2,4,2,1799
158,84,2016,51,528000.0,52,9,1,5.0,2,5,72,32797,2,4,2,1197
159,116,2016,51,511000.00000000006,52,9,1,5.0,2,5,72,69731,2,4,1,1197
160,8,2016,203,625000.0,73,8,1,5.0,8,5,58,54000,2,4,2,1497
161,9,2016,59,327000.0,55,24,1,5.0,2,5,199,110267,2,4,2,1198
162,84,2018,39,505000.0,87,17,1,6.0,7,5,119,31767,5,4,1,1198
163,63,2018,103,640000.0,100,8,1,5.0,7,5,64,45677,2,4,2,1199
164,116,2017,42,449000.0,51,20,1,5.0,2,5,142,66656,2,4,1,998
165,57,2019,101,725000.0,73,8,1,5.0,8,5,54,27000,2,1,1,1498
166,110,2021,47,495000.0,37,27,1,5.0,2,5,210,37004,2,4,1,999
167,116,2011,26,271000.0,38,9,1,5.0,2,5,82,85274,2,4,2,1197
168,86,2017,142,940000.0,134,9,1,5.0,7,5,68,60000,5,1,2,1582
169,138,2017,202,799000.0,71,8,1,5.0,8,5,58,42000,2,4,1,1497
170,86,2022,153,1850000.0,140,9,1,5.0,7,5,68,20000,5,1,1,1493
171,86,2022,233,2000000.0,148,13,0,7.0,4,5,97,30000,5,1,1,1493
172,8,2017,377,4500000.0,199,21,0,5.0,8,5,174,25000,2,1,1,1950
173,86,2014,248,700000.0,215,17,1,7.0,7,5,131,80000,5,1,3,2179
174,86,2015,172,585000.0,77,9,1,5.0,8,5,80,60000,5,4,2,1591
175,138,2022,256,2050000.0,220,29,1,5.0,7,5,228,20000,5,1,1,1956
176,86,2022,274,1990000.0,184,16,0,5.0,7,5,113,20000,5,4,1,1451
177,86,2022,274,1990000.0,184,16,0,5.0,7,5,113,20000,5,4,1,1451
178,9,2020,153,1445000.0,140,9,1,5.0,7,5,68,55037,4,1,2,1493
179,116,2018,31,451000.0,48,9,1,5.0,2,5,75,65607,6,4,1,1086
180,86,2016,87,631000.0,100,9,1,5.0,2,5,83,74777,2,4,1,1197
181,116,2012,140,411000.00000000006,73,30,1,5.0,8,5,249,102392,2,4,2,1496
182,138,2015,179,500000.0,76,28,1,5.0,8,5,221,90210,2,1,1,1498
183,116,2014,101,488000.0,101,20,1,5.0,8,5,159,62373,4,4,1,1197
184,86,2015,101,460000.0,84,29,1,5.0,8,5,245,80000,5,1,1,1248
185,116,2018,42,514000.0,51,20,0,5.0,2,5,142,25219,2,4,2,998
186,116,2014,68,508000.0,103,20,1,5.0,2,5,158,64409,4,1,3,1248
187,9,2018,98,865000.0,156,29,1,5.0,7,5,237,52000,2,1,1,1497
188,9,2018,218,855000.0000000001,95,20,0,5.0,8,5,144,30000,2,4,2,1462
189,9,2020,398,11800000.0,207,21,0,5.0,8,5,184,14000,2,1,1,2925
190,9,2019,100,925000.0,126,9,1,5.0,7,5,79,48574,2,1,1,1396
191,62,2012,191,510000.0,72,8,0,5.0,8,5,58,71423,2,4,1,1497
192,116,2020,377,5700000.0,199,21,0,5.0,8,5,174,30000,2,1,1,1950
193,138,2013,28,350000.0,26,20,1,5.0,2,5,163,75498,2,4,1,998
194,138,2017,203,630000.0,73,8,1,5.0,8,5,58,95963,5,4,1,1497
195,9,2015,29,410000.0,26,20,1,5.0,2,5,163,46613,2,4,1,998
196,110,2017,103,725000.0,100,8,1,5.0,7,5,64,30000,5,4,1,1199
197,8,2015,93,466000.0,60,8,1,5.0,8,5,54,18722,2,4,1,1198
198,138,2023,157,1864000.0,148,13,0,5.0,7,5,99,5593,2,4,1,1353
199,55,2017,180,2700000.0,252,0,0,5.0,7,5,6,40000,5,1,1,1968
200,9,2021,42,503000.0,51,20,1,5.0,2,5,142,20875,4,4,1,998
201,8,2018,40,309000.0,37,27,1,5.0,2,5,210,46436,4,4,2,799
202,116,2016,203,640000.0,73,8,0,5.0,8,5,58,127672,5,4,1,1497
203,56,2021,100,841000.0,126,9,1,5.0,7,5,79,12814,4,4,1,1197
204,9,2022,281,1890000.0,220,29,1,7.0,7,5,236,26000,4,1,1,1956
205,116,2011,26,288000.0,38,9,1,5.0,2,5,82,45851,2,4,1,1197
206,9,2021,100,940000.0,126,9,1,5.0,7,5,79,36349,2,4,1,998
207,57,2018,84,844999.9999999999,61,31,0,5.0,2,5,264,35000,2,4,1,1197
208,9,2021,281,2056000.0,220,29,0,7.0,7,5,236,17059,2,1,1,1956
209,138,2019,356,7700000.0,305,1,0,5.0,7,5,20,37000,2,1,1,2993
210,57,2016,29,400000.0,26,20,1,5.0,2,5,163,48163,2,4,2,998
211,86,2013,101,425000.0,73,20,1,5.0,8,5,159,40000,5,4,3,1197
212,86,2008,127,200000.0,41,29,1,5.0,8,5,232,150000,5,1,2,1405
213,55,2020,84,750000.0,61,31,1,5.0,2,5,264,20000,5,4,1,999
214,138,2019,142,1689999.9999999998,134,9,0,5.0,7,5,68,47000,2,1,1,1582
215,110,2013,26,310000.0,38,9,1,5.0,2,5,82,112711,2,4,1,1197
216,14,2020,317,3900000.0,197,30,0,7.0,7,5,252,53000,2,1,1,2755
217,110,2016,42,437000.0,51,20,0,5.0,2,5,142,65895,2,4,2,998
218,138,2022,100,1026000.0,169,17,0,5.0,7,5,130,15625,2,4,1,1197
219,57,2015,68,560000.0,103,20,1,5.0,2,5,158,107595,5,1,1,1248
220,110,2017,43,532000.0,67,20,1,5.0,2,5,151,23838,2,4,1,1197
221,110,2015,20,323000.0,23,20,1,5.0,2,5,138,28975,4,4,1,998
222,110,2018,103,770000.0,100,8,1,5.0,7,5,64,30742,5,4,1,1199
223,116,2022,24,492000.0,29,20,1,5.0,2,5,155,10363,2,4,1,998
224,86,2015,203,650000.0,73,8,1,5.0,8,5,58,100000,5,4,1,1497
225,116,2016,203,633000.0,73,8,1,5.0,8,5,58,75555,2,4,1,1497
226,116,2018,142,982000.0,134,9,1,5.0,7,5,68,60929,5,4,2,1591
227,138,2009,348,1350000.0,301,1,0,5.0,7,5,20,78000,2,1,2,2993
228,86,2017,101,900000.0,140,20,1,5.0,7,5,162,120000,5,1,1,1248
229,116,2014,93,370000.0,60,8,1,5.0,8,5,54,143185,2,1,1,1498
230,9,2017,219,620000.0,96,20,1,5.0,8,5,144,115434,2,4,1,1373
231,9,2018,43,480000.0,65,20,1,5.0,2,5,151,43000,5,4,1,1197
232,110,2015,32,430000.0,60,8,1,5.0,2,5,56,63309,5,4,1,1198
233,86,2015,68,500000.0,103,20,1,5.0,2,5,158,150000,5,1,1,1248
234,138,2019,392,7600000.0,293,1,0,5.0,8,5,16,53000,2,1,1,2993
235,9,2019,101,790000.0,110,20,1,5.0,2,5,139,39386,5,4,1,1197
236,138,2018,382,5200000.0,296,1,0,4.0,8,5,15,42000,2,1,1,2993
237,9,2021,94,776000.0,105,27,0,7.0,4,5,215,29257,2,4,1,999
238,116,2017,101,702000.0,110,20,0,5.0,2,5,139,61829,2,4,1,1197
239,57,2014,23,290000.0,28,20,1,5.0,2,5,138,83901,2,4,1,998
240,116,2014,42,383000.0,51,20,1,5.0,2,5,142,33295,5,4,1,998
241,9,2015,42,411000.00000000006,51,20,1,5.0,2,5,142,33610,2,4,1,998
242,57,2014,219,615000.0,96,20,1,5.0,8,5,144,95600,2,1,1,1248
243,116,2018,48,515000.00000000006,50,29,1,5.0,2,5,242,20960,2,4,1,1199
244,9,2016,301,2575000.0,177,1,0,5.0,8,5,11,66000,2,1,1,1995
245,138,2015,87,507000.0,100,9,1,5.0,2,5,83,85105,5,4,2,1197
246,9,2016,15,322000.0,32,9,1,5.0,2,5,69,44519,4,4,2,814
247,57,2017,101,575000.0,110,20,1,5.0,2,5,139,54024,2,4,1,1197
248,110,2020,101,850000.0,110,20,1,5.0,2,5,139,20027,2,4,1,1197
249,9,2019,359,3700000.0,270,0,0,5.0,8,5,4,44000,2,1,1,1968
250,8,2014,178,1800000.0,252,0,0,5.0,7,5,6,58000,2,1,1,1968
251,110,2013,93,425000.0,60,8,1,5.0,8,5,54,67905,2,1,1,1498
252,57,2017,101,650000.0,110,20,1,5.0,2,5,139,62604,5,4,1,1197
253,86,2009,114,750000.0,13,30,1,7.0,4,5,255,120000,5,1,1,2494
254,57,2014,93,450000.0,60,8,1,5.0,8,5,54,105781,2,1,1,1498
255,110,2017,219,720000.0,96,20,1,5.0,8,5,144,68724,5,4,1,1373
256,57,2014,45,425000.0,44,20,0,5.0,2,5,142,67000,2,4,1,998
257,110,2010,26,235000.0,38,9,1,5.0,2,5,82,110273,2,4,2,1197
258,110,2016,45,437000.0,44,20,0,5.0,2,5,142,65628,2,4,2,998
259,57,2014,84,410000.0,61,31,1,5.0,2,5,264,106075,5,4,1,1198
260,9,2022,43,731000.0,65,20,1,5.0,2,5,151,6023,2,4,1,1197
261,110,2018,48,502000.0,50,29,1,5.0,2,5,242,38999,2,4,2,1199
262,116,2018,307,2050000.0,180,30,1,7.0,4,5,256,105000,2,1,1,2393
263,8,2022,281,1963000.0,220,29,0,7.0,7,5,236,7811,2,1,1,1956
264,20,2011,33,222000.00000000003,22,20,1,5.0,2,5,138,58747,2,4,2,998
265,138,2019,255,1497000.0,219,29,1,5.0,7,5,228,34965,2,1,1,1956
266,9,2015,103,529000.0,123,6,1,5.0,7,5,47,106360,2,1,2,1498
267,57,2010,52,210000.0,60,20,1,5.0,2,5,154,162049,2,4,2,1197
268,9,2020,358,7450000.0,295,21,0,5.0,7,5,181,30000,2,1,1,1950
269,9,2021,99,975000.0,139,30,1,5.0,7,5,258,26000,2,4,1,1462
270,138,2020,157,1450000.0,148,13,0,5.0,7,5,99,25000,2,4,1,1497
271,9,2021,278,6200000.0,215,21,0,5.0,7,5,179,35000,2,1,1,1950
272,57,2020,68,595000.0,103,20,1,5.0,2,5,158,57000,2,4,1,1197
273,138,2017,142,767000.0,134,9,1,5.0,7,5,68,49000,5,4,1,1591
274,110,2022,101,825000.0,130,9,1,5.0,2,5,83,30000,2,4,1,1197
275,86,2002,31,45000.0,48,9,1,5.0,2,5,75,120000,5,4,3,1086
276,86,2014,26,335000.0,38,9,0,5.0,2,5,82,40000,5,4,3,1197
277,84,2015,82,558000.0,70,8,0,5.0,2,5,61,53250,2,4,1,1199
278,8,2022,51,649000.0,57,29,1,5.0,2,5,242,8848,4,4,1,1199
279,8,2022,256,2250000.0,220,29,0,5.0,7,5,228,3000,2,1,1,1956
280,110,2021,189,1110000.0,76,28,1,5.0,8,5,221,34628,4,4,1,999
281,116,2022,43,672000.0,65,20,1,5.0,2,5,151,8579,4,4,1,1197
282,138,2022,94,675000.0,105,27,1,7.0,4,5,215,17000,2,4,1,999
283,14,2017,203,795000.0,73,8,1,5.0,8,5,58,40021,5,4,1,1497
284,138,2021,391,11299999.999999998,295,21,0,7.0,7,5,182,52000,2,1,1,2925
285,110,2017,87,587000.0,100,9,1,5.0,2,5,83,46946,2,4,2,1197
286,116,2019,81,807000.0,69,8,0,5.0,2,5,61,30772,2,4,1,1199
287,110,2012,57,260000.0,60,6,1,5.0,2,5,51,74008,2,1,1,1399
288,9,2017,101,760000.0,103,20,1,5.0,8,5,159,31000,2,1,1,1248
289,86,2022,101,1070000.0,110,17,1,7.0,7,5,116,20000,5,1,1,1493
290,86,2020,101,650000.0,110,20,1,5.0,2,5,139,20000,5,4,2,1197
291,84,2020,24,520000.0,29,20,0,5.0,2,5,155,31137,5,4,1,998
292,86,2011,129,350000.0,67,20,1,5.0,8,5,159,90000,5,1,1,1248
293,138,2015,142,875000.0,134,9,1,5.0,7,5,68,77000,2,4,1,1591
294,138,2019,328,4350000.0,178,1,0,5.0,8,5,12,16000,2,1,1,1995
295,110,2018,248,1450000.0,215,17,0,7.0,7,5,131,23000,2,1,1,2179
296,8,2022,87,1725000.0,197,17,1,4.0,7,5,128,9000,2,4,1,1997
297,138,2018,10,302000.0,33,4,1,5.0,2,5,36,28733,5,4,1,799
298,138,2018,203,1060000.0,93,9,0,5.0,8,5,80,61828,6,1,1,1582
299,86,2007,114,600000.0,13,30,1,8.0,4,5,255,150000,5,1,2,2494
300,66,2022,97,722000.0,57,29,1,5.0,8,5,244,60431,2,4,1,1199
301,9,2018,45,463000.0,44,20,1,5.0,2,5,143,53269,2,4,1,998
302,138,2021,274,1770000.0,184,16,0,5.0,7,5,113,38000,2,4,1,1451
303,116,2019,101,627000.0,73,8,1,5.0,8,5,54,37778,5,4,2,1199
304,57,2017,101,575000.0,110,20,1,5.0,2,5,139,54024,5,4,1,1197
305,116,2018,98,658000.0,156,29,1,5.0,7,5,237,85941,5,4,2,1198
306,84,2018,45,477000.0,44,20,0,5.0,2,5,143,89329,2,4,1,998
307,86,2019,48,500000.0,50,29,1,5.0,2,5,242,40000,5,4,2,1199
308,138,2017,68,650000.0,103,20,1,5.0,2,5,158,17000,2,4,1,1197
309,9,2017,43,455000.0,67,20,1,5.0,2,5,151,83887,2,4,1,1197
310,86,2015,101,475000.0,120,9,1,5.0,2,5,84,150000,5,1,1,1396
311,138,2021,306,2800000.0,179,30,0,7.0,4,5,256,39000,2,1,1,2393
312,57,2018,203,975000.0,93,9,0,5.0,8,5,80,23000,2,4,1,1591
313,138,2017,203,750000.0,93,9,1,5.0,8,5,80,80000,5,4,1,1591
314,50,2016,45,485000.0,44,20,0,5.0,2,5,142,34000,2,4,1,998
315,9,2017,45,460000.0,44,20,1,5.0,2,5,142,29973,2,4,1,998
316,86,2021,237,1265000.0,112,8,1,5.0,8,5,58,30000,5,4,1,1498
317,138,2016,101,567000.0,120,9,1,5.0,2,5,84,80805,2,1,2,1396
318,116,2020,48,619000.0,50,29,1,5.0,2,5,242,26235,2,4,1,1199
319,138,2017,203,630000.0,73,8,1,5.0,8,5,58,95963,5,4,0,1497
320,110,2018,142,835000.0,134,9,1,5.0,7,5,68,83294,2,4,1,1591
321,138,2021,274,1703000.0,184,16,1,5.0,7,5,113,17963,4,1,2,1956
322,57,2019,101,635000.0,110,20,1,5.0,2,5,139,102696,2,4,1,1197
323,110,2019,87,635000.0,100,9,1,5.0,2,5,83,57206,2,1,2,1396
324,86,2013,57,300000.0,60,6,1,5.0,2,5,51,120000,5,1,2,1399
325,110,2017,87,657000.0,100,9,1,5.0,2,5,83,81829,2,4,1,1197
326,110,2014,42,390000.0,51,20,1,5.0,2,5,142,54395,4,4,2,998
327,86,2019,95,620000.0,58,29,1,5.0,8,5,244,50000,5,1,1,1047
328,86,2017,101,465000.00000000006,61,31,1,5.0,8,5,260,70000,5,4,2,1198
329,138,2015,87,590000.0,100,9,1,5.0,2,5,83,36000,2,4,1,1197
330,116,2016,364,950000.0,148,10,1,7.0,7,5,87,125000,2,1,2,2999
331,110,2018,266,2150000.0,256,21,0,5.0,8,5,172,75000,2,1,2,2143
332,138,2018,380,4600000.0,266,21,0,5.0,8,5,174,45007,2,1,1,1950
333,130,2016,101,490000.00000000006,73,8,1,5.0,8,5,54,49617,2,4,1,1199
334,110,2016,140,620000.0,73,30,1,5.0,8,5,249,57782,2,4,1,1496
335,138,2015,330,1950000.0,163,28,0,5.0,8,5,223,38000,2,1,1,1968
336,86,2008,333,680000.0,190,1,0,5.0,8,5,14,110000,5,1,3,2993
337,14,2018,82,594000.0,70,8,1,5.0,2,5,61,22066,4,4,2,1199
338,138,2016,87,536000.0,100,9,1,5.0,2,5,83,65707,2,4,1,1197
339,116,2015,45,365000.0,44,20,1,5.0,2,5,142,89488,5,4,1,998
340,9,2017,43,544000.0,67,20,0,5.0,2,5,151,88663,2,4,2,1197
341,116,2020,48,566000.0,50,29,1,5.0,2,5,242,31679,2,4,1,1199
342,9,2013,51,420000.0,52,9,1,5.0,2,5,72,68178,2,4,1,1197
343,110,2017,203,748000.0,73,8,1,5.0,8,5,58,61279,2,4,2,1497
344,116,2021,101,880000.0000000001,73,8,1,5.0,8,5,54,8963,2,4,1,1199
345,116,2017,101,616000.0,103,20,1,5.0,8,5,159,80281,5,4,1,1197
346,138,2020,274,1554000.0,184,16,1,5.0,7,5,113,50580,4,4,1,1451
347,9,2014,124,2100000.0,138,22,0,5.0,2,5,188,21000,2,4,1,1598
348,9,2016,180,2175000.0,252,0,0,5.0,7,5,6,55000,2,1,1,1968
349,116,2018,325,4200000.0,292,21,0,5.0,7,5,181,70000,5,1,2,2143
350,9,2019,282,4300000.0,291,0,0,5.0,7,5,7,58000,2,4,1,1984
351,57,2018,181,725000.0,76,31,1,5.0,8,5,269,65224,2,4,1,1598
352,86,2010,45,275000.0,60,20,1,5.0,2,5,154,120000,5,4,1,1197
353,14,2018,348,5750000.0,234,1,0,5.0,7,5,20,42001,2,1,1,2993
354,9,2017,101,635000.0,73,20,1,5.0,8,5,159,30316,2,4,1,1197
355,14,2013,345,1800000.0,196,21,0,5.0,8,5,174,64000,2,1,3,2143
356,116,2015,268,1900000.0,274,32,0,5.0,8,5,272,40000,2,1,1,1984
357,116,2017,69,510000.0,101,20,1,5.0,2,5,158,100526,2,4,1,1197
358,116,2021,69,817000.0,101,20,1,5.0,2,5,158,17273,2,4,1,1197
359,138,2018,153,850000.0,136,20,1,5.0,7,5,157,107737,5,1,1,1248
360,84,2016,103,539000.0,123,6,1,5.0,7,5,47,111586,2,4,2,1499
361,116,2017,101,538000.0,110,20,0,5.0,2,5,139,73369,4,4,2,1197
362,110,2012,15,235000.0,22,20,1,5.0,2,5,136,63697,2,4,1,796
363,9,2018,87,666000.0,100,9,1,5.0,2,5,83,45224,2,4,1,1197
364,19,2010,57,210000.0,60,6,1,5.0,2,5,51,110701,2,1,2,1399
365,116,2016,29,413000.0,26,20,1,5.0,2,5,163,49124,4,4,2,998
366,110,2016,101,505000.0,101,20,1,5.0,8,5,159,96861,2,4,1,1197
367,9,2009,26,300000.0,38,9,1,5.0,2,5,82,64636,2,4,2,1197
368,138,2014,355,890000.0,270,0,0,5.0,8,5,4,134000,5,1,1,1968
369,138,2002,7,140000.0,20,20,1,4.0,2,5,134,20000,2,4,1,796
370,14,2022,94,810000.0,113,27,0,5.0,7,5,211,14118,2,4,1,999
371,8,2023,313,4100000.0,198,12,0,7.0,7,5,95,1200,2,1,1,1956
372,57,2018,102,725000.0,123,6,0,5.0,7,5,47,36000,2,4,2,1497
373,138,2022,134,1755000.0,120,28,0,5.0,7,5,218,10000,2,4,1,999
374,138,2019,157,1050000.0,148,13,1,5.0,7,5,99,50000,5,4,1,1497
375,14,2021,99,1000000.0,139,30,1,5.0,7,5,258,30000,5,4,1,1462
376,57,2018,189,850000.0,76,28,0,5.0,8,5,221,29000,5,4,1,1598
377,116,2014,87,508000.0,100,9,1,5.0,2,5,83,55940,5,4,2,1197
378,57,2018,203,851000.0,73,8,1,5.0,8,5,58,115915,4,1,2,1498
379,138,2022,46,625000.0,36,27,0,5.0,2,5,210,1000,2,4,1,999
380,84,2016,82,560000.0,70,8,0,5.0,2,5,61,96184,2,4,2,1199
381,116,2014,26,335000.0,38,9,1,5.0,2,5,82,87780,2,4,1,1086
382,138,2015,87,445000.0,100,9,1,5.0,2,5,83,118921,2,4,1,1197
383,110,2019,102,830000.0000000001,123,6,1,5.0,7,5,47,73834,2,1,2,1498
384,8,2022,87,1789999.9999999998,197,17,0,4.0,7,5,128,20000,2,1,1,2184
385,9,2016,101,630000.0,110,20,1,5.0,2,5,139,38514,2,4,1,1197
386,116,2016,101,527000.0,101,20,1,5.0,8,5,159,74401,2,4,2,1197
387,86,2020,153,1320000.0,140,9,0,5.0,7,5,68,40000,5,4,1,1353
388,116,2022,69,860000.0,101,20,1,5.0,2,5,158,9000,2,4,1,1197
389,86,2017,142,766000.0,134,9,1,5.0,7,5,68,50000,5,4,1,1591
390,55,2020,101,610000.0,101,20,1,5.0,8,5,159,40000,5,4,1,1197
391,86,2015,179,475000.0,76,28,0,5.0,8,5,221,80000,5,1,3,1498
392,138,2014,51,390000.0,52,9,1,5.0,2,5,72,82000,5,4,2,1197
393,57,2020,101,680000.0,59,9,0,5.0,8,5,67,32947,2,4,1,1197
394,56,2022,313,3150000.0,198,12,1,7.0,7,5,95,9000,2,1,1,1956
395,138,2018,203,855000.0000000001,93,9,1,5.0,8,5,80,25000,2,4,1,1591
396,55,2022,204,1200000.0,130,20,1,6.0,4,5,165,10000,5,4,1,1462
397,110,2022,234,1786000.0,116,28,1,5.0,8,5,222,8413,6,4,1,1498
398,110,2016,87,614000.0,100,9,1,5.0,2,5,83,34460,2,4,1,1197
399,50,2010,129,340000.0,67,20,1,5.0,8,5,159,33886,2,4,1,1298
400,110,2016,101,558000.0,120,9,1,5.0,2,5,84,57910,5,4,2,1197
401,9,2020,94,650000.0,105,27,1,7.0,4,5,215,46233,2,4,2,999
402,116,2017,237,950000.0,112,8,0,5.0,8,5,58,60000,2,4,1,1498
403,110,2021,69,710000.0,101,20,1,5.0,2,5,158,48979,4,4,1,1197
404,110,2019,274,1700000.0,184,16,0,5.0,7,5,113,42000,2,4,1,1451
405,116,2016,103,684000.0,123,6,1,5.0,7,5,47,106165,2,1,1,1498
406,116,2018,10,309000.0,33,4,1,5.0,2,5,36,91261,4,4,1,799
407,9,2018,42,500000.0,39,20,1,5.0,2,5,142,36711,2,4,1,998
408,110,2021,324,5500000.0,176,1,0,5.0,8,5,13,9000,2,4,1,1998
409,9,2018,101,650000.0,110,20,1,5.0,2,5,139,30428,5,4,0,1197
410,14,2018,40,360000.0,37,27,1,5.0,2,5,210,49791,2,4,1,999
411,86,2021,303,1875000.0,184,16,1,6.0,7,5,114,40000,5,1,1,1956
412,86,2014,101,450000.0,52,9,1,5.0,8,5,81,40000,5,4,2,1197
413,86,2018,101,660000.0,110,20,0,5.0,2,5,139,50000,5,4,2,1197
414,86,2019,101,950000.0,140,20,1,5.0,7,5,162,60000,5,1,1,1248
415,86,2017,101,500000.0,61,31,1,5.0,8,5,260,60000,5,4,1,1198
416,110,2017,351,2390000.0,199,6,0,7.0,7,5,48,70000,5,1,1,2198
417,116,2014,29,361000.0,26,20,1,5.0,2,5,163,107158,5,4,2,998
418,9,2019,51,549000.0,52,9,1,5.0,2,5,72,90811,5,4,1,1197
419,8,2012,57,210000.0,60,6,1,5.0,2,5,51,76454,2,4,3,1196
420,116,2021,69,704000.0,101,20,1,5.0,2,5,158,57464,4,4,1,1197
421,57,2019,101,729000.0,73,8,1,5.0,8,5,54,95072,2,4,1,1199
422,116,2014,203,700000.0,73,8,0,5.0,8,5,58,51789,2,4,1,1497
423,138,2018,87,619000.0,100,9,1,5.0,2,5,83,56028,4,4,2,1197
424,86,2017,203,725000.0,73,8,1,5.0,8,5,58,60000,5,4,1,1497
425,86,2020,62,621000.0,59,9,1,5.0,2,5,73,36460,6,4,1,1197
426,56,2020,101,685000.0,73,8,1,5.0,8,5,54,103249,6,4,1,1199
427,57,2021,237,950000.0,112,8,1,5.0,8,5,58,45568,5,4,1,1498
428,66,2017,351,1850000.0,199,6,0,7.0,7,5,48,130000,2,1,1,2198
429,86,2021,303,1850000.0,184,16,1,6.0,7,5,114,60000,5,1,1,1956
430,138,2013,179,410000.0,76,28,1,5.0,8,5,221,100521,2,1,1,1598
431,14,2019,101,570000.0,61,31,1,5.0,8,5,260,42709,2,4,1,999
432,86,2016,101,550000.0,184,17,1,7.0,7,5,126,150000,5,1,2,1493
433,86,2015,203,600000.0,73,8,1,5.0,8,5,58,100000,5,4,1,1497
434,8,2009,110,226000.0,16,31,1,5.0,8,5,262,120000,5,1,3,1896
435,9,2018,242,1350000.0,148,9,0,5.0,8,5,70,30000,2,4,1,1999
436,86,2016,328,2600000.0,155,1,0,5.0,8,5,11,70000,5,1,1,1995
437,86,2014,51,365000.0,52,9,1,5.0,2,5,72,104279,5,4,1,1197
438,138,2018,101,707000.0,120,9,1,5.0,2,5,84,73321,2,4,1,1197
439,86,2017,203,800000.0,93,9,1,5.0,8,5,80,50000,5,4,1,1591
440,116,2018,31,520000.0,48,9,1,5.0,2,5,75,34279,6,4,1,1086
441,9,2016,87,602000.0,100,9,1,5.0,2,5,83,55040,2,4,2,1197
442,138,2018,203,1050000.0,93,9,0,5.0,8,5,80,39000,2,1,2,1582
443,110,2014,87,546000.0,100,9,1,5.0,2,5,83,104336,2,1,2,1396
444,138,2019,366,3475000.0,251,32,0,5.0,8,5,274,45000,2,1,3,1969
445,110,2020,237,1188000.0,112,8,1,5.0,8,5,58,69617,4,4,1,1498
446,9,2016,87,621000.0,100,9,1,5.0,2,5,83,47429,2,4,1,1197
447,57,2015,68,515000.00000000006,103,20,1,5.0,2,5,158,67000,2,4,1,1197
448,86,2016,84,600000.0,61,31,1,5.0,2,5,264,80000,5,4,1,1199
449,57,2018,84,775000.0,61,31,1,5.0,2,5,264,27000,2,4,1,999
450,9,2016,103,645000.0,123,6,1,5.0,7,5,47,56000,2,1,2,1498
451,138,2018,101,650000.0,73,8,1,5.0,8,5,54,33379,2,4,1,1199
452,9,2017,219,700000.0,96,20,1,5.0,8,5,144,80000,5,1,1,1248
453,86,2016,101,437000.0,52,9,1,5.0,8,5,81,90000,5,4,1,1197
454,110,2015,101,460000.0,52,9,1,5.0,8,5,81,50197,5,4,1,1197
455,86,2012,138,250000.0,56,9,1,5.0,8,5,65,80000,5,4,2,1495
456,14,2016,82,520000.0,70,8,1,5.0,2,5,61,60611,5,4,0,1199
457,138,2017,103,566000.0,123,6,1,5.0,7,5,47,61120,5,4,3,1499
458,86,2019,40,403000.0,37,27,1,5.0,2,5,210,55415,5,4,1,999
459,138,2018,305,4950000.0,299,11,0,5.0,7,5,89,52000,2,1,1,1999
460,14,2015,82,517000.0,70,8,1,5.0,2,5,61,48579,2,4,1,1199
461,110,2016,101,449000.0,52,9,1,5.0,8,5,81,59532,5,4,2,1197
462,131,2014,192,455000.0,73,8,1,5.0,8,5,58,200300,2,4,2,1497
463,138,2014,279,643000.0,133,31,1,5.0,8,5,262,113231,4,4,1,1390
464,116,2018,101,705000.0,184,17,1,7.0,7,5,126,106338,2,1,2,1493
465,9,2021,93,889000.0,117,29,1,5.0,2,5,225,40629,4,1,1,1497
466,110,2016,101,621000.0,73,20,0,5.0,8,5,159,73341,5,1,2,1248
467,8,2011,328,1400000.0,155,1,0,5.0,8,5,11,39001,2,1,2,1995
468,116,2014,203,630000.0,73,8,1,5.0,8,5,58,81532,2,4,1,1497
469,110,2015,202,530000.0,71,8,1,5.0,8,5,58,108818,5,4,1,1497
470,9,2017,101,678000.0,110,20,1,5.0,2,5,139,35419,5,4,1,1197
471,138,2011,287,1200000.0,253,21,0,5.0,8,5,171,80000,5,1,2,2143
472,116,2014,260,524000.0,158,27,1,5.0,8,5,209,100000,5,1,2,1461
473,138,2014,297,2150000.0,260,0,0,5.0,8,5,3,12000,2,1,1,1968
474,138,2011,172,675000.0,77,9,1,5.0,8,5,80,70001,2,1,1,1582
475,116,2014,101,470000.0,52,9,1,5.0,8,5,81,61331,2,1,1,1120
476,116,2014,93,530000.0,60,8,1,5.0,8,5,54,51438,5,1,1,1498
477,56,2019,31,463000.0,48,9,1,5.0,2,5,75,67988,2,4,1,1086
478,116,2019,81,727000.0,69,8,0,5.0,2,5,61,36032,6,4,2,1199
479,138,2015,202,515000.00000000006,71,8,1,5.0,8,5,58,114883,2,4,1,1497
480,116,2016,101,547000.0,101,20,1,5.0,8,5,159,88584,6,4,1,1197
481,110,2012,52,307000.0,60,20,1,5.0,2,5,154,97419,5,1,2,1248
482,86,2019,300,4800000.0,216,1,0,5.0,7,5,18,70000,5,4,1,1998
483,9,2015,103,529000.0,123,6,1,5.0,7,5,47,106498,2,1,2,1498
484,86,2019,300,4800000.0,216,1,0,5.0,7,5,18,70000,5,4,1,1998
485,138,2016,68,624000.0,103,20,1,5.0,2,5,158,68177,2,1,2,1248
486,138,2022,234,1816000.0,116,28,1,5.0,8,5,222,27524,6,4,1,1498
487,138,2017,153,850000.0,136,20,1,5.0,7,5,157,75471,2,1,1,1248
488,116,2021,101,745000.0,71,8,1,5.0,8,5,54,8000,2,4,1,1199
489,110,2022,233,1689999.9999999998,148,13,0,6.0,4,5,97,13200,2,4,1,1482
490,86,2021,153,1150000.0,140,9,1,5.0,7,5,68,20000,5,4,1,1497
491,116,2022,223,3000000.0,276,3,0,5.0,7,5,33,20000,5,1,1,1997
492,57,2017,23,310000.0,28,20,1,5.0,2,5,138,60730,2,4,1,998
493,57,2016,101,495000.0,73,20,1,5.0,8,5,159,44494,2,4,2,1197
494,55,2017,149,800000.0,73,20,1,7.0,4,5,146,20000,5,4,1,1373
495,57,2019,98,825000.0,156,29,0,5.0,7,5,237,45673,2,1,1,1497
496,138,2020,317,3575000.0,197,30,1,7.0,7,5,252,26000,2,1,1,2755
497,86,2017,174,774000.0,77,9,1,5.0,8,5,80,51878,4,4,1,1591
498,9,2017,65,525000.0,54,24,0,5.0,2,5,198,56747,4,4,1,1198
499,138,2018,68,600000.0,103,20,1,5.0,2,5,158,38000,2,4,1,1197
500,110,2016,87,582000.0,100,9,1,5.0,2,5,83,76457,6,4,2,1197
501,138,2017,82,551000.0,70,8,1,5.0,2,5,61,78880,2,4,2,1199
502,57,2015,101,525000.0,73,20,1,5.0,8,5,159,19593,2,4,1,1197
503,116,2016,87,583000.0,100,9,1,5.0,2,5,83,84429,6,4,1,1197
504,116,2021,101,825000.0,130,9,1,5.0,2,5,83,27599,5,1,1,1493
505,138,2020,94,670000.0,105,27,1,7.0,4,5,215,76898,6,4,1,999
506,116,2013,83,396000.0,61,31,1,5.0,2,5,264,119070,2,4,2,1198
507,138,2004,1,49000.0,3,29,1,5.0,2,5,230,120000,5,1,2,1405
508,138,2017,101,590000.0,73,20,1,5.0,8,5,159,32199,5,4,1,1197
509,84,2016,48,400000.0,50,29,1,5.0,2,5,242,85607,2,4,1,1199
510,86,2019,101,700000.0,110,20,1,5.0,2,5,139,30000,5,4,1,1197
511,86,2017,101,700000.0,184,17,1,7.0,7,5,126,80000,5,1,1,1493
512,138,2019,208,1150000.0,167,17,1,7.0,7,5,124,1200000,2,1,1,2179
513,116,2016,82,595000.0,70,8,0,5.0,2,5,61,45429,2,4,1,1199
514,110,2019,47,460000.0,36,27,1,5.0,2,5,210,9000,2,4,1,799
515,57,2019,14,395000.0,24,20,1,5.0,2,5,137,31000,2,4,1,796
516,110,2013,84,435000.0,61,31,1,5.0,2,5,264,81488,2,1,1,1498
517,110,2019,84,666000.0,61,31,1,5.0,2,5,264,94439,4,4,1,999
518,116,2013,69,380000.0,101,20,1,5.0,2,5,158,98481,5,4,3,1197
519,86,2018,101,700000.0,110,20,1,5.0,2,5,139,20000,5,4,1,1197
520,14,2016,181,692000.0,76,31,0,5.0,8,5,269,100894,2,1,2,1498
521,116,2016,68,590000.0,103,20,1,5.0,2,5,158,86215,5,1,1,1248
522,116,2006,105,125000.0,6,6,1,5.0,8,5,49,120000,5,1,2,1399
523,138,2017,84,520000.0,61,31,1,5.0,2,5,264,98115,4,4,2,1199
524,57,2019,129,695000.0,67,20,1,5.0,8,5,159,47125,5,4,1,1298
525,66,2022,37,607000.0,42,20,1,5.0,2,5,163,4453,4,4,1,1197
526,9,2022,67,688000.0,108,29,1,5.0,7,5,238,9991,4,4,1,1199
527,116,2021,28,660000.0,22,20,1,5.0,2,5,163,4564,2,4,1,998
528,110,2012,57,250000.0,60,6,1,5.0,2,5,51,108713,2,1,1,1399
529,116,2021,237,1245000.0,112,8,1,5.0,8,5,58,13000,2,4,1,1498
530,116,2017,103,575000.0,100,8,1,5.0,7,5,64,55450,2,4,2,1199
531,57,2016,142,844999.9999999999,134,9,1,5.0,7,5,68,49000,2,4,1,1591
532,110,2015,101,405000.0,52,9,1,5.0,8,5,81,86694,2,4,1,1197
533,138,2013,101,300000.0,73,20,1,5.0,8,5,159,150000,5,1,2,1248
534,116,2019,202,925000.0,71,8,1,5.0,8,5,58,25284,5,4,0,1497
535,86,2021,101,750000.0,110,30,1,5.0,2,5,253,30000,5,4,1,1197
536,15,2015,262,1300000.0,255,1,0,5.0,8,5,11,109000,5,1,2,1995
537,8,2022,233,1714000.0,148,13,1,6.0,4,5,97,4605,2,4,1,1353
538,116,2020,101,928000.0,139,13,1,5.0,7,5,100,49218,2,4,1,998
539,57,2021,237,950000.0,112,8,1,5.0,8,5,58,45568,2,4,1,1498
540,116,2022,67,702000.0,108,29,1,5.0,7,5,238,36035,4,4,1,1199
541,116,2020,101,844999.9999999999,170,17,1,5.0,7,5,130,45242,2,1,1,1497
542,138,2018,257,3475000.0,298,14,0,7.0,7,5,103,38000,2,1,2,2179
543,57,2019,48,513000.0,50,29,0,5.0,2,5,242,52979,2,4,1,1199
544,116,2015,101,570000.0,73,8,1,5.0,8,5,54,67130,5,1,2,1498
545,116,2018,209,851000.0,103,8,1,7.0,7,5,55,19595,2,4,1,1497
546,138,2022,324,5790000.0,176,1,0,5.0,8,5,13,15000,2,1,1,1995
547,57,2014,45,370000.0,44,20,1,5.0,2,5,142,67558,2,4,1,998
548,86,2021,223,1900000.0,140,9,1,6.0,7,5,66,40000,5,4,1,1999
549,8,2014,84,460000.0,61,31,1,5.0,2,5,264,55664,2,4,1,1198
550,8,2014,84,460000.0,61,31,1,5.0,2,5,264,55664,5,4,1,1198
551,57,2013,77,365000.0,85,9,1,5.0,2,5,83,109324,2,1,1,1396
552,8,2018,295,2600000.0,212,28,0,7.0,7,5,217,118008,2,1,1,1968
553,138,2016,157,790000.0,173,27,1,5.0,7,5,208,72000,2,1,1,1461
554,9,2013,70,450000.0,73,20,1,5.0,2,5,158,86630,2,1,1,1248
555,9,2014,29,370000.0,26,20,1,5.0,2,5,163,82476,2,4,1,998
556,138,2019,62,665000.0,59,9,0,5.0,2,5,73,27749,4,4,2,1197
557,110,2020,100,1036000.0,126,9,0,5.0,7,5,79,21609,4,4,1,998
558,138,2019,142,875000.0,67,8,1,5.0,8,5,58,89609,5,4,1,1493
559,116,2019,80,539000.0,104,6,1,5.0,2,5,52,83556,2,1,2,1498
560,56,2022,67,847000.0000000001,108,29,1,5.0,7,5,238,31513,4,4,1,1199
561,14,2016,202,755000.0,71,8,1,5.0,8,5,58,45939,5,4,1,1497
562,138,2020,51,496000.0,57,29,1,5.0,2,5,242,40531,5,4,1,1199
563,86,2009,122,375000.0,52,17,1,7.0,4,5,116,120000,5,1,3,2523
564,110,2020,101,1009000.0,140,20,0,5.0,7,5,162,17663,4,4,1,1462
565,66,2013,51,339000.0,52,9,1,5.0,2,5,72,77706,4,4,3,1197
566,138,2016,375,4900000.0,303,0,0,7.0,7,5,8,49000,2,1,1,2967
567,9,2019,363,6800000.0,291,32,0,7.0,7,5,276,60000,2,1,1,1969
568,9,2018,301,3400000.0,177,1,0,5.0,8,5,11,35000,2,1,1,1995
569,138,2018,305,5000000.0,299,11,0,5.0,7,5,89,54000,2,1,1,1999
570,86,2010,363,519000.00000000006,189,8,1,5.0,8,5,63,110000,5,4,1,2354
571,140,2013,381,2150000.0,300,0,0,7.0,7,5,8,135000,2,1,2,2967
572,116,2012,297,1450000.0,260,0,0,5.0,8,5,3,80000,2,1,1,1968
573,9,2018,153,825000.0,136,20,1,5.0,7,5,157,72020,5,1,1,1248
574,116,2017,307,1850000.0,180,30,1,7.0,4,5,256,98000,2,1,1,2393
575,110,2007,15,165000.0,22,20,1,5.0,2,5,136,36385,5,4,0,796
576,116,2022,223,1991000.0,140,9,1,7.0,7,5,66,4259,4,1,1,1493
577,8,2021,254,1994000.0,218,29,0,5.0,7,5,228,12925,4,1,1,1956
578,66,2022,131,1645000.0,120,31,0,5.0,7,5,266,27000,2,4,1,1498
579,110,2019,98,719000.0,156,29,1,5.0,7,5,237,27425,2,4,2,1198
580,110,2021,42,633000.0,51,20,0,5.0,2,5,142,13126,6,4,1,998
581,116,2018,182,799000.0,102,20,1,7.0,4,5,146,57000,5,4,1,1462
582,116,2020,101,861000.0,110,20,0,5.0,2,5,139,24500,2,4,2,1197
583,55,2020,101,610000.0,101,20,1,5.0,8,5,159,40000,5,4,1,1197
584,138,2021,94,749000.0,105,27,1,7.0,4,5,215,27216,6,4,1,999
585,9,2021,51,648000.0,57,29,1,5.0,2,5,242,12060,2,4,1,1199
586,86,2009,129,250000.0,67,20,1,5.0,8,5,159,150000,5,1,1,1248
587,110,2012,15,265000.0,32,9,1,5.0,2,5,69,46931,2,4,2,814
588,57,2014,83,490000.00000000006,61,31,1,5.0,2,5,264,60000,2,4,1,1198
589,8,2020,157,1590000.0,148,13,1,5.0,7,5,99,45787,5,4,1,1353
590,86,2009,89,114000.0,41,29,1,5.0,8,5,232,80000,5,4,2,1396
591,116,2014,93,475000.0,60,8,1,5.0,8,5,54,44000,2,1,1,1498
592,138,2020,101,973000.0,73,8,0,5.0,8,5,54,4786,5,4,1,1199
593,57,2018,87,630000.0,100,9,1,5.0,2,5,83,39024,2,4,1,1197
594,9,2022,324,5850000.0,176,1,0,5.0,8,5,13,6000,2,4,1,1998
595,137,2014,6,150000.0,26,29,1,4.0,2,5,235,40000,5,4,1,624
596,138,2018,142,827000.0,134,9,1,5.0,7,5,68,114386,5,4,1,1591
597,86,2022,94,715000.0,105,27,1,7.0,4,5,215,27369,4,4,1,999
598,106,2019,307,2100000.0,180,30,1,7.0,4,5,256,58000,2,1,1,2393
599,9,2019,51,569000.0,52,9,1,5.0,2,5,72,16561,2,4,2,1197
600,9,2021,47,490000.00000000006,37,27,1,5.0,2,5,210,23328,2,4,1,999
601,110,2020,24,485000.0,29,20,1,5.0,2,5,155,16473,2,4,1,998
602,116,2017,32,452000.0,60,8,1,5.0,2,5,56,46375,4,4,2,1198
603,110,2020,24,485000.0,29,20,1,5.0,2,5,155,16473,2,4,1,998
604,9,2017,101,622000.0,110,20,0,5.0,2,5,139,91799,2,4,1,1197
605,110,2016,87,554000.0,100,9,1,5.0,2,5,83,38919,2,4,3,1197
606,57,2016,28,375000.0,22,20,1,5.0,2,5,163,70235,2,4,1,998
607,51,2020,101,967000.0,73,8,0,5.0,8,5,54,3989,5,4,1,1199
608,131,2015,101,475000.0,73,8,1,5.0,8,5,54,91773,2,1,1,1498
609,86,2019,13,320000.0,27,20,1,5.0,2,5,137,60000,5,4,2,796
610,116,2018,101,695000.0,73,8,1,5.0,8,5,54,28906,2,4,1,1199
611,9,2016,30,350000.0,39,20,1,5.0,2,5,142,150000,5,1,1,793
612,86,2009,77,250000.0,85,9,1,5.0,2,5,83,70000,5,4,3,1197
613,84,2017,248,1250000.0,215,17,1,7.0,7,5,131,70000,2,1,1,2179
614,57,2014,9,260000.0,24,20,1,5.0,2,5,137,43428,5,4,1,796
615,138,2013,35,285000.0,38,2,1,5.0,2,5,24,67000,2,1,1,936
616,84,2017,101,616000.0,110,20,0,5.0,2,5,139,70528,2,4,1,1197
617,138,2016,87,594000.0,100,9,1,5.0,2,5,83,35413,5,4,1,1197
618,86,2018,11,320000.0,28,20,1,5.0,2,5,137,40000,5,4,2,796
619,138,2017,82,647000.0,70,8,0,5.0,2,5,61,66285,5,4,1,1199
620,138,2019,157,1400000.0,148,13,0,5.0,7,5,99,83129,6,4,1,1353
621,138,2016,202,600000.0,71,8,1,5.0,8,5,58,87055,2,4,1,1497
622,86,2019,51,505000.0,52,9,1,5.0,2,5,72,37218,5,4,2,1197
623,86,2019,100,900000.0,126,9,1,5.0,7,5,79,60000,5,4,1,998
624,9,2019,87,730000.0,100,9,1,5.0,2,5,83,33640,5,4,1,1197
625,138,2020,80,648000.0,104,6,1,5.0,2,5,52,23608,2,4,1,1194
626,116,2013,101,435000.0,86,9,1,5.0,2,5,83,22353,2,4,1,1197
627,86,2017,189,900000.0,76,28,0,5.0,8,5,221,120000,5,1,1,1498
628,116,2018,203,740000.0,73,8,1,5.0,8,5,58,54241,2,4,1,1497
629,9,2012,36,320000.0,41,20,1,5.0,2,5,163,86173,5,4,1,998
630,110,2011,26,295000.0,38,9,1,5.0,2,5,82,91143,2,4,1,1197
631,110,2016,101,790000.0,184,17,1,7.0,7,5,126,36000,2,1,1,1493
632,110,2015,203,530000.0,73,8,1,5.0,8,5,58,108818,5,4,1,1497
633,86,2011,83,315000.0,61,31,1,5.0,2,5,264,120000,5,1,2,1199
634,8,2008,250,850000.0,127,21,0,5.0,8,5,171,107000,2,1,2,2143
635,131,2014,192,570000.0,73,8,1,5.0,8,5,58,90530,2,4,1,1497
636,110,2016,87,576000.0,100,9,1,5.0,2,5,83,77957,2,4,1,1197
637,138,2017,142,842000.0,134,9,1,5.0,7,5,68,81394,5,4,2,1591
638,9,2017,219,675000.0,96,20,1,5.0,8,5,144,64341,5,4,1,1373
639,116,2017,51,518000.0,52,9,1,5.0,2,5,72,33407,2,4,1,1197
640,9,2021,12,397000.0,34,4,1,5.0,2,5,36,14811,2,4,1,799
641,57,2017,189,775000.0,76,28,1,5.0,8,5,221,37000,2,4,1,1598
642,110,2017,183,1166000.0,165,12,1,5.0,7,5,94,49326,4,1,2,1956
643,86,2009,363,450000.0,189,8,1,5.0,8,5,63,120000,5,4,3,2354
644,110,2022,60,732000.0,57,29,0,5.0,2,5,243,4939,6,4,1,1199
645,138,2014,103,577000.0,123,6,0,5.0,7,5,47,82620,2,4,1,1499
646,110,2009,332,600000.0,163,28,1,5.0,8,5,223,60000,5,4,2,1798
647,9,2015,84,510000.0,61,31,1,5.0,2,5,264,86857,5,1,1,1498
648,86,2010,250,900000.0,127,21,0,5.0,8,5,171,70000,5,1,3,2143
649,55,2012,381,1500000.0,300,0,0,7.0,7,5,8,120000,5,1,2,4134
650,57,2022,37,625000.0,42,20,0,5.0,2,5,163,14483,4,4,1,998
651,8,2022,153,1275000.0,140,9,1,5.0,7,5,68,19000,2,1,1,1493
652,50,2016,73,395000.0,73,6,1,5.0,2,5,51,36202,2,4,1,1196
653,86,2017,101,320000.0,44,4,1,7.0,4,5,35,30000,5,4,1,1198
654,8,2017,73,450000.0,73,6,1,5.0,2,5,51,70000,5,1,1,1498
655,86,2022,101,1085000.0,127,9,1,5.0,7,5,79,20000,5,4,1,998
656,110,2021,12,400000.0,34,4,1,5.0,2,5,36,24077,2,4,1,799
657,8,2012,129,485000.0,67,20,1,5.0,8,5,159,81985,2,1,1,1248
658,86,2020,182,985000.0,102,20,0,7.0,4,5,146,30000,5,4,2,1462
659,110,2017,203,681000.0,73,8,1,5.0,8,5,58,91841,5,4,1,1497
660,14,2016,103,621000.0,123,6,0,5.0,7,5,47,64961,5,4,3,1499
661,110,2018,23,410000.0,28,20,0,5.0,2,5,138,20950,2,4,1,998
662,110,2016,87,505000.0,100,9,1,5.0,2,5,83,94348,2,4,2,1197
663,138,2022,101,1290000.0,127,9,1,5.0,7,5,79,32000,2,1,1,1493
664,110,2019,87,708000.0,100,9,1,5.0,2,5,83,51744,5,4,1,1197
665,116,2020,248,1734000.0,215,17,0,7.0,7,5,131,81152,2,1,2,2179
666,110,2018,101,650000.0,73,8,1,5.0,8,5,54,19516,2,4,1,1199
667,138,2021,70,760000.0,73,20,1,5.0,2,5,158,29093,2,4,1,1197
668,116,2018,101,785000.0,73,8,0,5.0,8,5,54,54408,5,1,1,1498
669,9,2019,101,745000.0,110,20,1,5.0,2,5,139,16000,2,4,1,1197
670,86,2018,351,2000000.0,199,6,0,7.0,7,5,48,100000,5,1,1,2198
671,57,2016,10,270000.0,33,4,1,5.0,2,5,36,56876,2,4,1,799
672,9,2014,83,450000.0,61,31,1,5.0,2,5,264,50000,5,1,1,1199
673,131,2015,101,420000.0,73,8,1,5.0,8,5,54,84505,2,4,2,1199
674,116,2021,306,2790000.0,179,30,0,7.0,4,5,256,34000,2,1,1,2393
675,14,2020,36,550000.0,41,20,1,5.0,2,5,163,22305,2,4,1,998
676,116,2019,40,421000.0,37,27,1,5.0,2,5,210,33573,2,4,1,999
677,116,2019,10,303000.0,33,4,1,5.0,2,5,36,33615,4,4,1,799
678,86,2018,81,780000.0,69,8,0,5.0,2,5,61,30000,5,4,2,1199
679,138,2020,95,643000.0,58,29,1,5.0,8,5,244,34935,2,4,1,1199
680,84,2018,42,474000.0,39,20,0,5.0,2,5,142,66511,2,4,2,998
681,138,2021,336,4200000.0,174,30,0,5.0,8,5,246,24000,2,4,1,2494
682,9,2017,101,644000.0,103,20,1,5.0,8,5,159,68979,2,4,1,1197
683,55,2021,182,1200000.0,102,20,1,7.0,4,5,146,50000,5,4,1,1462
684,84,2019,29,519000.00000000006,26,20,0,5.0,2,5,163,45161,2,4,2,998
685,9,2018,102,811000.0,123,6,1,5.0,7,5,47,42917,2,1,1,1498
686,86,2019,101,725000.0,110,20,1,5.0,2,5,139,20000,5,4,1,1197
687,57,2018,101,725000.0,110,20,0,5.0,2,5,139,32000,2,4,1,1197
688,86,2019,87,750000.0,100,9,1,5.0,2,5,83,40000,5,1,1,1396
689,61,2020,202,950000.0,71,8,1,5.0,8,5,58,29911,2,4,1,1497
690,57,2018,203,925000.0,93,9,0,5.0,8,5,80,23000,2,4,1,1591
691,86,2018,101,525000.0,84,29,1,5.0,8,5,245,100000,5,1,2,1248
692,116,2016,307,1875000.0,180,30,1,7.0,4,5,256,42000,2,1,1,2393
693,138,2016,287,2650000.0,253,21,0,5.0,8,5,171,58000,2,1,1,2143
694,57,2015,68,550000.0,103,20,1,5.0,2,5,158,53764,2,1,1,1248
695,116,2015,51,500000.0,52,9,1,5.0,2,5,72,61455,5,4,1,1197
696,116,2018,183,1209000.0,165,12,0,5.0,7,5,94,52732,6,4,2,1368
697,110,2017,82,656000.0,70,8,0,5.0,2,5,61,61159,2,4,2,1199
698,86,2010,77,295000.0,85,9,1,5.0,2,5,83,90000,5,4,2,1197
699,14,2015,93,431000.0,60,8,1,5.0,8,5,54,95296,2,4,1,1198
700,8,2018,142,894999.9999999999,134,9,1,5.0,7,5,68,106506,2,4,1,1591
701,86,2012,333,1500000.0,190,1,0,5.0,8,5,14,70000,5,1,2,1995
702,110,2015,51,392000.0,52,9,1,5.0,2,5,72,108551,2,4,2,1197
703,110,2014,93,470000.0,60,8,1,5.0,8,5,54,54186,2,1,1,1498
704,138,2018,101,726000.0,73,8,0,5.0,8,5,54,106848,2,4,1,1199
705,14,2020,181,1023000.0,76,31,0,5.0,8,5,269,38464,4,4,2,999
706,57,2017,43,500000.0,65,20,1,5.0,2,5,151,59841,5,4,1,1197
707,138,2023,317,4550000.0,197,30,0,7.0,7,5,252,3000,2,1,1,2755
708,116,2020,153,1590000.0,140,9,0,5.0,7,5,68,19649,5,4,1,1497
709,8,2021,324,5600000.0,176,1,0,5.0,8,5,13,3300,2,1,1,1995
710,8,2021,223,1900000.0,140,9,0,6.0,7,5,66,40000,5,4,1,1999
711,9,2020,157,1425000.0,148,13,0,5.0,7,5,99,27000,2,4,1,1497
712,110,2018,23,410000.0,28,20,0,5.0,2,5,138,20950,2,4,1,998
713,86,2018,183,1250000.0,165,12,1,5.0,7,5,94,50000,5,1,1,1956
714,106,2014,6,125000.0,26,29,1,4.0,2,5,235,39000,5,4,1,624
715,138,2017,142,903000.0,134,9,1,5.0,7,5,68,55927,2,4,1,1591
716,110,2014,87,488000.0,100,9,1,5.0,2,5,83,35325,2,4,2,1197
717,110,2020,101,660000.0,110,20,1,5.0,2,5,139,20000,5,4,2,1197
718,110,2017,87,604000.0,100,9,1,5.0,2,5,83,41248,5,4,1,1197
719,14,2016,48,417000.0,50,29,1,5.0,2,5,242,70076,4,4,1,1199
720,112,2016,101,405000.0,170,17,1,5.0,7,5,130,128398,2,4,1,1197
721,138,2017,29,444000.00000000006,26,20,0,5.0,2,5,163,20973,2,4,3,998
722,86,2007,49,220000.00000000003,67,20,1,5.0,2,5,158,90000,5,4,2,1298
723,138,2020,101,615000.0,59,9,1,5.0,8,5,67,98807,2,4,1,1197
724,110,2015,93,396000.0,60,8,1,5.0,8,5,54,102249,2,4,2,1198
725,110,2018,51,650000.0,52,9,0,5.0,2,5,72,18837,2,4,1,1197
726,8,2018,183,1400000.0,165,12,1,5.0,7,5,94,50000,2,1,1,1956
727,86,2012,15,210000.0,32,9,1,5.0,2,5,69,120000,5,4,1,814
728,116,2021,306,2475000.0,179,30,0,7.0,4,5,256,19000,2,1,1,2393
729,86,2020,14,400000.0,28,20,1,5.0,2,5,137,10000,5,4,1,796
730,110,2015,42,350000.0,39,20,0,5.0,2,5,142,128876,2,4,1,998
731,110,2016,29,430000.0,26,20,1,5.0,2,5,163,37942,5,4,0,998
732,110,2018,51,515000.00000000006,52,9,1,5.0,2,5,72,37300,2,4,1,1197
733,9,2017,275,3750000.0,214,21,0,5.0,7,5,179,30000,2,1,2,2143
734,86,2002,22,120000.0,26,20,1,5.0,2,5,166,60000,5,4,1,993
735,110,2014,87,492000.0,100,9,1,5.0,2,5,83,82784,2,1,1,1396
736,9,2021,101,731000.0,101,20,1,5.0,8,5,159,63274,4,4,1,1197
737,116,2015,23,345000.0,28,20,0,5.0,2,5,138,87521,2,4,1,998
738,138,2017,101,523000.00000000006,120,9,1,5.0,2,5,84,77388,4,4,2,1197
739,116,2014,29,302000.0,26,20,1,5.0,2,5,163,114772,2,4,1,998
740,86,2019,307,2300000.0,180,30,1,7.0,4,5,256,40000,5,1,1,2393
741,14,2019,101,500000.0,45,4,1,7.0,4,5,35,62493,5,4,2,1198
742,86,2021,237,1350000.0,112,8,1,5.0,8,5,58,20000,5,4,1,1498
743,140,2019,31,472000.0,48,9,1,5.0,2,5,75,59985,2,4,1,1086
744,116,2017,219,564000.0,96,20,1,5.0,8,5,144,104073,2,4,2,1373
745,86,2017,101,410000.0,52,9,1,5.0,8,5,81,100000,5,1,2,1186
746,86,2017,48,470000.0,50,29,1,5.0,2,5,242,120000,5,1,1,1047
747,138,2017,101,630000.0,110,20,0,5.0,2,5,139,53819,2,4,1,1197
748,57,2016,73,375000.0,73,6,1,5.0,2,5,51,98914,5,1,1,1498
749,86,2017,101,520000.0,61,31,1,5.0,8,5,260,110000,5,1,1,1498
750,138,2015,248,1000000.0,215,17,1,7.0,7,5,131,110000,5,1,3,2179
751,51,2022,203,1597000.0,73,8,1,5.0,8,5,58,4135,5,4,1,1497
752,138,2019,87,800000.0,100,9,0,5.0,2,5,83,35000,2,4,1,1197
753,110,2017,82,575000.0,70,8,1,5.0,2,5,61,35983,5,4,1,1199
754,138,2020,183,2050000.0,165,12,1,5.0,7,5,94,45000,2,1,1,1956
755,138,2019,255,1422000.0,219,29,1,5.0,7,5,228,91109,6,1,1,1956
756,116,2018,101,562000.0,52,9,1,5.0,8,5,81,23325,6,4,1,1197
757,110,2018,81,690000.0,69,8,0,5.0,2,5,61,51690,2,4,1,1199
758,138,2017,101,573000.0,120,9,1,5.0,2,5,84,69786,2,4,2,1197
759,14,2018,95,558000.0,58,29,0,5.0,8,5,244,53612,2,4,2,1199
760,9,2018,68,580000.0,103,20,1,5.0,2,5,158,41502,2,4,1,1197
761,14,2017,103,684000.0,100,8,1,5.0,7,5,64,43841,5,4,2,1199
762,116,2010,77,290000.0,85,9,1,5.0,2,5,83,110000,5,4,2,1197
763,116,2018,102,762000.0,123,6,0,5.0,7,5,47,77380,2,4,1,1497
764,110,2018,101,663000.0,110,20,1,5.0,2,5,140,69269,5,4,1,998
765,57,2018,153,869999.9999999999,136,20,1,5.0,7,5,157,53060,5,1,1,1248
766,116,2011,251,320000.0,73,23,1,5.0,8,5,192,70000,5,4,2,1999
767,51,2017,192,750000.0,73,8,1,5.0,8,5,58,58071,2,4,1,1497
768,138,2023,229,4750000.0,269,1,0,5.0,8,5,10,500,2,4,1,1998
769,86,2021,102,950000.0,123,6,1,5.0,7,5,47,40000,5,1,1,1498
770,86,2020,182,1025000.0,102,20,0,7.0,4,5,146,20000,5,4,2,1462
771,8,2008,129,245000.00000000003,67,20,1,5.0,8,5,159,68283,5,4,2,1298
772,110,2014,93,395000.0,60,8,1,5.0,8,5,54,73045,5,4,0,1198
773,138,2018,142,1080000.0,134,9,1,5.0,7,5,68,49000,2,1,1,1396
774,138,2009,108,200000.0,4,2,1,10.0,4,5,31,150000,5,1,1,2499
775,9,2016,87,608000.0,100,9,1,5.0,2,5,83,47547,5,4,2,1197
776,138,2017,101,698000.0,120,9,1,5.0,2,5,84,100844,5,1,2,1396
777,9,2013,101,335000.0,73,8,1,5.0,8,5,54,158945,5,1,1,1498
778,138,2014,87,502000.0,100,9,1,5.0,2,5,83,111275,5,1,1,1396
779,138,2018,142,1027000.0,134,9,0,5.0,7,5,68,71770,2,4,2,1591
780,86,2019,203,900000.0,93,9,1,5.0,8,5,80,40000,5,4,1,1591
781,14,2017,103,769000.0,100,8,1,5.0,7,5,64,55435,2,4,1,1199
782,116,2016,101,595000.0,73,20,0,5.0,8,5,159,51396,5,4,1,1197
783,138,2015,34,375000.0,22,20,1,5.0,2,5,164,79063,2,4,2,998
784,138,2015,219,585000.0,96,20,1,5.0,8,5,144,89570,2,4,1,1373
785,86,2012,174,450000.0,77,9,1,5.0,8,5,80,50000,5,4,2,1591
786,86,2022,281,2150000.0,220,29,1,7.0,7,5,236,30000,5,1,1,1956
787,86,2012,262,995000.0,255,1,0,5.0,8,5,11,100000,5,1,2,1995
788,14,2021,192,1100000.0,73,8,1,5.0,8,5,58,18477,2,4,1,1497
789,86,2014,84,350000.0,61,31,1,5.0,2,5,264,120000,5,4,3,1198
790,116,2018,218,730000.0,95,20,0,5.0,8,5,144,77204,2,4,1,1462
791,86,2012,333,1000000.0,190,1,0,5.0,8,5,14,70000,5,1,2,1995
792,50,2013,298,1791000.0,187,30,1,7.0,7,5,252,78000,2,1,1,2982
793,57,2012,328,1350000.0,155,1,0,5.0,8,5,11,55000,2,1,2,1995
794,138,2017,51,510000.0,52,9,1,5.0,2,5,72,30272,2,4,1,1197
795,138,2018,103,860000.0,123,6,1,5.0,7,5,47,64285,5,4,1,999
796,110,2014,87,485000.0,100,9,1,5.0,2,5,83,76697,6,1,3,1396
797,9,2015,86,1700000.0,233,22,0,5.0,2,5,187,100000,5,1,1,1496
798,9,2017,101,636000.0,103,20,0,5.0,8,5,159,95291,4,4,1,1197
799,138,2017,101,571000.0,61,31,1,5.0,8,5,260,84005,2,4,1,1198
800,138,2021,94,825000.0,113,27,0,5.0,7,5,211,8000,2,4,1,999
801,9,2021,12,393000.0,34,4,1,5.0,2,5,36,49254,6,4,1,999
802,8,2021,101,1100000.0,139,13,1,5.0,7,5,100,20000,5,1,1,1493
803,86,2016,51,420000.0,52,9,1,5.0,2,5,72,97522,4,4,2,1197
804,138,2017,103,704000.0,123,6,1,5.0,7,5,47,34097,6,4,1,999
805,55,2022,98,950000.0,119,24,0,5.0,7,5,197,10000,5,4,1,999
806,138,2022,358,9000000.0,295,21,0,5.0,7,5,181,3000,2,1,1,1950
807,57,2021,101,770000.0,130,9,1,5.0,2,5,83,19252,5,4,0,998
808,110,2020,101,1200000.0,139,13,0,5.0,7,5,100,30000,5,1,1,1493
809,110,2010,88,120000.0,64,5,1,5.0,2,5,39,80000,5,4,3,1368
810,116,2021,101,750000.0,73,20,1,5.0,8,5,159,25581,2,4,1,1197
811,138,2022,296,3750000.0,212,28,0,7.0,7,5,217,34000,2,4,1,1984
812,138,2018,201,2655000.0,170,1,0,5.0,7,5,17,45000,2,1,1,1995
813,86,2019,40,410000.0,37,27,0,5.0,2,5,210,20000,5,4,2,999
814,86,2021,98,1050000.0,118,24,1,5.0,7,5,197,20000,5,4,1,999
815,9,2016,101,622000.0,110,20,1,5.0,2,5,139,123394,5,1,1,1248
816,110,2018,84,730000.0,61,31,1,5.0,2,5,264,106275,2,1,2,1498
817,64,2019,203,950000.0,73,8,1,5.0,8,5,58,58416,5,4,1,1497
818,8,2017,23,357000.0,28,20,1,5.0,2,5,138,18704,2,4,2,998
819,57,2015,203,621000.0,73,8,1,5.0,8,5,58,27166,2,4,1,1497
820,86,2020,237,1125000.0,112,8,0,5.0,8,5,58,30000,5,4,2,1498
821,138,2021,157,1639000.0,148,13,0,5.0,7,5,99,76384,4,1,1,1493
822,138,2017,142,1215000.0,134,9,0,5.0,7,5,68,45000,2,1,1,1582
823,110,2016,87,635000.0,100,9,1,5.0,2,5,83,17160,4,4,1,1197
824,116,2022,131,1466000.0,120,31,1,5.0,7,5,266,15817,4,4,1,999
825,86,2021,47,500000.0,37,27,1,5.0,2,5,210,10000,5,4,2,999
826,14,2020,47,425000.0,37,27,1,5.0,2,5,210,31268,5,4,0,999
827,84,2019,45,500000.0,44,20,1,5.0,2,5,142,7267,5,4,1,998
828,86,2017,82,550000.0,70,8,1,5.0,2,5,61,30000,5,4,2,1199
829,86,2012,5,87000.0,26,29,1,4.0,2,5,235,60000,5,4,2,624
830,86,2013,198,490000.00000000006,163,17,1,8.0,7,5,124,100000,5,1,3,2179
831,9,2014,101,300000.0,73,8,1,5.0,8,5,54,222996,2,4,1,1199
832,110,2018,103,770000.0,100,8,1,5.0,7,5,64,30742,5,4,1,1199
833,86,2014,68,390000.0,103,20,1,5.0,2,5,158,110000,5,1,1,1248
834,57,2010,57,210000.0,60,6,1,5.0,2,5,51,132787,2,1,2,1399
835,8,2021,96,1105000.0,154,29,0,5.0,7,5,237,29351,2,1,1,1497
836,9,2018,98,725000.0,156,29,1,5.0,7,5,237,10048,6,4,1,1198
837,86,2016,219,580000.0,96,20,1,5.0,8,5,144,50000,5,4,2,1373
838,116,2017,101,659000.0,110,20,0,5.0,2,5,139,14696,2,4,1,1197
839,138,2016,40,356000.0,37,27,1,5.0,2,5,210,27153,2,4,1,799
840,86,2016,51,480000.0,52,9,1,5.0,2,5,72,50000,5,4,1,1197
841,86,2021,94,689000.0,105,27,1,7.0,4,5,215,43879,2,4,1,999
842,14,2017,84,625000.0,61,31,1,5.0,2,5,264,40480,5,4,1,1199
843,116,2018,102,802999.9999999999,123,6,1,5.0,7,5,47,32112,6,4,1,1497
844,116,2017,42,516000.0,51,20,1,5.0,2,5,142,31239,2,4,2,998
845,116,2018,219,950000.0,96,20,1,5.0,8,5,144,20000,5,1,1,1248
846,86,2014,248,825000.0,215,17,1,7.0,7,5,131,80000,5,1,2,2179
847,6,2017,43,375000.0,103,17,1,6.0,2,5,120,91112,2,1,1,1198
848,110,2009,15,180000.0,22,20,1,5.0,2,5,136,68767,5,4,0,796
849,116,2022,233,1900000.0,148,13,0,6.0,4,5,97,30000,5,4,1,1353
850,138,2022,101,900000.0,139,13,1,5.0,7,5,100,10000,5,4,1,1197
851,112,2013,9,205000.0,24,20,1,5.0,2,5,137,42600,2,4,1,796
852,9,2021,101,710000.0,110,20,1,5.0,2,5,139,13270,5,4,0,1197
853,86,2019,101,630000.0,103,20,1,5.0,8,5,159,40000,5,4,1,1197
854,8,2009,105,155000.0,6,6,1,5.0,8,5,49,120000,5,4,3,1596
855,116,2017,203,799000.0,73,8,1,5.0,8,5,58,22286,5,4,2,1497
856,116,2022,36,630000.0,41,20,1,5.0,2,5,163,12132,2,4,1,1197
857,9,2018,51,415000.00000000006,57,29,1,5.0,2,5,242,79048,5,4,1,1199
858,9,2016,48,417000.0,50,29,1,5.0,2,5,242,48360,5,4,3,1199
859,116,2016,40,334000.0,37,27,1,5.0,2,5,210,54538,2,4,2,799
860,138,2017,101,590000.0,73,20,1,5.0,8,5,159,32157,5,4,1,1197
861,110,2019,157,1029000.0,148,13,1,5.0,7,5,99,34182,6,4,1,1497
862,116,2009,68,250000.0,103,20,1,5.0,2,5,158,176801,2,1,1,1248
863,110,2021,98,711000.0,118,24,1,5.0,7,5,197,81508,2,4,1,999
864,9,2020,96,950000.0,154,29,0,5.0,7,5,237,42036,2,4,2,1199
865,14,2015,190,2140000.0,150,21,0,5.0,7,5,178,22500,2,1,1,2143
866,86,2008,155,140000.0,86,2,1,5.0,8,5,22,80000,5,4,3,1399
867,116,2017,103,760000.0,100,8,1,5.0,7,5,64,29640,5,4,1,1199
868,8,2018,318,7000000.0,294,14,0,5.0,7,5,108,52000,2,1,1,1999
869,86,2012,101,300000.0,86,9,1,5.0,2,5,83,100000,5,1,3,1396
870,9,2020,102,1080000.0,123,6,1,5.0,7,5,47,32000,2,1,1,1498
871,116,2016,219,650000.0,96,20,1,5.0,8,5,144,23678,5,4,2,1373
872,110,2018,101,680000.0,110,20,1,5.0,2,5,139,38502,2,4,1,1197
873,8,2018,295,2200000.0,212,28,0,7.0,7,5,217,100000,2,1,1,1968
874,86,2020,79,515000.00000000006,81,6,1,5.0,2,5,51,30000,5,4,2,1194
875,86,2019,51,520000.0,52,9,1,5.0,2,5,72,40091,2,4,1,1197
876,138,2016,40,344000.0,37,27,1,5.0,2,5,210,48113,4,4,1,799
877,138,2017,287,3100000.0,253,21,0,5.0,8,5,171,50000,5,1,1,2143
878,9,2021,100,923000.0,126,9,1,5.0,7,5,79,50486,2,4,1,998
879,116,2017,82,662000.0,70,8,0,5.0,2,5,61,26465,4,4,1,1199
880,86,2008,250,750000.0,127,21,0,5.0,8,5,171,50000,5,4,2,1796
881,110,2017,101,637000.0,103,20,0,5.0,8,5,159,33246,5,4,1,1197
882,86,2019,102,800000.0,123,6,1,5.0,7,5,47,30000,5,1,1,1498
883,14,2021,47,454000.0,37,27,1,5.0,2,5,210,31754,2,4,1,999
884,116,2018,183,1184000.0,165,12,1,5.0,7,5,94,91992,4,1,2,1956
885,86,2019,101,760000.0,140,20,1,5.0,7,5,162,70000,5,1,1,1248
886,86,2013,248,1100000.0,120,30,1,8.0,4,5,255,60000,5,1,1,2494
887,86,2019,51,545000.0,52,9,1,5.0,2,5,72,30000,5,4,1,1197
888,86,2013,179,400000.0,76,28,0,5.0,8,5,221,50000,5,4,2,1598
889,112,2010,36,255000.0,41,20,1,5.0,2,5,163,53250,2,4,1,998
890,110,2010,95,250000.0,47,28,1,5.0,2,5,216,51555,5,1,1,1422
891,86,2022,69,750000.0,101,20,1,5.0,2,5,158,10000,5,4,1,1197
892,86,2019,87,700000.0,100,9,1,5.0,2,5,83,40000,5,1,1,1396
893,8,2011,203,365000.0,73,8,1,5.0,8,5,58,110000,5,4,1,1497
894,86,2017,203,750000.0,73,8,1,5.0,8,5,58,60000,5,4,1,1497
895,116,2014,15,254000.0,32,9,1,5.0,2,5,69,85486,5,4,3,814
896,110,2022,93,925000.0,117,29,0,5.0,2,5,225,5022,4,4,1,1199
897,9,2019,101,750000.0,110,20,0,5.0,2,5,139,39386,2,4,1,1197
898,138,2016,40,326000.0,37,27,1,5.0,2,5,210,72679,5,4,2,799
899,84,2015,51,432000.0,52,9,1,5.0,2,5,72,83738,2,4,2,1197
900,110,2021,84,950000.0,61,31,1,5.0,2,5,264,10551,5,4,1,1199
901,9,2019,42,479000.0,39,20,0,5.0,2,5,142,31795,6,4,3,998
902,138,2009,45,230000.0,60,20,1,5.0,2,5,154,76656,2,4,2,1197
903,116,2017,10,301000.0,33,4,1,5.0,2,5,36,52524,2,4,1,799
904,116,2013,70,443000.0,73,20,1,5.0,2,5,158,96165,2,1,1,1248
905,57,2014,87,440000.00000000006,100,9,1,5.0,2,5,83,92860,2,1,1,1396
906,138,2013,182,660000.0,102,20,1,7.0,4,5,146,46976,2,4,1,1462
907,66,2007,15,165000.0,22,20,1,5.0,2,5,136,36383,2,4,1,796
908,57,2022,100,1090000.0,169,17,0,5.0,7,5,130,2000,2,4,1,1197
909,66,2021,99,1225000.0,139,13,0,5.0,7,5,100,26000,2,4,1,998
910,9,2018,68,620000.0,103,20,0,5.0,2,5,158,42891,2,4,1,1197
911,51,2015,28,395000.0,22,20,1,5.0,2,5,163,34640,2,4,1,998
912,86,2017,101,580000.0,110,20,1,5.0,2,5,139,40000,5,4,1,1197
913,9,2009,129,310000.0,67,20,1,5.0,8,5,159,129306,5,1,0,1248
914,110,2021,131,1450000.0,120,31,1,5.0,7,5,266,42662,2,4,1,999
915,116,2016,101,525000.0,52,9,0,5.0,8,5,81,64011,2,4,1,1197
916,8,2013,69,410000.0,101,20,1,5.0,2,5,158,85750,2,4,3,1197
917,57,2021,91,865000.0,68,8,1,5.0,2,5,61,24774,2,4,1,1199
918,110,2019,51,581000.0,52,9,1,5.0,2,5,72,74348,4,4,1,1197
919,110,2017,95,518000.0,58,29,1,5.0,8,5,244,40711,4,4,1,1199
920,9,2019,101,790000.0,110,20,0,5.0,2,5,139,39386,2,4,1,1197
921,110,2016,101,547000.0,110,20,1,5.0,2,5,139,93806,5,4,2,1197
922,86,2014,57,300000.0,60,6,1,5.0,2,5,51,80000,5,1,1,1399
923,86,2016,48,407000.0,50,29,1,5.0,2,5,242,86304,5,4,1,1199
924,116,2019,103,692000.0,100,8,1,5.0,7,5,64,46566,4,4,2,1199
925,57,2015,68,455000.0,103,20,1,5.0,2,5,158,74367,5,4,1,1197
926,57,2016,9,295000.0,24,20,1,5.0,2,5,137,48098,2,4,1,796
927,116,2014,203,680000.0,73,8,0,5.0,8,5,58,36408,2,4,2,1497
928,86,2017,149,985000.0,73,20,1,7.0,4,5,146,60000,5,1,1,1248
929,116,2014,26,340000.0,38,9,1,5.0,2,5,82,61696,5,4,2,1197
930,14,2007,1,100000.0,3,29,1,5.0,2,5,230,110000,5,1,1,1396
931,140,2015,45,365000.0,44,20,1,5.0,2,5,142,85223,5,4,1,998
932,55,2012,248,1050000.0,120,30,1,8.0,4,5,255,120000,5,1,1,2494
933,86,2013,90,183000.0,42,29,1,5.0,8,5,232,110000,5,1,2,1396
934,9,2016,84,660000.0,61,31,1,5.0,2,5,264,33961,2,4,1,1199
935,86,2014,93,403000.0,60,8,1,5.0,8,5,54,76597,2,4,2,1198
936,138,2017,101,563000.0,110,20,1,5.0,2,5,139,36573,4,4,3,1197
937,86,2023,170,2000000.0,142,30,0,5.0,7,5,254,10000,5,4,1,1462
938,116,2016,29,436000.00000000006,26,20,0,5.0,2,5,163,45636,2,4,1,998
939,116,2017,219,681000.0,96,20,0,5.0,8,5,144,58698,2,4,1,1373
940,86,2023,37,590000.0,42,20,1,5.0,2,5,163,10000,5,4,1,998
941,116,2016,101,632000.0,110,20,1,5.0,2,5,139,77603,2,1,1,1248
942,110,2019,101,890000.0,140,20,0,5.0,7,5,162,60000,5,1,1,1248
943,116,2018,101,726000.0,73,8,0,5.0,8,5,54,65675,2,1,2,1498
944,116,2015,101,551000.0,73,20,1,5.0,8,5,159,120797,2,1,1,1248
945,138,2019,87,850000.0,100,9,0,5.0,2,5,83,10000,5,4,1,1197
946,57,2018,23,382000.0,28,20,1,5.0,2,5,138,18228,5,4,2,998
947,116,2017,129,765000.0,67,20,1,5.0,8,5,159,33654,2,1,1,1248
948,116,2010,30,195000.0,26,20,1,5.0,2,5,167,61633,2,4,2,998
949,116,2018,40,390000.0,37,27,1,5.0,2,5,210,45333,2,4,1,999
950,110,2018,51,480000.0,52,9,1,5.0,2,5,72,63670,5,1,1,1186
951,57,2013,70,455000.0,73,20,1,5.0,2,5,158,95535,2,1,1,1248
952,14,2016,307,1750000.0,180,30,0,7.0,4,5,256,175000,2,1,1,2755
953,86,2015,84,520000.0,61,31,1,5.0,2,5,264,80000,5,1,2,1498
954,138,2020,307,2625000.0,180,30,0,7.0,4,5,256,55500,2,1,1,2393
955,116,2017,103,782000.0,100,8,1,5.0,7,5,64,42375,5,4,2,1199
956,116,2018,101,611000.0,52,9,1,5.0,8,5,81,63155,5,1,2,1186
957,138,2015,298,1700000.0,187,30,1,7.0,7,5,252,85000,2,1,2,2982
958,116,2014,101,515000.00000000006,73,20,1,5.0,8,5,159,106121,4,1,1,1248
959,86,2022,69,679000.0,101,20,1,5.0,2,5,158,51012,2,4,1,1197
960,57,2012,101,410000.0,73,20,1,5.0,8,5,159,62930,5,4,1,1197
961,86,2019,101,798000.0,184,17,1,7.0,7,5,126,111242,5,1,1,1493
962,66,2022,101,945000.0,139,13,1,5.0,7,5,100,16000,2,4,1,1197
963,138,2018,157,885000.0,173,27,1,5.0,7,5,208,72898,4,1,1,1461
964,116,2018,87,574000.0,100,9,1,5.0,2,5,83,97326,6,4,1,1197
965,94,2018,103,710000.0,100,8,1,5.0,7,5,64,1870,2,1,1,1498
966,8,2022,31,620000.0,48,9,0,5.0,2,5,75,10000,5,4,1,1086
967,86,2016,35,225000.0,38,2,1,5.0,2,5,24,110000,5,1,1,936
968,110,2017,43,500000.0,67,20,1,5.0,2,5,151,20000,5,4,1,1197
969,86,2018,142,1150000.0,134,9,1,5.0,7,5,68,70000,5,1,1,1582
970,86,2018,10,285000.0,33,4,1,5.0,2,5,36,30000,5,4,1,799
971,14,2015,203,445000.0,73,8,1,5.0,8,5,58,167332,5,4,0,1497
972,131,2015,203,550000.0,73,8,1,5.0,8,5,58,71887,2,4,2,1497
973,86,2011,57,200000.0,60,6,1,5.0,2,5,51,100000,5,1,2,1399
974,138,2021,134,1300000.0,120,28,0,5.0,7,5,218,20000,5,4,2,999
975,14,2018,157,678000.0,173,27,1,5.0,7,5,208,61426,4,4,2,1498
976,8,2012,72,310000.0,73,30,1,5.0,2,5,251,121735,5,4,2,1197
977,138,2022,153,1825000.0,140,9,0,5.0,7,5,68,15000,2,4,1,1497
978,110,2013,70,431000.0,73,20,1,5.0,2,5,158,71195,2,1,1,1248
979,14,2016,181,728000.0,76,31,0,5.0,8,5,269,91700,4,4,1,1197
980,110,2015,23,225000.0,28,20,1,5.0,2,5,138,132724,5,4,0,998
981,116,2016,101,861000.0,140,20,1,5.0,7,5,162,59232,2,1,1,1248
982,110,2017,84,780000.0,61,31,0,5.0,2,5,264,55023,5,4,1,1197
983,9,2020,153,1478000.0,140,9,1,5.0,7,5,68,58323,4,1,1,1493
984,8,2016,101,695000.0,184,17,1,7.0,7,5,126,73498,4,1,2,1493
985,138,2018,101,800000.0,140,20,1,5.0,7,5,162,52743,2,1,1,1248
986,138,2018,213,2700000.0,264,1,0,5.0,7,5,17,49000,2,1,1,1995
987,86,2012,172,420000.0,77,9,1,5.0,8,5,80,100000,5,1,2,1582
988,20,2011,49,290000.0,67,20,1,5.0,2,5,158,111350,2,4,1,1197
989,110,2013,165,2000000.0,283,14,0,5.0,7,5,106,105000,2,1,2,2179
990,55,2005,224,100000.0,97,28,1,5.0,8,5,220,150000,5,1,1,1896
991,86,2022,51,650000.0,57,29,1,5.0,2,5,242,20000,5,0,1,1199
992,116,2017,101,500000.0,73,6,1,5.0,8,5,46,63134,5,1,1,1498
993,138,2019,203,790000.0,73,8,0,5.0,8,5,58,89547,5,4,1,1497
994,9,2018,102,900000.0,123,6,1,5.0,7,5,47,25000,2,1,1,1498
995,116,2016,84,568000.0,61,31,1,5.0,2,5,264,61583,4,4,2,1199
996,116,2015,93,461000.00000000006,60,8,1,5.0,8,5,54,102002,4,1,1,1498
997,57,2016,28,400000.0,22,20,1,5.0,2,5,163,38980,2,4,2,998
998,9,2017,242,983000.0,148,9,0,5.0,8,5,70,108463,4,4,1,1999
999,14,2017,103,739000.0,100,8,1,5.0,7,5,64,30033,6,4,1,1199
1000,14,2016,40,340000.0,37,27,1,5.0,2,5,210,29084,2,4,1,799
1001,138,2016,45,366000.0,44,20,1,5.0,2,5,142,69437,4,4,3,998
1002,86,2009,363,300000.0,189,8,1,5.0,8,5,63,70000,5,4,2,2354
1003,86,2013,69,368000.0,101,20,1,5.0,2,5,158,88122,2,4,3,1197
1004,86,2011,177,346000.0,76,31,1,5.0,8,5,269,98263,4,4,2,1598
1005,138,2016,82,450000.0,70,8,1,5.0,2,5,61,73674,2,4,2,1199
1006,9,2016,45,450000.0,44,20,1,5.0,2,5,142,37718,2,4,1,998
1007,138,2016,82,590000.0,70,8,1,5.0,2,5,61,66030,5,1,1,1498
1008,107,2006,25,185000.0,30,9,1,5.0,2,5,76,72110,5,4,1,1086
1009,138,2017,363,8200000.0,291,32,0,4.0,3,5,276,35000,2,4,1,1969
1010,55,2008,192,200000.0,73,8,1,5.0,8,5,58,100000,5,4,1,1497
1011,84,2013,51,300000.0,52,9,1,5.0,2,5,72,10000,5,4,1,1197
1012,86,2010,45,150000.0,60,20,1,5.0,2,5,154,20000,5,4,1,1197
1013,86,2002,39,80000.0,22,20,1,8.0,5,5,161,90000,5,4,3,1298
1014,86,2014,88,180000.0,64,5,1,5.0,2,5,42,90000,5,4,4,1172
1015,110,2020,101,843000.0,110,30,0,5.0,2,5,253,56118,5,4,1,1197
1016,116,2012,26,300000.0,38,9,1,5.0,2,5,82,93968,2,4,1,1197
1017,86,2021,62,560000.0,59,9,1,5.0,2,5,73,30000,5,4,1,1197
1018,138,2020,84,744000.0,61,31,1,5.0,2,5,264,41364,4,4,2,999
1019,116,2013,203,419000.00000000006,73,8,0,5.0,8,5,58,108898,2,4,2,1497
1020,138,2022,307,2655000.0,180,30,0,7.0,4,5,256,3500,2,4,1,2694
1021,138,2020,157,1369000.0,148,13,1,5.0,7,5,99,35589,2,4,1,1497
1022,8,2003,146,90000.0,67,23,1,5.0,8,5,193,150000,5,4,1,1468
1023,116,2016,26,380000.0,38,9,1,5.0,2,5,82,41514,2,4,1,1086
1024,116,2021,94,661000.0,105,27,1,7.0,4,5,215,27925,4,4,1,999
1025,8,2022,234,2000000.0,116,28,0,5.0,8,5,222,10000,5,4,1,1498
1026,86,2017,39,320000.0,87,17,1,6.0,7,5,119,40000,5,4,2,1198
1027,86,2014,15,200000.0,32,9,1,5.0,2,5,69,60000,5,4,2,814
1028,8,2008,155,145000.0,73,9,1,5.0,8,5,80,90000,5,4,5,1599
1029,110,2013,84,325000.0,61,31,1,5.0,2,5,264,65744,5,4,3,1198
1030,86,2011,16,200000.0,39,20,0,5.0,2,5,135,80000,5,4,4,998
1031,86,2020,182,1025000.0,102,20,0,7.0,4,5,146,30000,5,4,2,1462
1032,116,2007,1,50000.0,3,29,1,5.0,2,5,230,60000,5,1,3,1396
1033,55,2022,134,1300000.0,120,28,0,5.0,7,5,218,20000,5,4,1,999
1034,86,2012,176,232000.0,75,31,1,5.0,8,5,269,90000,5,4,3,1598
1035,116,2021,131,1639000.0,120,31,1,5.0,7,5,266,18655,4,4,1,1498
1036,138,2020,51,536000.0,57,29,1,5.0,2,5,242,51578,5,4,1,1199
1037,138,2012,73,230000.0,73,6,1,5.0,2,5,51,113000,2,1,1,1498
1038,138,2016,40,357000.0,37,27,1,5.0,2,5,210,27861,5,4,1,799
1039,116,2020,218,786000.0,95,20,1,5.0,8,5,144,20419,4,4,1,1462
1040,138,2013,181,410000.0,76,31,1,5.0,8,5,269,49165,5,4,2,1598
1041,86,2018,103,607000.0,100,8,1,5.0,7,5,64,38309,2,4,2,1199
1042,138,2022,99,1150000.0,139,30,0,5.0,7,5,258,12000,2,4,1,1462
1043,14,2017,82,684000.0,70,8,0,5.0,2,5,61,27872,2,4,1,1199
1044,110,2022,47,451000.0,36,27,1,5.0,2,5,210,14023,4,4,1,799
1045,138,2019,182,985000.0,102,20,1,7.0,4,5,146,30000,5,4,1,1462
1046,86,2021,97,800000.0,156,29,1,5.0,7,5,237,30000,5,1,1,1497
1047,110,2012,174,450000.0,77,9,1,5.0,8,5,80,116377,5,1,2,1582
1048,138,2021,83,785000.0,61,31,1,5.0,2,5,264,13109,2,1,1,1199
1049,138,2015,101,415000.00000000006,73,6,1,5.0,8,5,46,67500,2,1,1,1498
1050,8,2007,25,150000.0,30,9,1,5.0,2,5,76,84169,5,4,1,1086
1051,86,2016,209,1500000.0,239,0,0,5.0,8,5,1,50000,5,1,2,1968
1052,86,2011,57,170000.0,60,6,1,5.0,2,5,51,80000,5,4,3,1196
1053,57,2022,140,1000000.0,73,20,1,7.0,4,5,146,14475,2,4,1,1373
1054,86,2020,62,570000.0,59,9,0,5.0,2,5,73,20000,5,4,3,1197
1055,110,2018,101,638000.0,110,20,0,5.0,2,5,139,53631,5,4,1,1197
1056,9,2018,102,674000.0,123,6,0,5.0,7,5,47,92562,4,4,1,1497
1057,86,2010,219,200000.0,103,20,1,5.0,8,5,156,90000,5,4,3,1586
1058,9,2021,14,433000.0,28,20,1,5.0,2,5,137,24690,6,4,1,796
1059,14,2020,47,518000.0,37,27,0,5.0,2,5,210,15915,2,4,1,999
1060,56,2011,57,175000.0,60,6,1,5.0,2,5,51,100000,5,1,2,1399
1061,9,2021,94,840000.0,113,27,1,5.0,7,5,211,36390,2,4,1,999
1062,110,2012,45,295000.0,60,20,1,5.0,2,5,154,9112,2,4,1,1197
1063,138,2021,78,740000.0,80,6,0,5.0,2,5,51,13923,2,4,1,1194
1064,9,2017,42,520000.0,51,20,1,5.0,2,5,142,58263,2,4,1,998
1065,55,2021,38,470000.0,21,20,1,7.0,5,5,145,20000,5,4,1,1196
1066,86,2015,52,200000.0,60,20,1,5.0,2,5,154,80000,5,1,3,1248
1067,9,2013,70,395000.0,73,20,1,5.0,2,5,158,65991,5,1,0,1248
1068,110,2016,43,350000.0,103,17,1,6.0,2,5,120,13397,2,1,1,1198
1069,14,2015,219,550000.0,96,20,0,5.0,8,5,144,57121,2,4,2,1373
1070,90,2015,101,400000.0,84,29,1,5.0,8,5,245,70418,2,4,1,1193
1071,110,2019,101,640000.0,73,8,0,5.0,8,5,54,22421,5,4,0,1199
1072,84,2009,56,135000.0,72,29,1,5.0,2,5,230,83045,5,1,0,1405
1073,8,2008,26,170000.0,38,9,1,5.0,2,5,82,86715,5,4,0,1197
1074,110,2008,26,195000.0,38,9,1,5.0,2,5,82,77032,5,4,0,1086
1075,138,2019,10,312000.0,33,4,1,5.0,2,5,36,21614,5,4,1,799
1076,116,2020,14,383000.0,28,20,1,5.0,2,5,137,35375,4,4,1,796
1077,116,2010,177,310000.0,76,31,1,5.0,8,5,269,89545,5,1,0,1598
1078,116,2019,87,590000.0,100,9,1,5.0,2,5,83,83298,5,4,1,1197
1079,9,2022,43,758000.0,65,20,0,5.0,2,5,151,33250,6,4,1,1197
1080,57,2015,81,480000.0,69,8,1,5.0,2,5,61,75000,2,4,2,1199
1081,110,2018,102,794000.0,123,6,1,5.0,7,5,47,87026,2,1,1,1498
1082,138,2021,306,2850000.0,179,30,0,7.0,4,5,256,33000,2,1,1,2393
1083,66,2020,237,1069000.0,112,8,1,5.0,8,5,58,37294,2,4,2,1498
1084,110,2016,40,327000.0,37,27,1,5.0,2,5,210,65840,4,4,1,799
1085,8,2019,329,1900000.0,199,10,0,7.0,7,5,88,45000,2,1,2,2999
1086,81,2015,101,425000.0,73,8,1,5.0,8,5,54,62865,2,4,1,1199
1087,110,2017,43,435000.0,103,17,1,6.0,2,5,120,62442,5,1,1,1198
1088,62,2014,177,330000.0,76,31,1,5.0,8,5,269,154931,2,4,2,1598
1089,138,2017,203,800000.0,73,8,1,5.0,8,5,58,63318,2,4,1,1497
1090,51,2017,192,750000.0,73,8,1,5.0,8,5,58,47146,2,4,1,1497
1091,138,2016,51,495000.0,52,9,0,5.0,2,5,72,17797,2,4,1,1197
1092,116,2015,70,475000.0,73,20,1,5.0,2,5,158,52802,2,4,1,1197
1093,110,2018,103,700000.0,100,8,1,5.0,7,5,64,46830,5,1,2,1498
1094,138,2016,328,2700000.0,178,1,0,5.0,8,5,12,34000,2,1,1,1995
1095,138,2018,102,785000.0,123,6,1,5.0,7,5,47,70038,5,4,1,1497
1096,110,2021,93,795000.0,117,29,1,5.0,2,5,225,15957,4,4,1,1199
1097,138,2014,101,415000.00000000006,73,8,1,5.0,8,5,54,63860,2,4,2,1199
1098,110,2017,101,660000.0,103,20,0,5.0,8,5,159,51252,2,4,1,1197
1099,138,2015,103,543000.0,123,6,0,5.0,7,5,47,56071,4,4,2,1499
1100,17,2017,82,650000.0,70,8,1,5.0,2,5,61,38100,5,1,1,1498
1101,138,2017,248,1129000.0,215,17,0,7.0,7,5,131,87634,2,1,3,1997
1102,57,2010,26,270000.0,38,9,1,5.0,2,5,82,14424,5,4,1,1197
1103,116,2018,95,557000.0,58,29,0,5.0,8,5,244,39542,4,4,2,1199
1104,116,2016,51,441000.0,52,9,1,5.0,2,5,72,114507,4,4,2,1197
1105,106,2015,91,340000.0,64,5,1,5.0,2,5,45,67129,2,1,1,1248
1106,138,2021,84,1000000.0,61,31,1,5.0,2,5,264,35405,4,4,1,999
1107,110,2010,83,295000.0,61,31,1,5.0,2,5,264,62992,2,1,1,1199
1108,116,2009,25,165000.0,30,9,1,5.0,2,5,76,94241,2,4,1,1086
1109,116,2013,41,149000.0,55,29,1,5.0,2,5,230,101423,2,1,2,1396
1110,138,2013,140,475000.0,73,30,1,5.0,8,5,249,21647,5,4,1,1496
1111,116,2010,53,135000.0,55,24,1,5.0,2,5,198,78210,5,4,4,1198
1112,9,2015,51,430000.0,52,9,1,5.0,2,5,72,39922,2,4,1,1197
1113,57,2017,36,375000.0,41,20,1,5.0,2,5,163,61372,5,4,2,998
1114,110,2008,26,145000.0,38,9,1,5.0,2,5,82,60250,2,4,1,1086
1115,138,2014,51,398000.0,52,9,0,5.0,2,5,72,91617,2,4,3,1197
1116,86,2021,101,1076000.0,130,9,0,5.0,2,5,85,23899,4,4,1,998
1117,112,2015,68,430000.0,103,20,1,5.0,2,5,158,89000,2,4,1,1197
1118,116,2017,42,400000.0,39,20,0,5.0,2,5,142,97445,2,4,2,998
1119,86,2012,26,287000.0,38,9,1,5.0,2,5,82,69680,2,4,2,1197
1120,110,2014,87,495000.0,100,9,1,5.0,2,5,83,87431,2,4,1,1197
1121,9,2015,15,298000.0,32,9,1,5.0,2,5,69,98204,6,4,1,814
1122,131,2014,179,425000.0,62,8,1,7.0,4,5,62,161471,2,1,1,1498
1123,140,2012,203,431000.0,73,8,1,5.0,8,5,58,108338,2,4,2,1497
1124,110,2016,87,577000.0,100,9,1,5.0,2,5,83,47045,2,4,1,1197
1125,116,2018,95,600000.0,58,29,0,5.0,8,5,244,18079,5,4,1,1199
1126,57,2009,26,225000.0,38,9,1,5.0,2,5,82,44985,5,4,1,1086
1127,138,2017,219,675000.0,96,20,1,5.0,8,5,144,84095,5,1,1,1248
1128,138,2020,183,1475000.0,165,12,1,5.0,7,5,94,50520,2,1,1,1956
1129,138,2010,136,145000.0,107,18,1,5.0,8,5,123,82124,2,1,3,1461
1130,116,2005,25,100000.0,30,9,1,5.0,2,5,76,91644,2,4,2,1086
1131,107,2005,25,70000.0,30,9,1,5.0,2,5,76,100658,2,4,4,1086
1132,64,2018,93,750000.0,60,8,0,5.0,8,5,54,3228,5,4,1,1199
1133,48,2010,90,150000.0,42,29,1,5.0,8,5,232,41516,5,4,1,1193
1134,93,2012,35,195000.0,38,2,1,5.0,2,5,24,86147,5,1,2,936
1135,116,2010,192,364000.0,73,8,1,5.0,8,5,58,101566,2,4,3,1497
1136,116,2018,189,729000.0,76,28,1,5.0,8,5,221,73139,6,1,1,1498
1137,110,2019,101,840000.0,73,8,0,5.0,8,5,54,16787,2,1,1,1498
1138,116,2016,179,680000.0,76,28,0,5.0,8,5,221,99715,2,4,2,1598
1139,86,2018,101,414000.0,45,4,1,7.0,4,5,35,44386,2,4,1,1198
1140,138,2014,83,380000.0,61,31,1,5.0,2,5,264,56200,2,4,1,1598
1141,9,2018,101,428000.0,45,4,1,7.0,4,5,35,17003,5,4,1,1198
1142,84,2014,51,465000.00000000006,52,9,0,5.0,2,5,72,44632,5,4,1,1197
1143,138,2018,142,1034000.0,134,9,0,5.0,7,5,68,32091,5,4,1,1591
1144,9,2021,94,772000.0,105,27,0,7.0,4,5,215,22740,5,4,2,999
1145,8,2016,325,3500000.0,292,21,0,5.0,7,5,181,98000,2,1,2,2143
1146,57,2018,101,450000.0,61,31,1,5.0,8,5,260,95495,5,4,1,1198
1147,48,2010,172,210000.0,77,9,1,5.0,8,5,80,122533,5,4,2,1591
1148,6,2013,101,410000.0,101,20,1,5.0,8,5,159,55320,5,4,1,1197
1149,138,2012,101,325000.0,86,9,1,5.0,2,5,83,68459,5,1,1,1396
1150,51,2016,101,450000.0,73,8,1,5.0,8,5,54,14195,5,4,1,1199
1151,116,2012,87,280000.0,100,9,1,5.0,2,5,83,67900,5,4,1,1197
1152,116,2017,29,410000.0,26,20,0,5.0,2,5,163,47756,5,4,1,998
1153,116,2016,51,520000.0,52,9,0,5.0,2,5,72,42856,5,4,1,1197
1154,9,2014,84,560000.0,61,31,1,5.0,2,5,264,43000,2,1,1,1498
1155,110,2019,196,702000.0,96,30,1,5.0,8,5,259,27652,4,4,2,1496
1156,86,2021,94,656000.0,105,27,1,7.0,4,5,215,23539,4,4,1,999
1157,14,2015,219,525000.0,96,20,1,5.0,8,5,144,50000,2,4,1,1373
1158,86,2017,20,357000.0,23,20,1,5.0,2,5,138,18861,2,4,2,998
1159,116,2017,68,512000.0,103,20,1,5.0,2,5,158,41138,5,4,1,1197
1160,116,2012,26,250000.0,38,9,1,5.0,2,5,82,55039,2,4,1,1086
1161,116,2018,87,700000.0,100,9,1,5.0,2,5,83,41361,4,4,2,1197
1162,138,2015,102,535000.0,123,6,1,5.0,7,5,47,81037,2,1,1,1498
1163,110,2017,82,641000.0,70,8,0,5.0,2,5,61,28897,2,4,2,1199
1164,9,2016,39,339000.0,83,17,1,6.0,7,5,119,46308,2,4,2,1198
1165,66,2009,25,170000.0,30,9,1,5.0,2,5,76,80033,5,4,1,1086
1166,138,2015,150,2650000.0,172,22,0,5.0,7,5,191,15000,2,1,2,1995
1167,9,2012,36,310000.0,41,20,1,5.0,2,5,163,100056,2,4,1,1197
1168,57,2018,87,725000.0,100,9,1,5.0,2,5,83,90062,2,4,1,1197
1169,8,2005,223,115000.0,89,2,1,5.0,8,5,28,80030,2,4,3,1599
1170,110,2016,101,645000.0,184,17,0,7.0,7,5,126,90042,2,1,1,1493
1171,14,2017,36,440000.00000000006,41,20,1,5.0,2,5,163,78030,2,4,1,1197
1172,138,2013,271,1650000.0,275,1,0,5.0,7,5,18,55000,2,1,2,1995
1173,110,2014,289,975000.0,211,9,0,7.0,7,5,74,100049,2,1,1,2199
1174,110,2010,108,535000.0,4,2,1,7.0,7,5,31,138033,5,1,1,2499
1175,86,2018,101,433000.0,45,4,1,7.0,4,5,35,14126,2,4,1,1198
1176,14,2020,167,1045000.0,171,27,1,5.0,7,5,208,35464,2,4,1,1330
1177,8,2013,310,550000.0,224,19,1,7.0,7,5,125,100036,5,1,2,2696
1178,84,2015,51,411000.00000000006,52,9,1,5.0,2,5,72,55161,5,4,3,1197
1179,86,2019,31,518000.0,48,9,0,5.0,2,5,75,33771,5,4,1,1086
1180,116,2016,154,525000.0,60,2,1,8.0,4,5,27,75011,2,1,1,1248
1181,116,2016,174,647000.0,77,9,1,5.0,8,5,80,41659,4,4,1,1591
1182,138,2012,337,925000.0,280,32,0,5.0,8,5,271,126055,5,1,2,2400
1183,86,2020,95,645000.0,58,29,1,5.0,8,5,244,19935,5,4,1,1199
1184,116,2016,10,253000.0,33,4,1,5.0,2,5,36,61126,2,4,1,799
1185,116,2012,293,1025000.0,161,23,1,7.0,7,5,195,100043,2,1,2,2477
1186,116,2013,292,1175000.0,160,23,1,7.0,7,5,195,70034,5,1,1,2477
1187,14,2018,84,600000.0,61,31,1,5.0,2,5,264,90068,2,1,2,1498
1188,110,2015,101,405000.0,52,9,1,5.0,8,5,81,86694,5,4,1,1197
1189,116,2011,116,1040000.0,13,21,0,5.0,8,5,171,86000,2,1,2,2143
1190,110,2015,219,585000.0,96,20,1,5.0,8,5,144,79399,2,4,1,1373
1191,138,2012,249,1175000.0,128,0,0,5.0,8,5,3,86038,5,1,1,1968
1192,14,2015,28,385000.0,22,20,1,5.0,2,5,163,69863,5,4,1,998
1193,138,2017,307,1750000.0,180,30,1,7.0,4,5,256,2000022,2,1,1,2393
1194,110,2013,26,310000.0,38,9,1,5.0,2,5,82,133727,5,4,1,1197
1195,138,2016,142,916000.0,134,9,0,5.0,7,5,68,85781,2,4,1,1591
1196,9,2022,93,800000.0,117,29,1,5.0,2,5,225,8837,4,1,1,1497
1197,50,2011,261,475000.0,131,30,1,5.0,8,5,248,120057,5,1,2,1364
1198,9,2019,93,699000.0,109,30,1,5.0,2,5,253,48527,2,4,1,1197
1199,14,2017,103,714000.0,100,8,1,5.0,7,5,64,71096,2,1,2,1498
1200,116,2020,101,750000.0,73,8,1,5.0,8,5,54,22000,2,4,1,1199
1201,9,2020,62,626000.0,59,9,1,5.0,2,5,73,110054,6,4,1,1197
1202,57,2012,203,465000.00000000006,73,8,1,5.0,8,5,58,85028,2,4,1,1497
1203,116,2021,237,1268000.0,112,8,1,5.0,8,5,58,10990,6,4,1,1498
1204,9,2017,242,805000.0000000001,148,9,1,5.0,8,5,70,115484,4,4,2,1999
1205,57,2011,133,475000.0,141,28,1,5.0,7,5,224,80062,5,1,2,1968
1206,138,2012,179,375000.0,76,28,1,5.0,8,5,221,80039,5,1,1,1598
1207,110,2020,24,510000.0,29,20,1,5.0,2,5,155,16473,5,4,1,998
1208,9,2022,356,9350000.0,305,1,0,5.0,7,5,20,8000,2,4,1,2998
1209,138,2017,101,660000.0,110,20,0,5.0,2,5,139,53819,5,4,1,1197
1210,138,2011,198,495000.0,163,17,1,8.0,4,5,124,100060,5,1,2,2179
1211,116,2017,181,790000.0,76,31,0,5.0,8,5,269,93000,2,4,1,1197
1212,116,2013,140,690000.0,73,20,1,7.0,4,5,146,82000,2,1,1,1248
1213,9,2013,354,1450000.0,278,1,0,5.0,8,5,14,100057,5,1,1,1995
1214,116,2016,101,570000.0,61,31,1,5.0,8,5,260,100425,5,1,1,1498
1215,8,2018,203,827000.0,93,9,1,5.0,8,5,80,102497,6,1,1,1582
1216,110,2011,140,345000.0,73,30,1,5.0,8,5,249,97942,5,4,2,1496
1217,9,2019,84,650000.0,61,31,1,5.0,2,5,264,78423,5,4,1,999
1218,9,2014,13,244000.0,27,20,1,5.0,2,5,137,43088,4,4,2,796
1219,9,2021,94,815000.0,113,27,1,5.0,7,5,211,14103,5,4,1,999
1220,116,2011,116,1100000.0,13,21,0,5.0,8,5,171,74000,2,1,1,2143
1221,8,2022,99,1150000.0,139,30,0,5.0,7,5,258,41285,2,4,1,1462
1222,8,2012,57,210000.0,60,6,1,5.0,2,5,51,76554,5,4,3,1196
1223,116,2018,101,391000.0,45,4,1,7.0,4,5,35,25119,5,4,1,1198
1224,116,2022,131,1529000.0,120,31,1,5.0,7,5,266,4977,2,4,1,999
1225,138,2023,202,5300000.0,200,32,0,5.0,7,5,277,10000,2,4,1,1969
1226,8,2004,340,250000.0,152,8,0,5.0,8,5,63,85037,2,4,3,2997
1227,138,2021,24,549000.0,29,20,1,5.0,2,5,155,2177,2,4,2,998
1228,9,2018,102,860000.0,123,6,1,5.0,7,5,47,40511,5,1,1,1498
1229,56,2021,100,1145000.0,126,9,1,5.0,7,5,79,30400,5,4,1,998
1230,66,2017,103,790000.0,100,8,1,5.0,7,5,64,75000,2,1,1,1498
1231,110,2021,134,1650000.0,120,28,0,5.0,7,5,218,27600,5,4,1,999
1232,84,2015,51,475000.0,52,9,1,5.0,2,5,72,53908,5,1,1,1120
1233,116,2020,377,5700000.0,199,21,0,5.0,8,5,174,30000,2,1,1,1950
1234,138,2017,325,4950000.0,292,21,0,5.0,7,5,181,46000,2,1,1,2143
1235,138,2021,67,828999.9999999999,108,29,0,5.0,7,5,238,9471,6,4,1,1199
1236,116,2020,48,648000.0,50,29,0,5.0,2,5,242,12011,2,4,1,1199
1237,8,2011,177,375000.0,76,31,0,5.0,8,5,269,85000,2,4,2,1598
1238,138,2016,142,964000.0,134,9,0,5.0,7,5,68,27370,2,4,1,1591
1239,138,2016,15,288000.0,32,9,1,5.0,2,5,69,53098,2,4,2,814
1240,110,2019,10,340000.0,33,4,1,5.0,2,5,36,51680,5,4,1,799
1241,14,2018,203,906000.0,73,8,0,5.0,8,5,58,35821,2,4,2,1497
1242,57,2013,165,3300000.0,283,14,0,5.0,1,5,106,60000,2,4,2,1999
1243,9,2018,87,686000.0,100,9,0,5.0,2,5,83,39323,2,4,2,1197
1244,110,2016,40,335000.0,37,27,1,5.0,2,5,210,60799,2,4,1,799
1245,116,2014,250,1350000.0,127,21,0,5.0,8,5,171,130000,2,1,2,2143
1246,57,2014,329,1800000.0,174,30,0,5.0,8,5,246,63000,2,4,1,2494
1247,57,2017,377,4900000.0,199,21,0,5.0,8,5,174,50000,2,1,1,2987
1248,116,2021,324,5750000.0,176,1,0,5.0,8,5,13,22600,5,1,1,1995
1249,57,2021,217,900000.0,94,20,1,5.0,8,5,144,30000,5,4,1,1462
1250,116,2018,203,900000.0,93,9,1,5.0,8,5,80,58619,5,4,1,1591
1251,14,2019,102,890000.0,123,6,1,5.0,7,5,47,23300,5,4,1,1497
1252,9,2010,77,280000.0,85,9,1,5.0,2,5,83,121032,5,4,3,1197
1253,57,2010,26,265000.0,38,9,1,5.0,2,5,82,91000,2,4,1,1197
1254,138,2020,157,1200000.0,148,13,1,5.0,7,5,99,30000,2,1,1,1493
1255,138,2019,101,574000.0,110,20,1,5.0,2,5,139,82171,2,4,2,1197
1256,9,2022,51,711000.0,57,29,1,5.0,2,5,242,18551,2,0,1,1199
1257,9,2020,101,960000.0,130,9,0,5.0,2,5,83,35000,2,4,1,998
1258,110,2016,11,273000.0,28,20,1,5.0,2,5,137,50252,2,4,1,796
1259,14,2019,101,593000.0,73,8,1,5.0,8,5,54,34715,2,4,2,1199
1260,138,2020,274,1725000.0,184,16,0,5.0,7,5,113,30197,5,4,1,1451
1261,138,2018,142,844999.9999999999,134,9,1,5.0,7,5,68,79089,4,4,2,1591
1262,138,2011,196,300000.0,73,24,1,5.0,8,5,200,24035,2,4,2,1498
1263,86,2020,61,735000.0,59,9,1,5.0,2,5,73,39605,2,1,1,1186
1264,9,2016,29,407000.0,26,20,0,5.0,2,5,163,66992,2,4,1,998
1265,138,2021,278,5900000.0,215,21,0,5.0,7,5,179,50000,2,1,1,1950
1266,9,2017,42,460000.0,39,20,1,5.0,2,5,142,29973,5,4,1,998
1267,57,2018,40,360000.0,37,27,1,5.0,2,5,210,49791,5,4,1,799
1268,138,2020,274,1650000.0,184,16,0,5.0,7,5,113,52609,5,4,1,1451
1269,9,2010,75,360000.0,73,8,1,5.0,2,5,61,70000,2,4,1,1198
1270,14,2018,103,700000.0,100,8,1,5.0,7,5,64,23000,5,4,1,1199
1271,116,2010,15,210000.0,22,20,1,5.0,2,5,136,52172,5,4,1,796
1272,110,2022,153,1825000.0,140,9,1,5.0,7,5,68,29041,5,1,1,1493
1273,9,2017,66,485000.0,55,24,0,5.0,2,5,198,67022,5,4,1,1198
1274,8,2021,400,9000000.0,236,0,0,5.0,8,5,5,9900,2,4,1,2995
1275,138,2016,101,513000.0,61,31,1,5.0,8,5,260,103651,6,1,2,1498
1276,138,2016,93,520000.0,60,8,0,5.0,8,5,54,49682,5,4,1,1198
1277,138,2018,270,4800000.0,283,32,0,5.0,7,5,278,31000,2,1,1,1984
1278,86,2018,40,305000.0,37,27,1,5.0,2,5,210,53751,2,4,3,799
1279,116,2015,13,238000.0,27,20,1,5.0,2,5,137,111283,2,4,2,796
1280,138,2013,103,540000.0,123,6,1,5.0,7,5,47,63000,2,1,2,1498
1281,110,2016,101,362000.0,44,4,1,7.0,4,5,35,52509,2,4,1,1198
1282,138,2017,66,460000.0,55,24,1,5.0,2,5,198,69319,5,1,1,1461
1283,116,2018,42,451000.0,51,20,1,5.0,2,5,142,89191,2,4,1,998
1284,86,2017,39,442000.0,87,17,1,6.0,7,5,119,123152,2,1,1,1198
1285,8,2013,355,1480000.0,270,0,0,5.0,8,5,4,65000,2,1,2,1968
1286,116,2014,93,430000.0,60,8,1,5.0,8,5,54,116413,2,1,1,1498
1287,138,2015,359,2290000.0,270,0,0,5.0,8,5,4,56000,5,4,1,1798
1288,138,2015,359,2090000.0,209,0,0,5.0,8,5,4,78000,5,4,1,1798
1289,9,2020,358,7500000.0,295,21,0,5.0,7,5,181,30000,2,1,1,1950
1290,110,2022,101,950000.0,127,9,1,5.0,7,5,79,11600,5,4,1,1197
1291,8,2021,274,1750000.0,184,16,1,5.0,7,5,113,18377,5,4,1,1451
1292,66,2010,191,365000.0,72,8,0,5.0,8,5,58,97000,2,4,2,1497
1293,116,2015,15,287000.0,32,9,1,5.0,2,5,69,75184,2,4,1,814
1294,116,2014,101,437000.0,101,20,1,5.0,8,5,159,49387,2,4,2,1197
1295,50,2011,26,310000.0,38,9,1,5.0,2,5,82,81000,2,4,1,1197
1296,110,2010,28,287000.0,26,20,1,5.0,2,5,163,80320,2,4,1,998
1297,138,2021,189,1202000.0,76,28,0,5.0,8,5,221,8608,6,4,1,999
1298,57,2018,203,975000.0,93,9,0,5.0,8,5,80,23000,2,4,1,1591
1299,110,2015,163,515000.00000000006,247,24,1,5.0,7,5,201,96892,5,1,3,1461
1300,8,2016,157,665000.0,173,27,1,5.0,7,5,208,75000,2,1,1,1461
1301,110,2016,13,279000.0,27,20,1,5.0,2,5,137,61237,4,4,1,796
1302,138,2021,98,766000.0,119,24,1,5.0,7,5,197,32806,2,4,1,999
1303,138,2019,40,380000.0,37,27,1,5.0,2,5,210,52138,5,4,1,999
1304,9,2016,101,520000.0,61,31,1,5.0,8,5,260,37429,5,4,1,999
1305,110,2010,36,260000.0,41,20,1,5.0,2,5,163,78978,5,4,2,998
1306,138,2012,298,1475000.0,187,30,1,7.0,7,5,252,100000,2,1,2,2982
1307,14,2014,323,1975000.0,292,21,0,5.0,7,5,183,96000,5,1,2,2143
1308,9,2018,295,2800000.0,212,28,0,7.0,7,5,217,69000,2,1,1,1968
1309,138,2015,32,450000.0,60,8,1,5.0,2,5,56,52044,5,4,1,1198
1310,9,2019,210,2425000.0,144,0,0,5.0,8,5,1,37000,5,4,1,1395
1311,14,2023,94,840000.0,105,27,1,7.0,4,5,215,8541,5,4,1,999
1312,66,2019,189,710000.0,76,28,0,5.0,8,5,221,30000,2,4,2,1598
1313,110,2018,45,459000.0,44,20,0,5.0,2,5,143,44768,2,4,1,998
1314,138,2020,102,769000.0,123,6,1,5.0,7,5,47,27062,2,4,1,1496
1315,138,2018,203,900000.0,93,9,1,5.0,8,5,80,46973,5,4,1,1591
1316,138,2022,239,1277000.0,116,31,1,5.0,8,5,270,22239,4,4,1,999
1317,116,2021,96,969000.0,154,29,1,5.0,7,5,237,16455,2,4,1,1199
1318,8,2021,360,6000000.0,284,1,0,5.0,8,5,14,20000,2,1,1,1995
1319,116,2022,93,942000.0,117,29,0,5.0,2,5,225,5107,2,4,1,1199
1320,110,2022,62,690000.0,59,9,1,5.0,2,5,73,34000,5,4,1,1197
1321,110,2018,183,1256000.0,165,12,0,5.0,7,5,94,88923,2,4,1,1368
1322,138,2013,28,288000.0,26,20,1,5.0,2,5,163,94581,5,4,2,998
1323,57,2017,371,3600000.0,307,14,0,7.0,7,5,102,71000,2,1,1,2993
1324,138,2021,101,950000.0,130,9,1,5.0,2,5,83,30924,5,4,1,998
1325,84,2011,33,222000.00000000003,22,20,1,5.0,2,5,138,58747,5,4,2,998
1326,110,2012,15,235000.0,22,20,1,5.0,2,5,136,63697,5,4,1,796
1327,116,2017,103,890000.0,100,8,1,5.0,7,5,64,53000,5,1,1,1498
1328,9,2016,102,660000.0,123,6,1,5.0,7,5,47,43000,2,1,1,1498
1329,116,2020,347,3900000.0,186,30,0,5.0,8,5,246,21000,2,4,1,2487
1330,8,2013,93,380000.0,60,8,1,5.0,8,5,54,108513,2,1,2,1498
1331,138,2015,179,675000.0,76,28,0,5.0,8,5,221,91000,2,1,1,1498
1332,138,2018,369,5000000.0,202,15,0,5.0,8,5,109,37000,2,4,1,2487
1333,14,2021,103,971000.0,99,8,1,5.0,7,5,64,71721,2,1,1,1498
1334,86,2019,40,352000.0,37,27,1,5.0,2,5,210,39276,4,4,1,999
1335,8,2014,379,2300000.0,273,11,0,5.0,8,5,92,35000,2,1,1,1999
1336,116,2019,101,866000.0,140,20,0,5.0,7,5,162,85616,6,1,1,1248
1337,86,2016,140,508000.0,73,30,1,5.0,8,5,249,56380,5,4,1,1496
1338,8,2009,77,260000.0,85,9,1,5.0,2,5,83,83000,2,4,3,1197
1339,138,2016,101,796000.0,140,20,1,5.0,7,5,162,66211,2,1,1,1248
1340,9,2019,210,2480000.0,144,0,0,5.0,8,5,1,37000,5,4,1,1395
1341,86,2016,51,434000.0,52,9,1,5.0,2,5,72,60662,2,4,1,1197
1342,138,2021,67,782000.0,108,29,0,5.0,7,5,238,24140,2,4,1,1199
1343,138,2015,359,2090000.0,209,0,0,5.0,8,5,4,56000,5,4,1,1798
1344,116,2017,180,2480000.0,181,0,0,5.0,7,5,6,47000,5,4,1,1395
1345,138,2016,180,1990000.0,252,0,0,5.0,7,5,6,54700,5,1,1,1968
1346,57,2021,101,1090000.0,130,9,0,5.0,2,5,83,27000,5,4,1,998
1347,138,2013,35,350000.0,38,2,1,5.0,2,5,24,63000,5,1,2,936
1348,9,2019,201,3375000.0,265,1,0,5.0,7,5,17,65000,2,1,1,1995
1349,57,2013,355,995000.0,270,0,0,5.0,8,5,4,81000,5,1,4,2967
1350,8,2014,385,2480000.0,292,21,0,7.0,7,5,176,94000,5,1,2,2987
1351,8,2022,233,1950000.0,148,13,0,7.0,4,5,97,11000,2,4,1,1353
1352,138,2022,239,1621000.0,116,31,0,5.0,8,5,270,12901,2,4,1,999
1353,110,2019,55,471000.0,45,4,0,5.0,2,5,34,29708,5,4,1,1198
1354,116,2021,159,1689999.9999999998,151,16,0,5.0,7,5,111,22186,5,4,1,1498
1355,86,2019,101,396000.0,45,4,1,7.0,4,5,35,71413,2,4,1,1198
1356,116,2011,77,301000.0,85,9,1,5.0,2,5,83,50046,5,4,3,1197
1357,138,2019,157,1490000.0,148,13,0,5.0,7,5,99,57600,5,4,1,1353
1358,86,2019,55,393000.0,45,4,1,5.0,2,5,34,46116,2,4,2,1198
1359,9,2021,281,1891000.0,220,29,0,6.0,7,5,236,24602,4,1,1,1956
1360,110,2018,84,555000.0,61,31,1,5.0,2,5,264,81454,5,4,1,999
1361,138,2022,328,6000000.0,156,1,0,5.0,8,5,11,6000,2,4,1,1998
1362,9,2019,102,990000.0,123,6,0,5.0,7,5,47,37655,5,4,1,1497
1363,8,2013,297,1390000.0,260,0,0,5.0,8,5,3,73000,2,1,2,1968
1364,5,2017,181,850000.0,76,31,1,5.0,8,5,269,15100,5,4,1,1598
1365,116,2016,180,2425000.0,181,0,0,5.0,7,5,6,70000,2,1,2,1968
1366,138,2016,180,2350000.0,181,0,0,5.0,7,5,6,75000,2,1,2,1968
1367,9,2022,215,4400000.0,192,0,0,5.0,7,5,6,15000,5,4,0,1984
1368,57,2020,101,1050000.0,139,13,1,5.0,7,5,100,23700,5,4,1,998
1369,116,2022,94,972000.0,113,27,1,5.0,7,5,211,7087,5,4,0,999
1370,8,2020,62,725000.0,59,9,1,5.0,2,5,73,40000,2,4,1,1197
1371,116,2016,40,316000.0,37,27,1,5.0,2,5,210,58155,5,4,2,799
1372,138,2020,102,860000.0,123,6,0,5.0,7,5,47,30015,4,4,3,1497
1373,110,2022,101,890000.0,59,9,0,5.0,8,5,67,5239,5,4,1,1197
1374,116,2011,26,251000.0,38,9,1,5.0,2,5,82,62606,5,4,2,1197
1375,116,2017,48,433000.0,50,29,1,5.0,2,5,242,65287,4,4,1,1199
1376,57,2019,210,3200000.0,144,0,0,5.0,8,5,1,12000,2,1,2,1968
1377,116,2018,218,715000.0,95,20,0,5.0,8,5,144,50267,2,1,1,1248
1378,116,2015,23,345000.0,28,20,0,5.0,2,5,138,87277,5,4,1,998
1379,138,2021,151,855000.0000000001,135,20,1,5.0,7,5,157,11323,5,4,1,1462
1380,86,2016,42,365000.0,51,20,0,5.0,2,5,142,90487,2,4,1,998
1381,50,2010,30,220000.00000000003,22,20,1,5.0,2,5,167,55405,5,4,1,998
1382,138,2022,324,6075000.0,176,1,0,5.0,8,5,13,15000,2,1,1,1995
1383,110,2017,101,890000.0,184,17,1,7.0,7,5,126,31450,5,1,1,1493
1384,138,2013,178,1350000.0,252,0,0,5.0,7,5,6,90000,2,1,1,1968
1385,138,2012,287,1220000.0,253,21,0,5.0,8,5,171,36000,2,4,2,1991
1386,116,2017,180,2400000.0,252,0,0,5.0,7,5,6,40000,2,1,2,1968
1387,110,2017,235,1650000.0,168,8,0,5.0,7,5,57,95000,2,4,1,1997
1388,8,2010,77,275000.0,85,9,1,5.0,2,5,83,107280,3,4,2,1197
1389,9,2019,176,1050000.0,157,24,1,5.0,7,5,196,45700,5,1,1,1461
1390,110,2013,88,295000.0,64,5,1,5.0,2,5,42,74686,5,1,1,1248
1391,110,2018,42,461000.00000000006,51,20,1,5.0,2,5,142,119004,2,4,1,998
1392,86,2019,100,719000.0,126,9,1,5.0,7,5,79,117079,2,1,1,1396
1393,57,2017,82,550000.0,70,8,1,5.0,2,5,61,35000,2,4,1,1199
1394,110,2012,25,287000.0,30,9,1,5.0,2,5,76,76730,2,4,1,1086
1395,138,2022,100,1035000.0,126,9,1,5.0,7,5,79,21123,5,4,1,998
1396,138,2014,261,875000.0,131,30,0,5.0,8,5,248,98000,2,4,1,1798
1397,110,2018,48,445000.0,50,29,1,5.0,2,5,242,69684,5,4,1,1199
1398,138,2020,167,1190000.0,171,27,0,5.0,7,5,208,16600,5,4,1,1330
1399,116,2016,181,540000.0,76,31,1,5.0,8,5,269,90403,5,4,2,1598
1400,138,2016,84,584000.0,61,31,1,5.0,2,5,264,81009,2,1,3,1498
1401,140,2021,131,1770000.0,120,31,1,5.0,7,5,266,16500,2,4,1,1498
1402,110,2017,48,430000.0,50,29,1,5.0,2,5,242,84741,5,1,2,1047
1403,116,2018,184,990000.0,183,17,1,9.0,7,5,127,51122,5,1,1,2179
1404,116,2016,345,2650000.0,267,21,0,5.0,8,5,174,60000,2,1,2,2143
1405,56,2010,57,120000.0,60,6,1,5.0,2,5,51,96094,5,1,4,1399
1406,9,2018,68,620000.0,103,20,0,5.0,2,5,158,42891,5,4,1,1197
1407,84,2018,157,890000.0,173,27,1,5.0,7,5,208,59100,5,1,1,1461
1408,138,2018,98,801000.0,156,29,0,5.0,7,5,237,55913,3,4,1,1198
1409,57,2017,216,2050000.0,185,31,0,5.0,7,5,267,65000,2,1,1,1968
1410,138,2019,328,3575000.0,178,1,0,5.0,8,5,12,60000,2,1,1,1995
1411,138,2015,45,400000.0,44,20,1,5.0,2,0,142,120000,5,4,3,998
1412,138,2018,102,811000.0,123,6,1,5.0,7,0,47,32706,2,4,2,1497
1413,110,2018,48,585000.0,50,29,1,5.0,2,0,242,11949,2,4,1,1199
1414,86,2014,101,462000.0,52,9,1,5.0,8,0,81,17794,2,4,1,1197
1415,55,2015,153,790000.0,136,20,1,5.0,7,0,157,60000,5,1,1,1248
1416,86,2020,183,1900000.0,165,12,1,5.0,7,0,94,20000,5,1,1,1956
1417,57,2017,54,345000.0,44,4,1,5.0,2,0,34,37772,2,4,1,1198
1418,86,2021,100,1200000.0,126,9,0,5.0,7,0,79,30000,5,4,1,998
1419,66,2018,218,960000.0,95,20,0,5.0,8,0,144,37000,2,4,1,1462
1420,110,2017,48,585000.0,50,29,1,5.0,2,0,242,11949,2,4,1,1199
1421,110,2018,101,690000.0,110,20,1,5.0,2,0,139,50000,5,4,1,1197
1422,84,2019,51,682000.0,52,9,0,5.0,2,0,72,24887,5,4,1,1197
1423,57,2018,81,825000.0,69,8,0,5.0,2,0,61,23000,2,4,1,1199
1424,110,2018,48,595000.0,50,29,0,5.0,2,0,242,48928,2,4,1,1199
1425,116,2014,248,690000.0,215,17,1,7.0,7,0,131,108862,2,1,3,2179
1426,86,2018,183,1350000.0,165,12,1,5.0,7,0,94,80000,5,1,1,1956
1427,9,2022,200,5595000.0,253,21,0,5.0,7,0,177,16000,2,1,1,1950
1428,9,2014,101,521000.0,86,9,1,5.0,2,0,83,65376,2,1,2,1396
1429,86,2022,96,1005000.0,154,29,1,5.0,7,0,237,10000,5,4,1,1199
1430,14,2016,203,775000.0,73,8,1,5.0,8,0,58,67000,2,4,2,1497
1431,138,2011,333,2200000.0,190,1,0,5.0,8,0,14,100000,5,1,3,1995
1432,116,2016,69,582000.0,101,20,1,5.0,2,0,158,18083,2,4,1,1197
1433,86,2020,167,1090000.0,171,27,1,5.0,7,0,208,30000,5,4,1,1498
1434,116,2016,48,457000.0,50,29,1,5.0,2,0,242,57634,2,4,2,1199
1435,86,2016,395,4900000.0,287,21,0,5.0,8,0,184,50000,5,4,2,4663
1436,86,2015,203,550000.0,73,8,1,5.0,8,0,58,110000,5,4,1,1497
1437,140,2018,31,570000.0,48,9,0,5.0,2,0,75,23447,2,4,1,1086
1438,86,2009,25,220000.00000000003,30,9,1,5.0,2,0,76,30000,5,3,2,1086
1439,138,2017,377,4145000.000000001,199,21,0,5.0,8,0,174,33000,2,4,1,1991
1440,8,2014,248,861000.0,215,17,1,7.0,7,0,131,87667,4,1,2,2179
1441,86,2016,297,1785000.0000000002,260,0,0,5.0,8,0,3,40000,5,1,2,1968
1442,116,2014,248,802999.9999999999,215,17,1,7.0,7,0,131,79012,2,1,2,2179
1443,8,2021,186,2565000.0,165,12,1,5.0,7,0,94,31344,2,1,1,1956
1444,86,2018,101,674000.0,52,9,1,5.0,8,0,81,50000,5,4,1,1197
1445,14,2015,29,349000.0,26,20,1,5.0,2,0,163,12434,2,4,1,998
1446,86,2019,182,1050000.0,102,20,1,7.0,4,0,146,60000,5,4,2,1462
1447,138,2019,287,4425000.0,253,21,0,5.0,8,0,171,12000,2,1,1,1950
1448,138,2015,29,406000.0,26,20,1,5.0,2,0,163,40987,2,4,2,998
1449,9,2020,360,4965000.0,284,1,0,5.0,8,0,14,18157,6,4,1,1998
1450,86,2011,292,1100000.0,186,30,1,7.0,7,0,252,120000,5,1,3,2982
1451,86,2020,167,1100000.0,171,27,0,5.0,7,0,208,40000,5,1,2,1461
1452,138,2016,87,594000.0,100,9,1,5.0,2,0,83,89667,2,4,1,1197
1453,86,2017,87,710000.0,100,9,1,5.0,2,0,83,120000,5,1,1,1396
1454,9,2017,101,692000.0,110,20,1,5.0,2,0,139,56997,6,4,1,1197
1455,86,2013,230,650000.0,130,9,1,5.0,8,0,70,120000,5,4,1,1797
1456,138,2015,359,2090000.0,209,0,0,5.0,8,0,4,59000,5,1,1,1968
1457,116,2021,14,411000.00000000006,28,20,1,5.0,2,0,137,18835,6,4,1,796
1458,55,2010,198,650000.0,163,17,1,7.0,7,0,124,120000,5,1,2,2179
1459,138,2016,70,3675000.0,91,22,0,4.0,2,0,186,40000,2,4,1,1998
1460,110,2019,48,610000.0,50,29,1,5.0,2,0,242,60932,2,4,1,1199
1461,138,2020,157,1675000.0,148,13,0,5.0,7,0,99,33539,2,4,2,1353
1462,14,2018,48,530000.0,50,29,1,5.0,2,0,242,66837,2,4,2,1199
1463,138,2022,380,7990000.000000001,266,21,0,5.0,8,0,174,400,4,1,1,2925
1464,86,2008,15,250000.0,22,20,1,5.0,2,0,136,60000,5,4,2,796
1465,57,2019,87,715000.0,100,9,1,5.0,2,0,83,44285,5,4,1,1197
1466,86,2014,385,3500000.0,292,21,0,7.0,7,0,176,100000,5,1,2,2987
1467,138,2021,281,2250000.0,220,29,0,6.0,7,0,236,25000,2,1,1,1956
1468,9,2018,51,625000.0,52,9,1,5.0,2,0,72,36735,2,4,1,1197
1469,138,2015,381,2695000.0,300,0,0,7.0,7,0,8,79000,2,1,1,2967
1470,55,2010,198,650000.0,163,17,1,8.0,7,0,124,120000,5,1,2,2179
1471,86,2022,47,550000.0,37,27,0,5.0,2,0,210,10000,5,4,1,999
1472,138,2018,98,825000.0,156,29,1,5.0,7,0,237,53645,2,1,1,1497
1473,86,2006,63,220000.00000000003,55,9,1,5.0,2,0,71,100000,5,4,2,1341
1474,86,2014,42,428000.0,51,20,0,5.0,2,0,142,53982,2,4,1,998
1475,8,2014,179,695000.0,76,28,1,5.0,8,0,221,110000,5,1,1,1498
1476,138,2019,102,930000.0,123,6,1,5.0,7,0,47,37741,5,4,2,1496
1477,116,2021,14,455000.0,28,20,1,5.0,2,0,137,17367,2,4,1,796
1478,57,2017,142,1195000.0,134,9,1,5.0,7,0,68,94000,2,1,1,1582
1479,57,2021,256,2175000.0,220,29,0,5.0,7,0,228,33700,2,1,1,1956
1480,138,2014,69,442000.0,101,20,1,5.0,2,0,158,54601,2,4,3,1197
1481,86,2018,68,690000.0,103,20,1,5.0,2,0,158,110000,5,1,1,1248
1482,110,2017,45,500000.0,44,20,1,5.0,2,0,142,64000,4,4,2,998
1483,138,2016,328,3395000.0000000005,178,1,0,5.0,8,0,12,40525,2,1,1,1995
1484,138,2015,219,650000.0,96,20,1,5.0,8,0,144,100000,5,1,1,1248
1485,138,2016,82,537000.0,70,8,0,5.0,2,0,61,44154,2,4,2,1199
1486,138,2016,221,750000.0,115,27,1,7.0,4,0,212,70000,5,1,1,1461
1487,138,2018,284,1789999.9999999998,159,28,0,5.0,8,0,220,79000,2,4,1,1798
1488,84,2017,48,468000.0,50,29,1,5.0,2,0,242,68039,5,4,2,1199
1489,116,2014,52,420000.0,60,20,1,5.0,2,0,154,60000,5,4,2,1197
1490,116,2014,52,420000.0,60,20,1,5.0,2,0,154,60000,5,4,2,1197
1491,86,2021,101,920000.0,130,9,1,5.0,2,0,83,10000,5,4,1,998
1492,140,2013,203,533000.0,73,8,1,5.0,8,0,58,49873,4,4,1,1497
1493,86,2013,83,850000.0,61,31,0,5.0,2,0,264,90000,5,4,3,1197
1494,116,2017,189,751000.0,76,28,1,5.0,8,0,221,48960,5,1,2,1498
1495,86,2014,51,388000.0,52,9,1,5.0,2,0,72,70000,5,1,2,1120
1496,116,2013,101,490000.00000000006,86,9,1,5.0,2,0,83,68000,2,4,2,1197
1497,84,2016,39,494000.00000000006,87,17,1,6.0,7,0,119,23017,4,1,1,1198
1498,14,2013,101,525000.0,86,9,1,5.0,2,0,83,83000,2,1,2,1396
1499,138,2016,299,2890000.0,289,1,0,5.0,7,0,18,92000,2,1,2,1995
1500,110,2018,34,550000.0,22,20,1,5.0,2,0,163,62139,2,4,1,998
1501,57,2013,26,365000.0,38,9,1,5.0,2,0,82,74000,2,3,1,1086
1502,110,2016,40,420000.0,37,27,0,5.0,2,0,210,26500,2,4,2,999
1503,116,2017,268,1895000.0,274,32,0,5.0,8,0,272,81716,2,1,1,1969
1504,138,2018,377,5990000.0,199,21,0,5.0,8,0,174,24000,2,1,2,2987
1505,138,2022,100,1050000.0,169,17,0,5.0,7,0,130,10000,5,4,1,1197
1506,8,2021,303,2075000.0,184,16,0,6.0,7,0,114,18000,2,4,1,1451
1507,86,2013,32,394000.0,60,8,1,5.0,2,0,56,38197,4,4,1,1198
1508,57,2017,101,725000.0,110,20,0,5.0,2,0,139,23000,2,4,2,1197
1509,110,2013,33,240000.0,22,20,1,5.0,2,0,138,50000,5,4,1,998
1510,86,2022,94,835000.0,113,27,0,5.0,7,0,211,10000,5,4,1,999
1511,9,2019,51,695000.0,52,9,1,5.0,2,0,72,19000,5,4,1,1197
1512,138,2020,157,1725000.0,148,13,0,5.0,7,0,99,14000,2,4,1,1353
1513,138,2014,15,330000.0,32,9,1,5.0,2,0,69,29268,2,4,1,814
1514,86,2019,181,990000.0,76,31,0,5.0,8,0,269,20000,5,4,1,1197
1515,86,2018,196,750000.0,96,30,1,5.0,8,0,259,30000,5,4,1,1496
1516,57,2018,82,755000.0,70,8,0,5.0,2,0,61,64374,5,4,1,1199
1517,86,2021,274,1750000.0,184,16,1,5.0,7,0,113,30000,5,1,1,1956
1518,138,2022,223,2083000.0,140,9,0,6.0,7,0,66,7100,2,4,1,1999
1519,116,2010,26,271000.0,38,9,1,5.0,2,0,82,43679,2,4,1,1086
1520,86,2018,142,1280000.0,134,9,0,5.0,7,0,68,40000,5,4,1,1591
1521,110,2012,101,436000.00000000006,86,9,1,5.0,2,0,83,40562,4,1,1,1396
1522,138,2021,153,1675000.0,140,9,0,5.0,7,0,68,26500,2,4,2,1397
1523,86,2019,100,1250000.0,126,9,0,5.0,7,0,79,20000,5,4,1,998
1524,116,2016,248,1350000.0,215,17,0,7.0,7,0,131,58600,5,1,1,2179
1525,86,2019,100,1250000.0,126,9,0,5.0,7,0,79,20000,5,4,1,998
1526,138,2020,135,2225000.0,166,31,0,5.0,7,0,265,42050,2,4,1,1498
1527,138,2015,45,475000.0,44,20,0,5.0,2,0,142,65017,1,4,1,998
1528,86,2008,231,600000.0,163,1,0,5.0,8,0,11,80000,5,1,2,1995
1529,86,2021,186,2450000.0,165,12,0,5.0,7,0,94,30000,5,4,1,1368
1530,86,2020,157,1625000.0,148,13,0,5.0,7,0,99,20000,5,4,1,1353
1531,138,2014,332,1650000.0,163,28,0,5.0,8,0,223,36349,5,1,1,1968
1532,86,2009,26,249000.00000000003,38,9,1,5.0,2,0,82,80000,5,4,3,1197
1533,110,2014,157,630000.0,173,27,1,5.0,7,0,208,83394,5,4,2,1598
1534,86,2016,265,2599000.0,271,0,0,5.0,7,0,7,30000,5,1,2,1968
1535,86,2009,26,249000.00000000003,38,9,1,5.0,2,0,82,80000,5,4,3,1197
1536,116,2017,20,385000.0,23,20,1,5.0,2,0,138,52204,4,4,1,998
1537,110,2012,77,300000.0,85,9,1,5.0,2,0,83,110000,5,4,3,1197
1538,8,2017,351,2975000.0,199,6,0,7.0,7,0,48,89000,5,1,1,3198
1539,86,2014,14,276000.0,28,20,1,5.0,2,0,137,29813,2,4,2,796
1540,55,2018,73,500000.0,73,6,1,5.0,2,0,51,30000,5,4,1,1196
1541,138,2020,43,730000.0,67,20,0,5.0,2,0,151,13345,2,4,1,1197
1542,57,2022,223,2245000.0,140,9,0,7.0,7,0,66,17100,2,1,1,1498
1543,57,2014,51,399000.0,52,9,1,5.0,2,0,72,75000,2,4,1,1197
1544,110,2011,26,312000.0,38,9,1,5.0,2,0,82,75523,2,4,2,1197
1545,116,2015,248,1275000.0,215,17,1,7.0,7,0,131,47000,2,1,1,2179
1546,138,2022,256,1990000.0,220,29,1,5.0,7,0,228,36500,2,1,1,1956
1547,116,2020,94,719000.0,105,27,1,7.0,4,0,215,28253,2,4,1,999
1548,138,2016,142,1260000.0,134,9,1,5.0,7,0,68,50000,5,1,1,1582
1549,86,2010,26,300000.0,38,9,1,5.0,2,0,82,90000,5,4,2,1197
1550,86,2016,348,3981000.0,234,1,0,5.0,7,0,20,70000,5,1,2,2993
1551,57,2016,87,627000.0,100,9,1,5.0,2,0,83,52571,2,4,1,1197
1552,86,2010,227,1300000.0,163,1,0,5.0,8,0,11,70000,5,1,2,1995
1553,116,2015,203,672000.0,73,8,1,5.0,8,0,58,61993,2,4,1,1497
1554,138,2017,212,1825000.0,194,9,0,5.0,7,0,78,57000,2,1,1,1995
1555,86,2021,317,3500000.0,197,30,1,7.0,7,0,252,80000,5,1,2,2755
1556,9,2013,101,440000.00000000006,86,9,1,5.0,2,0,83,36359,2,4,1,1197
1557,86,2019,255,1460000.0,219,29,1,5.0,7,0,228,70000,5,1,2,1956
1558,138,2022,274,2041000.0,184,16,0,5.0,7,0,113,7500,2,4,1,1451
1559,8,2017,203,1033000.0,93,9,0,5.0,8,0,80,30301,2,4,1,1591
1560,50,2010,26,275000.0,38,9,1,5.0,2,0,82,66000,2,4,1,1197
1561,138,2017,87,676000.0,100,9,1,5.0,2,0,83,56010,2,4,1,1197
1562,138,2017,275,4290000.0,214,21,0,5.0,7,0,179,47000,2,1,1,2143
1563,86,2014,163,650000.0,247,24,1,5.0,7,0,201,60000,5,1,2,1461
1564,110,2014,68,444000.00000000006,103,20,1,5.0,2,0,158,83829,5,1,1,1248
1565,86,2020,47,510000.0,37,27,0,5.0,2,0,210,10000,5,4,1,999
1566,57,2016,157,925000.0,173,27,0,5.0,7,0,208,35000,2,1,2,1461
1567,138,2019,203,1024000.0,73,8,0,5.0,8,0,58,51116,2,4,2,1497
1568,86,2016,179,500000.0,76,28,1,5.0,8,0,221,80000,5,1,3,1498
1569,86,2017,84,995000.0,61,31,0,5.0,2,0,264,40000,5,4,2,1197
1570,138,2012,244,935000.0,168,8,0,5.0,7,0,57,85565,2,4,2,2354
1571,86,2018,102,834000.0,123,6,1,5.0,7,0,47,36916,2,4,1,1497
1572,86,2015,84,560000.0,61,31,1,5.0,2,0,264,90000,5,1,1,1498
1573,116,2012,69,454000.0,101,20,1,5.0,2,0,158,112795,2,4,1,1197
1574,86,2014,248,1100000.0,120,30,1,7.0,4,0,255,120000,5,4,2,1998
1575,110,2016,32,462000.0,60,8,1,5.0,2,0,56,36685,2,4,2,1198
1576,86,2012,280,900000.0,215,9,0,7.0,7,0,74,120000,5,1,2,2199
1577,9,2022,382,7900000.0,226,1,0,4.0,8,0,15,4000,2,4,1,1998
1578,116,2019,101,843000.0,110,20,0,5.0,2,0,139,32184,4,4,2,1197
1579,138,2018,101,799000.0,110,20,1,5.0,2,0,140,32279,2,4,1,998
1580,138,2015,87,576000.0,100,9,1,5.0,2,0,83,59698,2,4,1,1197
1581,57,2018,162,949000.0,158,27,1,5.0,7,0,207,46071,2,1,1,1461
1582,140,2017,101,795000.0,140,20,1,5.0,7,0,162,90000,5,1,1,1248
1583,9,2019,100,1085000.0,126,9,1,5.0,7,0,79,9554,4,4,1,998
1584,56,2022,186,2590000.0,165,12,0,5.0,7,0,94,14000,2,4,1,1368
1585,14,2013,157,516000.0,173,27,1,5.0,7,0,208,74499,4,1,2,1461
1586,57,2017,102,777000.0,123,6,0,5.0,7,0,47,56211,2,4,2,1497
1587,138,2019,81,753000.0,69,8,1,5.0,2,0,61,9001,2,4,1,1199
1588,84,2017,248,1226000.0,215,17,0,7.0,7,0,131,65457,5,1,2,1997
1589,110,2017,82,725000.0,70,8,1,5.0,2,0,61,23682,2,4,1,1199
1590,110,2020,203,1150000.0,93,9,1,5.0,8,0,80,50000,5,1,1,1582
1591,138,2015,68,629000.0,103,20,1,5.0,2,0,158,134557,2,1,2,1248
1592,9,2013,101,447000.0,101,20,1,5.0,8,0,159,96567,2,4,2,1197
1593,138,2015,45,400000.0,44,20,1,5.0,2,0,142,120000,5,4,3,998
1594,138,2014,140,786000.0,73,20,1,7.0,4,0,146,83007,2,1,2,1248
1595,66,2018,82,745000.0,70,8,1,5.0,2,0,61,34000,2,4,1,1199
1596,138,2014,51,490000.00000000006,52,9,0,5.0,2,0,72,81634,2,4,1,1197
1597,14,2017,203,942000.0,73,8,0,5.0,8,0,58,57284,2,4,2,1497
1598,116,2016,103,675000.0,123,6,0,5.0,7,0,47,70000,5,4,2,1499
1599,110,2013,32,330000.0,60,8,1,5.0,2,0,56,70000,5,4,2,1198
1600,138,2018,196,875000.0,96,30,0,5.0,8,0,259,46429,5,4,2,1496
1601,138,2017,101,869000.0,110,20,1,5.0,2,0,139,17624,2,4,1,1197
1602,9,2012,177,425000.0,76,31,1,5.0,8,0,269,100000,5,1,2,1598
1603,86,2019,203,1070000.0,73,8,1,5.0,8,0,58,30000,5,4,1,1497
1604,9,2018,102,1025000.0,123,6,1,5.0,7,0,47,49690,5,4,2,1496
1605,138,2016,248,1000000.0,215,17,1,7.0,7,0,131,110000,5,1,1,2179
1606,55,2009,111,375000.0,10,5,1,5.0,8,0,40,50000,5,4,1,1368
1607,55,2009,111,375000.0,10,5,1,5.0,8,0,40,50000,5,4,1,1368
1608,116,2018,102,844000.0,123,6,0,5.0,7,0,47,55702,2,4,1,1497
1609,14,2016,101,764000.0,120,9,1,5.0,2,0,84,45046,5,1,1,1396
1610,116,2014,52,420000.0,60,20,1,5.0,2,0,154,53000,5,4,2,1197
1611,110,2016,101,684000.0,110,20,1,5.0,2,0,139,94695,5,1,1,1248
1612,116,2019,101,802999.9999999999,110,20,1,5.0,2,0,139,22162,6,4,1,1197
1613,86,2010,25,320000.0,30,9,1,5.0,2,0,76,70000,5,4,2,1086
1614,116,2017,203,803999.9999999999,73,8,1,5.0,8,0,58,115331,2,1,1,1498
1615,86,2013,338,1400000.0,173,21,0,5.0,8,0,174,70000,5,1,2,2148
1616,138,2016,69,548000.0,101,20,1,5.0,2,0,158,42233,2,4,2,1197
1617,86,2019,51,619000.0,52,9,1,5.0,2,0,72,20941,2,4,1,1197
1618,110,2018,101,1000000.0,140,20,1,5.0,7,0,162,50000,5,1,2,1248
1619,14,2018,103,865000.0,100,8,1,5.0,7,0,64,46602,2,4,1,1199
1620,138,2014,310,1000000.0,224,19,0,7.0,7,0,125,50000,5,1,2,2696
1621,110,2014,68,535000.0,103,20,1,5.0,2,0,158,104000,2,1,2,1248
1622,14,2018,102,975000.0,123,6,1,5.0,7,0,47,90000,2,1,1,1498
1623,9,2017,101,699000.0,110,20,1,5.0,2,0,139,50035,5,4,1,1197
1624,55,2021,96,1150000.0,154,29,1,5.0,7,0,237,80000,5,4,1,1199
1625,66,2015,87,625000.0,100,9,1,5.0,2,0,83,90000,2,4,2,1197
1626,86,2011,342,1000000.0,196,21,0,5.0,8,0,174,90000,5,1,4,2143
1627,116,2011,261,600000.0,131,30,1,5.0,8,0,248,120000,5,1,1,1364
1628,9,2015,101,675000.0,101,20,1,5.0,8,0,159,25170,4,4,1,1197
1629,86,2021,217,893000.0,94,20,1,5.0,8,0,144,25022,2,4,1,1462
1630,86,2012,70,420000.0,73,20,1,5.0,2,0,158,100000,5,1,2,1248
1631,86,2020,217,941000.0,94,20,1,5.0,8,0,144,26367,6,4,1,1462
1632,116,2015,230,630000.0,130,9,0,5.0,8,0,70,76567,6,4,2,1797
1633,86,2013,248,1275000.0,123,30,1,7.0,4,0,255,120000,5,1,2,2494
1634,110,2015,51,525000.0,52,9,0,5.0,2,0,72,36459,2,4,2,1197
1635,57,2016,153,750000.0,136,20,1,5.0,7,0,157,93725,2,1,1,1248
1636,116,2016,219,632000.0,96,20,0,5.0,8,0,144,115599,2,4,2,1373
1637,110,2015,101,645000.0,101,20,1,5.0,8,0,159,43469,6,4,1,1197
1638,86,2005,104,500000.0,2,6,1,5.0,8,0,53,70000,5,4,4,1299
1639,138,2019,356,6795000.0,305,1,0,5.0,7,0,20,77000,2,1,2,2993
1640,110,2018,101,850000.0,140,20,1,5.0,7,0,162,100000,2,1,1,1248
1641,116,2008,214,299000.0,73,23,1,5.0,8,0,192,72000,5,4,1,1999
1642,9,2013,365,2095000.0,210,11,0,5.0,8,0,92,77000,2,1,1,2179
1643,138,2013,381,2800000.0,300,0,0,7.0,7,0,8,87101,2,1,1,2967
1644,116,2021,84,999000.0,61,31,1,5.0,2,0,264,40771,4,4,2,999
1645,116,2018,82,825000.0,70,8,1,5.0,2,0,61,28000,2,4,1,1199
1646,116,2008,28,250000.0,22,20,1,5.0,2,0,163,40000,2,4,3,1061
1647,138,2020,100,1295000.0,126,9,0,5.0,7,0,79,26000,2,4,1,998
1648,116,2012,28,329000.0,26,20,1,5.0,2,0,163,76032,2,4,1,998
1649,9,2018,218,666000.0,95,20,1,5.0,8,0,144,113780,2,4,1,1462
1650,138,2019,210,2290000.0,144,0,0,5.0,8,0,1,24000,5,1,1,1968
1651,138,2020,100,1026000.0,126,9,1,5.0,7,0,79,65812,4,1,2,1493
1652,110,2022,134,1700000.0,120,28,0,5.0,7,0,218,10000,5,4,1,999
1653,84,2016,101,681000.0,110,20,1,5.0,2,0,139,39959,6,4,1,1197
1654,86,2022,223,1689999.9999999998,140,9,0,7.0,7,0,66,10000,5,4,1,1999
1655,86,2016,20,318000.0,23,20,1,5.0,2,0,138,65484,5,4,3,998
1656,110,2017,101,688000.0,110,20,1,5.0,2,0,139,49174,2,4,1,1197
1657,110,2022,131,1300000.0,120,31,1,5.0,7,0,266,20000,5,4,1,999
1658,86,2009,26,265000.0,38,9,1,5.0,2,0,82,50000,5,4,1,1197
1659,86,2018,101,645000.0,103,20,0,5.0,8,0,159,40000,5,4,2,1197
1660,138,2022,223,2000000.0,140,9,0,7.0,7,0,66,30000,5,4,1,1999
1661,86,2007,227,900000.0,163,1,0,5.0,1,0,11,50000,5,4,3,2497
1662,86,2020,68,620000.0,103,20,1,5.0,2,0,158,80000,5,4,1,1197
1663,86,2022,159,1470000.0,151,16,1,5.0,7,0,111,20000,5,4,1,1498
1664,86,2010,138,220000.00000000003,56,9,1,5.0,8,0,65,70000,5,0,1,1495
1665,86,2014,297,1475000.0,260,0,0,5.0,8,0,3,90000,5,1,1,1968
1666,9,2020,47,415000.00000000006,37,27,1,5.0,2,0,210,40000,5,4,1,999
1667,14,2016,82,610000.0,70,8,1,5.0,2,0,61,63797,2,4,1,1199
1668,110,2018,51,560000.0,52,9,1,5.0,2,0,72,60216,2,4,2,1197
1669,86,2015,23,425000.0,28,20,0,5.0,2,0,138,10000,5,4,2,998
1670,116,2016,101,686000.0,110,20,1,5.0,2,0,139,38153,2,4,1,1197
1671,116,2015,69,517000.0,101,20,1,5.0,2,0,158,76485,2,4,1,1197
1672,86,2015,29,385000.0,26,20,1,5.0,2,0,163,40000,5,4,2,998
1673,9,2016,101,675000.0,110,20,1,5.0,2,0,139,40623,2,4,1,1197
1674,110,2018,287,3300000.0,253,21,0,5.0,8,0,171,18000,5,1,2,2143
1675,110,2014,69,499000.0,101,20,1,5.0,2,0,158,88051,5,4,1,1197
1676,86,2022,69,774000.0,101,20,1,5.0,2,0,158,16522,4,4,1,1197
1677,86,2019,183,1475000.0,165,12,1,5.0,7,0,94,70000,5,1,2,1956
1678,86,2008,28,240000.0,22,20,1,5.0,2,0,163,80000,5,4,3,1061
1679,86,2019,100,1025000.0,126,9,1,5.0,7,0,79,50000,5,1,1,1396
1680,86,2023,96,1400000.0,154,29,1,5.0,7,0,237,10000,5,4,1,1199
1681,116,2013,15,285000.0,32,9,1,5.0,2,0,69,57000,5,4,2,814
1682,86,2016,248,1000000.0,215,17,1,7.0,7,0,131,110000,5,1,1,2179
1683,110,2019,101,780000.0,110,20,1,5.0,2,0,139,10000,5,4,1,1197
1684,86,2012,70,475000.0,73,20,1,5.0,2,0,158,50000,5,4,2,1197
1685,110,2019,100,750000.0,169,17,1,5.0,7,0,130,120000,5,1,1,1497
1686,57,2014,51,555000.0,52,9,1,5.0,2,0,72,35469,2,4,1,1197
1687,86,2017,82,607000.0,70,8,1,5.0,2,0,61,40073,5,4,2,1199
1688,110,2017,51,514000.0,52,9,1,5.0,2,0,72,65730,5,4,2,1197
1689,116,2005,134,250000.0,67,20,1,5.0,8,0,139,120000,5,4,2,1590
1690,116,2016,101,705000.0,110,20,1,5.0,2,0,139,36184,4,4,2,1197
1691,138,2016,101,653000.0,110,20,1,5.0,2,0,139,69310,2,4,1,1197
1692,138,2015,203,872000.0000000001,73,8,0,5.0,8,0,58,55643,5,4,1,1497
1693,110,2017,51,564000.0,52,9,0,5.0,2,0,72,62803,5,4,2,1197
1694,86,2011,83,370000.0,61,31,1,5.0,2,0,264,90000,5,1,2,1199
1695,116,2015,69,550000.0,101,20,1,5.0,2,0,158,68656,5,4,1,1197
1696,14,2016,82,517000.0,70,8,1,5.0,2,0,61,77501,2,4,3,1199
1697,86,2016,101,620000.0,73,20,1,5.0,8,0,159,40000,5,4,1,1197
1698,86,2016,101,620000.0,73,20,1,5.0,8,0,159,40000,5,4,1,1197
1699,138,2014,203,750000.0,73,8,0,5.0,8,0,58,48325,5,4,1,1497
1700,86,2022,96,1220000.0,154,29,1,5.0,7,0,237,30000,5,4,1,1199
1701,138,2013,166,1350000.0,249,21,0,5.0,2,0,170,100000,2,1,2,2143
1702,138,2015,68,575000.0,103,20,1,5.0,2,0,158,69000,2,4,1,1197
1703,86,2018,183,1250000.0,165,12,1,5.0,7,0,94,110000,5,1,1,1956
1704,86,2016,174,868000.0,77,9,1,5.0,8,0,80,50000,5,4,2,1591
1705,138,2020,383,3000000.0,245,13,0,8.0,4,0,98,60000,5,1,1,2199
1706,86,2021,101,980000.0,130,9,1,5.0,2,0,83,20000,5,4,1,998
1707,138,2022,69,900000.0,101,20,0,5.0,2,0,158,14999,4,4,1,1197
1708,138,2016,82,550000.0,70,8,1,5.0,2,0,61,90773,2,4,2,1199
1709,55,2012,179,450000.0,76,28,1,5.0,8,0,221,90000,5,1,1,1598
1710,138,2017,68,610000.0,103,20,1,5.0,2,0,158,64917,6,4,2,1197
1711,14,2017,82,543000.0,70,8,1,5.0,2,0,61,70235,2,4,1,1199
1712,86,2021,101,980000.0,130,9,1,5.0,2,0,83,30000,5,4,1,998
1713,14,2016,82,535000.0,70,8,1,5.0,2,0,61,78782,6,4,1,1199
1714,80,2014,248,850000.0,215,17,1,7.0,7,0,131,164000,2,1,2,2179
1715,116,2016,219,661000.0,96,20,1,5.0,8,0,144,72136,5,4,2,1373
1716,86,2015,69,505000.0,101,20,1,5.0,2,0,158,52486,2,4,2,1197
1717,8,2007,113,450000.0,12,28,0,5.0,8,0,219,150000,5,1,1,1896
1718,116,2017,103,865000.0,100,8,1,5.0,7,0,64,36887,5,4,1,1199
1719,9,2019,100,999000.0,126,9,1,5.0,7,0,79,47962,2,4,1,998
1720,116,2014,163,595000.0,247,24,1,5.0,7,0,201,135000,2,1,1,1461
1721,14,2018,341,2365000.0,201,28,0,5.0,8,0,223,47398,2,4,2,1798
1722,55,2012,238,400000.0,96,5,1,5.0,8,0,40,50000,5,4,2,1368
1723,138,2012,129,550000.0,67,20,1,5.0,8,0,159,100000,5,1,1,1248
1724,138,2020,309,6050000.0,228,1,0,5.0,7,0,19,55000,2,1,1,2993
1725,8,2011,299,1600000.0,289,1,0,5.0,7,0,18,110000,2,1,2,1995
1726,86,2013,84,520000.0,61,31,0,5.0,2,0,264,90000,5,4,3,1197
1727,9,2016,101,616000.0,110,20,1,5.0,2,0,139,116624,6,4,1,1197
1728,116,2019,218,795000.0,95,20,1,5.0,8,0,144,54561,6,4,2,1462
1729,86,2013,248,1275000.0,123,30,1,7.0,4,0,255,120000,5,1,2,2494
1730,110,2016,82,624000.0,70,8,1,5.0,2,0,61,65072,2,4,1,1199
1731,86,2017,51,549000.0,52,9,1,5.0,2,0,72,133532,6,4,1,1197
1732,86,2010,245,760000.0,127,30,1,7.0,4,0,255,120000,5,1,3,2494
1733,84,2013,101,524000.0,101,20,1,5.0,8,0,159,39886,2,4,1,1197
1734,138,2019,248,1650000.0,215,17,1,7.0,7,0,131,80000,5,1,1,2179
1735,86,2015,68,583000.0,103,20,1,5.0,2,0,158,56976,2,1,2,1248
1736,138,2020,181,1147000.0,76,31,1,5.0,8,0,269,68303,6,4,2,999
1737,110,2013,44,1750000.0,62,22,0,4.0,2,0,188,80000,5,4,2,1598
1738,57,2016,189,825000.0,76,28,0,5.0,8,0,221,54000,2,1,1,1498
1739,138,2016,257,3150000.0,298,14,0,7.0,7,0,103,98500,5,1,1,2179
1740,57,2018,84,755000.0,61,31,1,5.0,2,0,264,72348,5,4,1,1199
1741,116,2015,142,875000.0,134,9,1,5.0,7,0,68,70000,2,4,1,1591
1742,138,2021,84,855000.0000000001,61,31,1,5.0,2,0,264,62696,4,4,1,999
1743,138,2014,298,1845000.0,187,30,0,7.0,7,0,252,174000,2,1,3,2982
1744,84,2016,51,525000.0,52,9,1,5.0,2,0,72,65000,2,4,1,1197
1745,116,2017,51,650000.0,52,9,0,5.0,2,0,72,36000,2,4,1,1197
1746,138,2011,114,950000.0,13,30,1,7.0,4,0,255,199000,2,1,2,2494
1747,14,2018,203,846000.0000000001,73,8,0,5.0,8,0,58,71905,6,4,1,1497
1748,110,2013,69,424000.0,101,20,1,5.0,2,0,158,69748,2,4,2,1197
1749,66,2008,15,210000.0,22,20,1,5.0,2,0,136,44000,2,4,1,796
1750,110,2021,196,959000.0,96,30,1,5.0,8,0,259,17875,5,4,2,1496
1751,138,2020,167,889000.0,171,27,1,5.0,7,0,208,95678,2,4,1,1330
1752,116,2022,94,850000.0,113,27,0,5.0,7,0,211,12003,5,4,1,999
1753,110,2018,102,836000.0,123,6,1,5.0,7,0,47,114427,2,1,2,1498
1754,86,2022,94,660000.0,113,27,0,5.0,7,0,211,20000,5,4,1,999
1755,138,2012,32,334000.0,60,8,1,5.0,2,0,56,64655,2,4,1,1198
1756,110,2018,39,594000.0,87,17,1,6.0,7,0,119,46456,5,4,1,1198
1757,86,2021,94,991000.0,113,27,0,5.0,7,0,211,20000,5,4,1,999
1758,86,2018,183,1450000.0,165,12,1,5.0,7,0,94,50000,5,1,1,1956
1759,86,2011,177,219000.0,76,31,1,5.0,8,0,269,90000,5,1,4,1598
1760,86,2022,101,1285000.0,127,9,1,5.0,7,0,79,20000,5,1,1,1493
1761,138,2021,196,4195000.0,259,32,0,5.0,7,0,277,27000,2,4,1,1969
1762,86,2008,114,455000.0,13,30,1,8.0,4,0,255,150000,5,1,3,2494
1763,86,2022,93,825000.0,109,20,1,5.0,2,0,139,10000,5,4,1,1197
1764,86,2018,203,825000.0,73,8,1,5.0,8,0,58,40000,5,4,1,1497
1765,9,2020,102,920000.0,123,6,1,5.0,7,0,47,40000,5,1,1,1498
1766,86,2018,287,3300000.0,253,21,0,5.0,8,0,171,20000,5,1,2,2143
1767,110,2017,103,729000.0,123,6,1,5.0,7,0,47,91598,4,1,2,1498
1768,86,2015,42,432000.0,51,20,1,5.0,2,0,142,57521,2,4,1,998
1769,86,2016,157,700000.0,173,27,1,5.0,7,0,208,100000,5,1,1,1461
1770,86,2021,203,1499000.0,93,9,1,5.0,8,0,80,7598,2,4,1,1497
1771,14,2017,157,762000.0,173,27,1,5.0,7,0,208,38520,2,4,1,1598
1772,86,2022,159,1625000.0,151,16,1,5.0,7,0,111,20000,5,4,1,1498
1773,14,2014,157,632000.0,173,27,1,5.0,7,0,208,110455,2,1,2,1461
1774,110,2020,100,1218000.0,126,9,0,5.0,7,0,79,26901,2,4,1,998
1775,138,2017,51,524000.0,52,9,0,5.0,2,0,72,65376,6,4,1,1197
1776,110,2018,248,1405000.0,215,17,1,7.0,7,0,131,28177,2,1,3,2179
1777,86,2022,99,1390000.0,139,13,1,5.0,7,0,100,10000,5,4,1,998
1778,138,2021,274,1890000.0,184,16,0,5.0,7,0,113,30000,2,4,1,1451
1779,138,2018,142,1275000.0,134,9,0,5.0,7,0,68,27000,5,4,1,1591
1780,86,2010,0,275000.0,0,9,0,5.0,2,0,82,90000,5,4,3,1197
1781,86,2022,202,1125000.0,71,8,1,5.0,8,0,58,20000,5,4,1,1497
1782,110,2016,203,650000.0,73,8,0,5.0,8,0,58,82998,2,4,1,1497
1783,138,2010,115,700000.0,14,0,0,5.0,8,0,3,110000,5,4,3,1781
1784,57,2019,203,1100000.0,73,8,1,5.0,8,0,58,14500,5,4,1,1497
1785,138,2016,143,260000.0,107,17,1,5.0,8,0,129,120000,5,1,3,1461
1786,116,2010,0,395000.0,0,9,0,5.0,2,0,82,68000,2,4,2,1197
1787,138,2019,101,681000.0,52,9,1,5.0,8,0,81,25887,5,4,1,1197
1788,86,2020,24,405000.0,29,20,1,5.0,2,0,155,74094,2,4,1,998
1789,138,2018,82,765000.0,70,8,0,5.0,2,0,61,40000,2,4,1,1199
1790,110,2014,52,487000.0,60,20,1,5.0,2,0,154,91045,4,1,1,1248
1791,138,2018,248,1474000.0,215,17,1,7.0,7,0,131,80033,5,1,1,2179
1792,86,2017,248,1340000.0,215,17,0,7.0,7,0,131,70000,5,1,2,2179
1793,9,2021,94,770000.0,105,27,0,7.0,4,0,215,13957,2,4,1,999
1794,57,2018,101,818000.0,110,20,0,5.0,2,0,139,34140,5,4,2,1197
1795,138,2017,102,724000.0,123,6,1,5.0,7,0,47,20056,2,4,1,1497
1796,110,2016,42,468000.0,51,20,0,5.0,2,0,142,38233,2,4,3,998
1797,138,2013,270,500000.0,133,31,1,5.0,8,0,262,100000,5,4,1,1390
1798,9,2016,103,600000.0,123,6,1,5.0,7,0,47,50000,5,1,2,1498
1799,86,2017,248,1350000.0,215,17,1,7.0,7,0,131,70000,5,1,2,2179
1800,84,2016,51,525000.0,52,9,1,5.0,2,0,72,44000,2,4,1,1197
1801,55,2006,63,175000.0,55,9,1,5.0,2,0,71,90000,5,4,2,1341
1802,86,2016,219,725000.0,96,20,0,5.0,8,0,144,30000,5,4,1,1373
1803,86,2018,51,550000.0,52,9,1,5.0,2,0,72,50000,5,4,1,1197
1804,138,2019,68,650000.0,103,20,1,5.0,2,0,158,98000,2,4,1,1197
1805,56,2017,81,775000.0,69,8,0,5.0,2,0,61,47000,2,4,1,1199
1806,86,2019,203,900000.0,93,9,1,5.0,8,0,80,70000,5,4,1,1591
1807,116,2020,14,408000.0,28,20,1,5.0,2,0,137,16998,2,4,1,796
1808,84,2017,51,642000.0,52,9,0,5.0,2,0,72,15256,2,4,1,1197
1809,86,2019,203,900000.0,93,9,1,5.0,8,0,80,70000,5,4,1,1591
1810,8,2020,10,521000.0,33,4,0,5.0,2,0,36,4495,2,4,1,999
1811,138,2020,94,695000.0,105,27,1,7.0,4,0,215,34561,6,4,1,999
1812,86,2018,23,390000.0,28,20,1,5.0,2,0,138,40000,5,4,2,998
1813,84,2016,48,429000.0,50,29,1,5.0,2,0,242,142135,2,4,1,1199
1814,138,2021,101,520000.0,82,6,1,5.0,8,0,46,120000,5,4,1,1194
1815,14,2019,36,625000.0,41,20,0,5.0,2,0,163,9553,4,4,1,1197
1816,9,2022,47,601000.0,36,27,1,5.0,2,0,210,7600,6,4,1,999
1817,86,2017,183,1300000.0,165,12,1,5.0,7,0,94,120000,5,1,1,1956
1818,116,2017,51,645000.0,52,9,0,5.0,2,0,72,20000,2,4,1,1197
1819,86,2013,381,1975000.0,300,0,0,7.0,7,0,8,120000,5,1,2,2967
1820,110,2016,87,695000.0,100,9,1,5.0,2,0,83,45578,5,4,1,1197
1821,138,2013,270,500000.0,133,31,1,5.0,8,0,262,100000,5,4,1,1390
1822,9,2014,328,1644000.0000000002,155,1,0,5.0,8,0,11,100000,2,1,2,1995
1823,116,2019,102,894999.9999999999,123,6,1,5.0,7,0,47,42000,2,4,1,1497
1824,86,2013,26,350000.0,38,9,1,5.0,2,0,82,90000,5,4,2,1197
1825,86,2012,172,550000.0,77,9,1,5.0,8,0,80,70000,5,1,1,1582
1826,86,2010,376,750000.0,137,6,0,7.0,7,0,48,100000,5,1,3,2953
1827,9,2017,43,581000.0,67,20,1,5.0,2,0,151,16306,2,4,1,1197
1828,138,2020,36,513000.0,41,20,1,5.0,2,0,163,25086,2,4,3,1197
1829,9,2017,101,650000.0,110,20,1,5.0,2,0,139,54845,5,4,1,1197
1830,110,2020,80,806000.0,104,6,1,5.0,2,0,52,35642,2,1,1,1498
1831,116,2016,101,725000.0,110,20,0,5.0,2,0,139,22173,4,4,1,1197
1832,9,2018,360,4950000.0,284,1,0,5.0,8,0,14,50000,2,1,1,2993
1833,8,2014,51,426000.0,52,9,1,5.0,2,0,72,67790,4,4,1,1197
1834,66,2019,23,485000.0,28,20,1,5.0,2,0,138,38000,2,4,1,998
1835,138,2012,32,351000.0,60,8,1,5.0,2,0,56,49713,5,4,2,1198
1836,110,2021,47,490000.00000000006,37,27,1,5.0,2,0,210,10002,5,4,1,999
1837,57,2017,248,1495000.0,215,17,1,7.0,7,0,131,46706,5,1,1,2179
1838,86,2014,68,510000.0,103,20,1,5.0,2,0,158,90000,5,1,2,1248
1839,138,2016,300,2750000.0,216,1,0,5.0,7,0,18,106000,2,1,1,1995
1840,138,2017,84,1025000.0,61,31,0,5.0,2,0,264,55833,5,4,1,1197
1841,110,2015,180,2345000.0,252,0,0,5.0,7,0,6,46716,5,1,2,1968
1842,57,2016,189,825000.0,76,28,1,5.0,8,0,221,54000,2,1,1,1498
1843,116,2016,102,675000.0,123,6,1,5.0,7,0,47,68000,2,1,2,1498
1844,57,2010,57,190000.0,60,6,1,5.0,2,0,51,113348,2,1,3,1399
1845,138,2014,355,890000.0,270,0,0,5.0,8,0,4,134000,5,1,1,1968
1846,116,2022,94,823000.0,113,27,0,5.0,7,0,211,20000,5,4,1,999
1847,138,2014,69,554000.0,101,20,1,5.0,2,0,158,52311,2,4,1,1197
1848,8,2014,101,499000.0,101,20,1,5.0,8,0,159,59514,2,4,1,1197
1849,86,2022,94,815000.0,113,27,0,5.0,7,0,211,10000,5,4,1,999
1850,116,2020,101,719000.0,110,20,1,5.0,2,0,139,36743,4,4,1,1197
1851,116,2015,42,372000.0,51,20,1,5.0,2,0,142,83046,4,4,1,998
1852,86,2018,42,515000.00000000006,39,20,0,5.0,2,0,142,10000,5,4,1,998
1853,116,2016,82,554000.0,70,8,1,5.0,2,0,61,59420,5,4,2,1199
1854,57,2023,95,700000.0,58,29,1,5.0,8,0,244,4545,2,4,1,1199
1855,116,2011,69,410000.0,101,20,1,5.0,2,0,158,70404,5,4,1,1197
1856,116,2016,219,685000.0,96,20,1,5.0,8,0,144,39725,4,4,1,1373
1857,86,2022,328,5500000.0,156,1,0,5.0,8,0,11,10000,5,4,1,1998
1858,86,2022,157,1800000.0,148,13,0,5.0,7,0,99,10000,5,1,1,1493
1859,86,2006,28,180000.0,22,20,1,5.0,2,0,163,60000,5,4,2,998
1860,86,2018,102,765000.0,123,6,1,5.0,7,0,47,50000,5,4,2,1497
1861,86,2023,296,1950000.0,184,16,1,5.0,7,0,113,10000,5,4,1,1451
1862,86,2013,230,491000.0,130,9,1,5.0,8,0,70,50000,5,4,3,1797
1863,116,2021,102,1175000.0,123,6,1,5.0,7,0,47,23272,5,1,1,1498
1864,14,2020,102,999000.0,123,6,1,5.0,7,0,47,8407,2,4,1,1496
1865,86,2018,68,715000.0,103,20,0,5.0,2,0,158,50000,5,4,1,1197
1866,86,2018,304,3400000.0,188,0,0,5.0,8,0,3,10000,5,1,1,1968
1867,8,2021,153,1779000.0,140,9,0,5.0,7,0,68,14881,2,4,1,1353
1868,116,2012,101,404000.0,86,9,1,5.0,2,0,83,54305,5,4,1,1197
1869,86,2016,26,358000.0,38,9,1,5.0,2,0,82,50000,5,4,2,1086
1870,9,2017,43,581000.0,67,20,0,5.0,2,0,151,64998,2,4,1,1197
1871,110,2015,87,630000.0,100,9,1,5.0,2,0,83,75940,5,4,1,1197
1872,57,2016,82,560000.0,70,8,1,5.0,2,0,61,25639,5,4,1,1199
1873,116,2019,248,1551000.0,215,17,1,7.0,7,0,131,44107,5,1,1,2179
1874,86,2014,174,525000.0,77,9,1,5.0,8,0,80,60000,5,4,2,1591
1875,86,2018,42,501000.0,39,20,1,5.0,2,0,142,41594,2,4,1,998
1876,138,2020,36,617000.0,41,20,0,5.0,2,0,163,24786,2,4,2,1197
1877,57,2017,23,365000.0,28,20,1,5.0,2,0,138,56000,5,4,1,998
1878,138,2018,237,995000.0,112,8,0,5.0,8,0,58,90000,2,4,1,1498
1879,84,2019,87,775000.0,100,9,1,5.0,2,0,83,31000,2,4,2,1197
1880,116,2018,305,4700000.0,299,11,0,5.0,7,0,89,30000,5,1,2,1999
1881,66,2017,203,770000.0,93,9,1,5.0,8,0,80,36000,2,4,1,1591
1882,57,2018,68,725000.0,103,20,1,5.0,2,0,158,19065,5,4,1,1197
1883,138,2019,81,840000.0,69,8,0,5.0,2,0,61,30538,2,4,1,1199
1884,110,2018,87,799000.0,100,9,1,5.0,2,0,83,48891,2,4,2,1197
1885,86,2014,148,1380000.0,134,21,0,5.0,2,0,168,60000,5,4,2,1595
1886,138,2018,68,696000.0,103,20,1,5.0,2,0,158,26676,4,4,1,1197
1887,110,2015,69,576000.0,101,20,1,5.0,2,0,158,35647,2,4,1,1197
1888,110,2020,93,721000.0,109,30,1,5.0,2,0,253,63825,6,4,1,1197
1889,14,2018,203,995000.0,73,8,1,5.0,8,0,58,31346,5,4,2,1497
1890,116,2015,87,594000.0,100,9,1,5.0,2,0,83,79349,5,4,2,1197
1891,110,2015,248,927000.0,215,17,1,7.0,7,0,131,88203,2,1,1,2179
1892,9,2018,180,3275000.0,181,0,0,5.0,7,0,6,37370,2,1,1,1968
1893,110,2015,29,426000.0,26,20,1,5.0,2,0,163,52228,2,4,1,998
1894,86,2015,142,1100000.0,134,9,0,5.0,7,0,68,70000,5,1,1,1582
1895,116,2022,98,905000.0,118,24,1,5.0,7,0,197,40542,6,4,1,999
1896,116,2019,157,848000.0,173,27,0,5.0,7,0,208,47936,2,4,1,1498
1897,86,2008,320,575000.0,122,28,0,5.0,8,0,223,70000,5,1,2,2496
1898,138,2013,203,400000.0,73,8,1,5.0,8,0,58,110000,5,4,5,1497
1899,138,2016,142,894999.9999999999,134,9,1,5.0,7,0,68,45000,2,4,2,1591
1900,9,2019,100,1099000.0,126,9,1,5.0,7,0,79,20469,5,4,1,998
1901,86,2011,77,425000.0,85,9,1,5.0,2,0,83,60000,5,4,1,1197
1902,9,2012,101,445000.0,73,20,1,5.0,8,0,159,70000,2,4,2,1197
1903,86,2014,179,320000.0,76,28,1,5.0,8,0,221,150000,5,1,4,1598
1904,57,2017,181,775000.0,76,31,1,5.0,8,0,269,46258,5,4,2,1598
1905,116,2013,28,327000.0,26,20,1,5.0,2,0,163,54242,2,4,3,998
1906,14,2017,82,661000.0,70,8,0,5.0,2,0,61,90727,2,4,1,1199
1907,138,2012,248,775000.0,215,17,1,7.0,7,0,131,100000,2,1,1,2179
1908,14,2017,101,682000.0,103,20,1,5.0,8,0,159,31003,2,4,1,1197
1909,84,2017,51,577000.0,52,9,1,5.0,2,0,72,24233,4,4,1,1197
1910,86,2015,84,500000.0,61,31,1,5.0,2,0,264,90000,5,4,3,1198
1911,110,2017,82,679000.0,70,8,1,5.0,2,0,61,36983,2,4,1,1199
1912,57,2014,166,1445000.0,249,21,0,5.0,2,0,170,68915,2,1,1,2143
1913,116,2021,69,776000.0,101,20,1,5.0,2,0,158,5440,4,4,1,1197
1914,9,2021,50,690000.0,57,29,1,5.0,2,0,242,8096,6,4,1,1199
1915,86,2012,179,380000.0,76,28,1,5.0,8,0,221,120000,5,1,2,1598
1916,86,2014,157,560000.0,173,27,1,5.0,7,0,208,60000,5,4,3,1598
1917,86,2017,273,1125000.0,240,29,1,7.0,7,0,239,120000,5,1,1,2179
1918,9,2015,221,515000.00000000006,115,27,1,7.0,4,0,212,125903,2,1,2,1461
1919,138,2018,87,799000.0,100,9,1,5.0,2,0,83,33040,2,4,2,1197
1920,138,2009,292,1200000.0,186,30,1,7.0,7,0,252,110000,5,1,2,2982
1921,138,2019,87,835000.0,100,9,1,5.0,2,0,83,30722,5,1,1,1396
1922,86,2016,203,750000.0,73,8,1,5.0,8,0,58,80000,5,1,1,1498
1923,86,2009,292,1275000.0,186,30,1,7.0,7,0,252,120000,5,1,2,2982
1924,138,2017,342,3075000.0,196,21,0,5.0,8,0,174,33000,2,1,2,2143
1925,86,2014,203,527000.0,73,8,1,5.0,8,0,58,58778,2,4,1,1497
1926,116,2019,24,426000.0,29,20,1,5.0,2,0,155,51395,2,4,1,998
1927,138,2015,102,625000.0,123,6,0,5.0,7,0,47,100000,2,4,2,1496
1928,8,2013,101,447000.0,101,20,1,5.0,8,0,159,65881,2,4,2,1197
1929,138,2014,69,552000.0,101,20,1,5.0,2,0,158,49934,2,4,2,1197
1930,138,2016,203,795000.0,73,8,1,5.0,8,0,58,91000,2,1,2,1498
1931,138,2018,45,459000.0,44,20,1,5.0,2,0,143,61576,2,4,2,998
1932,138,2016,219,700000.0,96,20,1,5.0,8,0,144,114321,0,4,2,1373
1933,138,2019,24,405000.0,29,20,1,5.0,2,0,155,53125,5,4,1,998
1934,110,2020,47,536000.0,37,27,0,5.0,2,0,210,36462,2,4,1,999
1935,9,2014,323,2400000.0,292,21,0,5.0,7,0,183,97542,2,1,1,2143
1936,138,2017,325,4745000.0,292,21,0,5.0,7,0,181,89000,2,1,1,2987
1937,138,2018,157,894999.9999999999,173,27,1,5.0,7,0,208,13000,2,4,2,1498
1938,8,2018,203,1375000.0,93,9,1,5.0,8,0,80,41000,5,1,1,1582
1939,110,2017,84,880000.0000000001,61,31,0,5.0,2,0,264,94471,4,4,1,1197
1940,66,2011,114,1030000.0,13,30,1,7.0,4,0,255,58000,2,1,1,2494
1941,14,2016,36,475000.0,41,20,1,5.0,2,0,163,46000,2,4,1,1197
1942,8,2022,159,1150000.0,151,16,1,5.0,7,0,111,10000,5,4,1,1498
1943,138,2020,278,5675000.0,215,21,0,5.0,7,0,179,36531,2,1,1,1950
1944,138,2021,99,960000.0,139,30,1,5.0,7,0,258,50000,5,4,1,1462
1945,116,2020,42,532000.0,39,20,1,5.0,2,0,142,36004,4,4,2,998
1946,138,2016,203,651000.0,73,8,1,5.0,8,0,58,58808,2,4,2,1497
1947,9,2017,287,3200000.0,253,21,0,5.0,8,0,171,10000,5,1,1,2143
1948,116,2016,87,715000.0,100,9,1,5.0,2,0,83,31983,2,4,1,1197
1949,66,2016,101,740000.0,140,20,1,5.0,7,0,162,78536,4,1,1,1248
1950,86,2022,157,1700000.0,148,13,1,5.0,7,0,99,20000,5,1,1,1493
1951,8,2013,101,455000.0,101,20,1,5.0,8,0,159,54134,2,4,2,1197
1952,86,2021,157,1698999.9999999998,148,13,0,5.0,7,0,99,10000,5,4,1,1497
1953,110,2019,51,524000.0,52,9,1,5.0,2,0,72,27227,2,4,2,1197
1954,57,2019,183,1764999.9999999998,165,12,0,5.0,7,0,94,25508,2,4,1,1368
1955,86,2017,87,525000.0,100,9,1,5.0,2,0,83,30000,5,4,1,1197
1956,55,2019,157,1600000.0,148,13,0,5.0,7,0,99,20000,5,4,1,1353
1957,9,2012,177,360000.0,76,31,1,5.0,8,0,269,100000,5,1,2,1598
1958,86,2021,87,1650000.0,197,17,0,4.0,7,0,128,20000,5,4,1,1997
1959,86,2011,77,410000.0,85,9,1,5.0,2,0,83,50000,5,4,1,1197
1960,138,2018,266,3150000.0,132,21,0,5.0,8,0,172,36000,2,1,1,2143
1961,86,2019,87,850000.0,100,9,1,5.0,2,0,83,40000,5,1,1,1396
1962,110,2021,100,1260000.0,126,9,0,5.0,7,0,79,19047,4,4,1,998
1963,86,2020,98,850000.0,156,29,1,5.0,7,0,237,50000,5,4,1,1198
1964,110,2018,42,493000.0,39,20,0,5.0,2,0,142,64453,2,4,1,998
1965,138,2018,32,505000.0,60,8,1,5.0,2,0,56,43387,2,4,1,1198
1966,138,2020,101,825000.0,110,20,0,5.0,2,0,139,36538,5,4,1,1197
1967,14,2017,101,682000.0,120,9,1,5.0,2,0,84,36787,6,4,2,1197
1968,110,2018,42,486000.00000000006,51,20,1,5.0,2,0,142,32112,2,4,2,998
1969,8,2022,153,1800000.0,140,9,1,5.0,7,0,68,30000,5,4,1,1497
1970,116,2017,51,540000.0,52,9,1,5.0,2,0,72,53701,2,4,1,1197
1971,86,2018,51,530000.0,52,9,1,5.0,2,0,72,30000,5,4,2,1197
1972,110,2020,14,407000.0,28,20,1,5.0,2,0,137,26085,6,4,2,796
1973,110,2016,51,453000.0,52,9,1,5.0,2,0,72,46894,5,4,3,1197
1974,86,2021,101,1010000.0,139,13,1,5.0,7,0,100,30000,5,4,1,998
1975,138,2017,235,1675000.0,168,8,0,5.0,7,0,57,53692,5,4,2,2354
1976,14,2018,248,1645000.0,215,17,0,7.0,7,0,131,37809,2,1,2,2179
1977,14,2018,48,625000.0,50,29,0,5.0,2,0,242,33000,2,4,1,1199
1978,138,2022,36,635000.0,41,20,1,5.0,2,0,163,30813,2,4,1,1197
1979,116,2013,174,550000.0,77,9,1,5.0,8,0,80,56254,2,1,1,1582
1980,138,2017,266,2450000.0,132,21,0,5.0,8,0,172,58000,2,1,1,2143
1981,57,2020,217,1025000.0,94,20,0,5.0,8,0,144,15727,5,4,2,1462
1982,110,2017,27,550000.0,35,17,0,4.0,2,0,133,20000,5,2,1,72
1983,110,2021,101,977000.0,130,9,1,5.0,2,0,83,21113,2,4,1,998
1984,138,2021,261,1705000.0,148,9,1,5.0,8,0,70,71775,2,1,1,1493
1985,116,2018,69,667000.0,101,20,0,5.0,2,0,158,59882,4,4,1,1197
1986,116,2014,51,494000.00000000006,52,9,0,5.0,2,0,72,24463,2,4,2,1197
1987,116,2015,203,636000.0,73,8,1,5.0,8,0,58,72352,6,4,1,1497
1988,9,2017,102,792000.0,123,6,1,5.0,7,0,47,90928,2,1,1,1498
1989,86,2021,98,695000.0,119,24,1,5.0,7,0,197,10000,5,4,2,999
1990,86,2014,57,360000.0,60,6,1,5.0,2,0,51,60000,5,4,2,1196
1991,85,1998,8,58000.0,19,20,1,5.0,5,0,153,80000,5,4,5,796
1992,110,2016,101,827000.0,140,20,1,5.0,7,0,162,117530,2,1,1,1248
1993,110,2011,69,382000.0,101,20,1,5.0,2,0,158,102814,2,4,1,1197
1994,9,2021,51,650000.0,57,29,1,5.0,2,0,242,20000,5,4,1,1199
1995,9,2017,42,512000.0,39,20,0,5.0,2,0,142,34801,6,4,1,998
1996,116,2018,42,463000.0,51,20,1,5.0,2,0,142,51877,2,4,3,998
1997,86,2023,203,1500000.0,93,9,0,5.0,8,0,80,10000,5,4,1,1497
1998,116,2018,45,525000.0,44,20,1,5.0,2,0,143,17125,4,4,2,998
1999,86,2014,157,460000.0,173,27,1,5.0,7,0,208,30000,5,1,1,1461
2000,116,2016,101,627000.0,110,20,1,5.0,2,0,139,50318,5,4,1,1197
2001,116,2012,174,511000.00000000006,77,9,1,5.0,8,0,80,46123,2,4,1,1591
2002,55,2006,63,55000.0,55,9,1,5.0,2,0,71,120000,5,4,3,1341
2003,86,2015,87,600000.0,100,9,1,5.0,2,0,83,70000,5,1,2,1396
2004,9,2014,279,1285000.0,133,31,0,5.0,8,0,262,33360,2,1,1,1968
2005,8,2022,225,3150000.0,185,31,0,5.0,7,0,267,21800,5,4,1,1984
2006,110,2023,93,750000.0,117,29,1,5.0,2,0,225,10000,5,4,1,1199
2007,86,2006,25,130000.0,30,9,1,5.0,2,0,76,60000,5,4,3,1086
2008,138,2021,101,985000.0,130,9,0,5.0,2,0,83,11045,5,4,1,1197
2009,9,2018,181,1045000.0,76,31,0,5.0,8,0,269,51406,5,1,1,1498
2010,110,2012,41,200000.0,55,29,1,5.0,2,0,231,70000,5,1,1,1396
2011,9,2017,101,710000.0,110,20,1,5.0,2,0,139,26031,2,4,1,1197
2012,116,2016,69,586000.0,101,20,1,5.0,2,0,158,30740,2,4,1,1197
2013,86,2022,159,1500000.0,151,16,0,5.0,7,0,111,20000,5,4,1,1498
2014,138,2017,43,584000.0,67,20,0,5.0,2,0,151,65909,6,4,1,1197
2015,9,2013,101,409000.0,86,9,1,5.0,2,0,83,140590,2,4,1,1197
2016,116,2019,307,2175000.0,180,30,0,7.0,4,0,256,32953,5,4,2,2694
2017,116,2019,101,738000.0,103,20,0,5.0,8,0,159,51801,2,4,1,1197
2018,86,2015,101,380000.0,52,9,1,5.0,8,0,81,80000,5,1,1,1120
2019,9,2017,87,656000.0,100,9,1,5.0,2,0,83,62621,6,4,1,1197
2020,110,2014,69,483000.0,101,20,1,5.0,2,0,158,79068,2,4,1,1197
2021,86,2018,68,510000.0,103,20,1,5.0,2,0,158,50000,5,4,1,1197
2022,86,2018,101,750000.0,61,31,0,5.0,8,0,260,30000,5,1,2,1498
2023,48,2008,26,185000.0,38,9,1,5.0,2,0,82,72000,5,4,2,1086
2024,86,2008,26,180000.0,38,9,1,5.0,2,0,82,80000,5,4,2,1086
2025,86,2021,307,1900000.0,180,30,1,8.0,4,0,256,10000,5,4,1,2694
2026,86,2022,256,2100000.0,220,29,0,5.0,7,0,228,20000,5,1,1,1956
2027,84,2016,248,1245000.0,215,17,0,7.0,7,0,131,36314,2,1,2,2179
2028,110,2010,83,300000.0,61,31,1,5.0,2,0,264,67000,5,4,1,1198
2029,116,2017,43,546000.0,67,20,0,5.0,2,0,151,47488,2,4,2,1197
2030,110,2016,82,533000.0,70,8,1,5.0,2,0,61,56814,2,4,1,1199
2031,55,2004,203,160000.0,73,8,0,5.0,8,0,58,90000,5,4,1,1493
2032,138,2012,26,332000.0,38,9,1,5.0,2,0,82,63206,2,4,1,1197
2033,116,2018,218,809000.0,95,20,1,5.0,8,0,144,61103,2,4,2,1462
2034,8,2008,15,200000.0,22,20,1,5.0,2,0,136,70000,5,4,1,796
2035,138,2015,45,347000.0,44,20,0,5.0,2,0,142,112268,2,4,3,998
2036,86,2006,49,150000.0,67,20,1,5.0,2,0,158,70000,5,4,2,1298
2037,116,2021,131,1359000.0,120,31,1,5.0,7,0,266,97346,2,4,1,999
2038,86,2018,51,543000.0,52,9,1,5.0,2,0,72,36977,2,4,2,1197
2039,86,2006,49,150000.0,67,20,1,5.0,2,0,158,70000,5,4,3,1298
2040,86,2013,101,475000.0,86,9,1,5.0,2,0,83,60000,5,1,2,1396
2041,86,2003,31,110000.0,48,9,1,5.0,2,0,75,80000,5,4,2,1086
2042,116,2016,40,350000.0,37,27,0,5.0,2,0,210,35000,5,4,2,999
2043,8,2006,63,135000.0,55,9,1,5.0,2,0,71,100000,5,4,3,1341
2044,86,2005,28,170000.0,22,20,1,5.0,2,0,163,90000,5,4,2,998
2045,138,2018,201,2850000.0,170,1,0,5.0,7,0,17,85700,2,1,1,1995
2046,14,2016,287,2750000.0,253,21,0,5.0,8,0,171,50000,2,1,1,2143
2047,86,2015,248,1449000.0,123,30,1,7.0,4,0,255,50000,5,1,2,2494
2048,86,2015,23,300000.0,28,20,1,5.0,2,0,138,50000,5,4,1,998
2049,86,2014,29,377000.0,26,20,1,5.0,2,0,163,40082,4,4,2,998
2050,116,2017,101,638000.0,103,20,0,5.0,8,0,159,112566,2,1,2,1248
2051,138,2020,153,1575000.0,140,9,0,5.0,7,0,68,68000,2,4,1,1397
2052,116,2021,36,674000.0,41,20,0,5.0,2,0,163,61978,2,4,1,1197
2053,138,2021,36,613000.0,41,20,1,5.0,2,0,163,27658,4,4,1,1197
2054,116,2019,157,1145000.0,148,13,1,5.0,7,0,99,26000,2,4,1,1497
2055,110,2015,87,595000.0,100,9,1,5.0,2,0,83,43371,2,4,2,1197
2056,8,2014,103,450000.0,123,6,1,5.0,7,0,47,120000,5,1,2,1498
2057,110,2017,82,599000.0,70,8,1,5.0,2,0,61,67633,5,4,1,1199
2058,84,2016,101,625000.0,110,20,1,5.0,2,0,139,76794,5,4,1,1197
2059,86,2011,114,750000.0,13,30,1,8.0,4,0,255,120000,5,1,1,2494
2060,116,2018,307,2165000.0,180,30,0,8.0,4,0,256,59577,2,1,1,2755
2061,86,2010,253,445000.0,137,2,1,5.0,8,0,26,100000,5,1,2,1991
2062,8,2004,322,120000.0,168,30,1,5.0,8,0,246,100000,5,4,3,2362
2063,86,2012,26,320000.0,38,9,1,5.0,2,0,82,50000,5,4,2,1197
2064,86,2022,101,1350000.0,139,13,0,5.0,7,0,100,20000,5,1,1,1493
2065,86,2006,15,165000.0,22,20,1,5.0,2,0,136,120000,5,4,2,796
2066,8,2018,91,525000.0,64,5,1,5.0,2,0,43,50000,5,4,2,1368
2067,138,2015,142,888000.0000000001,134,9,1,5.0,7,0,68,80000,5,1,1,1582
2068,116,2015,101,575000.0,184,17,1,7.0,7,0,126,80000,2,1,2,1493
2069,116,2017,101,707000.0,103,20,1,5.0,8,0,159,94932,2,1,1,1248
2070,110,2016,101,593000.0,110,20,1,5.0,2,0,139,75140,2,4,1,1197
2071,9,2011,35,250000.0,38,2,1,5.0,2,0,24,88000,5,4,1,1199
2072,110,2016,87,685000.0,100,9,1,5.0,2,0,83,73969,2,4,1,1197
2073,116,2016,174,699000.0,77,9,1,5.0,8,0,80,62598,2,4,1,1591
2074,86,2017,261,1200000.0,130,30,0,5.0,8,0,248,70000,5,4,2,1798
2075,116,2021,14,425000.0,28,20,1,5.0,2,0,137,24343,6,4,2,796
2076,116,2014,83,380000.0,61,31,1,5.0,2,0,264,110000,5,1,2,1199
2077,138,2017,84,574000.0,61,31,1,5.0,2,0,264,58917,4,4,2,1199
2078,116,2016,69,573000.0,101,20,1,5.0,2,0,158,72338,2,4,1,1197
2079,86,2003,41,70000.0,55,29,1,5.0,2,0,231,50000,5,1,1,1396
2080,86,2015,248,685000.0,215,17,1,7.0,7,0,131,110000,5,1,3,2179
2081,116,2012,32,425000.0,60,8,0,5.0,2,0,56,41000,2,4,2,1198
2082,86,2009,0,265000.0,0,9,0,5.0,2,0,82,70000,5,4,2,1197
2083,84,2019,129,600000.0,67,20,1,5.0,8,0,159,25887,2,4,1,1298
2084,86,2016,203,650000.0,73,8,1,5.0,8,0,58,40000,5,4,1,1497
2085,86,2015,68,430000.0,103,20,1,5.0,2,0,158,50000,5,1,1,1248
2086,86,2021,38,530000.0,21,20,1,7.0,5,0,145,10000,5,4,1,1196
2087,86,2022,84,1075000.0,61,31,1,5.0,2,0,264,20000,5,4,1,999
2088,86,2017,203,750000.0,93,9,1,5.0,8,0,80,60000,5,4,2,1591
2089,110,2017,87,615000.0,100,9,1,5.0,2,0,83,64235,4,4,2,1197
2090,116,2018,101,746000.0,110,20,1,5.0,2,0,139,83873,6,1,1,1248
2091,86,2012,179,370000.0,76,28,1,5.0,8,0,221,120000,5,1,2,1598
2092,116,2016,174,667000.0,77,9,1,5.0,8,0,80,93059,2,4,2,1591
2093,9,2017,101,634000.0,110,20,1,5.0,2,0,139,45681,6,4,1,1197
2094,14,2017,82,579000.0,70,8,1,5.0,2,0,61,45938,2,4,2,1199
2095,86,2018,101,510000.0,110,20,1,5.0,2,0,139,40000,5,4,1,1197
2096,9,2018,69,634000.0,101,20,1,5.0,2,0,158,57423,5,4,2,1197
2097,116,2015,51,527000.0,52,9,0,5.0,2,0,72,60942,4,4,1,1197
2098,86,2018,142,900000.0,134,9,0,5.0,7,0,68,70000,5,4,1,1591
2099,86,2018,183,1500000.0,165,12,1,5.0,7,0,94,80000,5,1,2,1956
2100,8,2021,223,3000000.0,276,3,0,5.0,7,0,33,19875,2,1,1,1997
2101,86,2021,62,650000.0,59,9,1,5.0,2,0,73,10000,5,4,2,1197
2102,86,2012,248,965000.0,120,30,1,7.0,4,0,255,120000,5,1,2,2494
2103,8,2022,225,3600000.0,185,31,0,5.0,7,0,267,20000,5,4,1,1984
2104,86,2013,172,400000.0,77,9,1,5.0,8,0,80,120000,5,1,4,1582
2105,86,2009,111,300000.0,10,5,1,5.0,8,0,40,50000,5,4,1,1368
2106,9,2018,328,3400000.0,178,1,0,5.0,8,0,12,30000,5,1,1,1995
2107,110,2020,101,982000.0,130,9,1,5.0,2,0,83,14949,6,4,1,998
2108,116,2017,101,674000.0,110,20,0,5.0,2,0,139,77995,2,4,1,1197
2109,86,2021,96,810000.0,154,29,1,5.0,7,0,237,20000,5,4,1,1199
2110,9,2020,217,792000.0,94,20,1,5.0,8,0,144,40908,2,4,1,1462
2111,110,2016,51,513000.0,52,9,0,5.0,2,0,72,39693,2,4,2,1197
2112,86,2010,152,360000.0,72,9,1,5.0,8,0,80,40000,5,4,1,1599
2113,138,2016,69,579000.0,101,20,1,5.0,2,0,158,63411,2,4,1,1197
2114,86,2018,68,550000.0,103,20,1,5.0,2,0,158,30000,5,4,1,1197
2115,110,2014,51,383000.0,52,9,1,5.0,2,0,72,94221,2,4,2,1197
2116,138,2017,87,605000.0,100,9,1,5.0,2,0,83,93975,5,4,1,1197
2117,110,2019,101,985000.0,170,17,1,5.0,7,0,130,30000,5,4,1,1197
2118,57,2020,84,935000.0,61,31,1,5.0,2,0,264,30155,4,4,2,999
2119,138,2016,84,675000.0,61,31,1,5.0,2,0,264,59006,5,4,2,1198
2120,116,2004,21,135000.0,25,20,1,5.0,2,0,166,100000,5,4,4,993
2121,138,2022,96,1345000.0,154,29,0,5.0,7,0,237,18570,4,4,1,1199
2122,138,2021,306,2365000.0,179,30,1,7.0,4,0,256,48246,2,1,1,2393
2123,86,2017,287,3200000.0,253,21,0,5.0,8,0,171,10000,5,1,1,2143
2124,110,2016,101,734000.0,110,20,1,5.0,2,0,139,61263,5,1,1,1248
2125,138,2017,103,701000.0,100,8,1,5.0,7,0,64,65507,4,4,2,1199
2126,86,2014,157,535000.0,173,27,1,5.0,7,0,208,100000,5,1,1,1461
2127,116,2017,103,789000.0,100,8,1,5.0,7,0,64,26158,2,4,1,1199
2128,138,2015,69,548000.0,101,20,1,5.0,2,0,158,35250,2,4,1,1197
2129,110,2012,87,350000.0,194,17,1,7.0,7,0,122,65965,2,1,1,1493
2130,86,2015,42,477000.0,51,20,1,5.0,2,0,142,40304,2,4,2,998
2131,116,2013,223,1525000.0,302,14,0,5.0,7,0,104,80000,2,1,1,2179
2132,116,2014,69,515000.00000000006,101,20,1,5.0,2,0,158,56661,2,4,1,1197
2133,116,2016,87,562000.0,100,9,1,5.0,2,0,83,90213,2,4,2,1197
2134,86,2010,177,345000.0,76,31,1,5.0,8,0,269,70000,5,4,3,1598
2135,86,2013,172,475000.0,77,9,1,5.0,8,0,80,120000,5,1,4,1582
2136,86,2021,98,670000.0,118,24,1,5.0,7,0,197,10000,5,4,2,999
2137,14,2021,91,950000.0,68,8,0,5.0,2,0,61,20739,2,4,1,1199
2138,86,2020,87,700000.0,100,9,1,5.0,2,0,83,20000,5,4,2,1197
2139,116,2004,122,80000.0,40,25,1,5.0,8,0,202,70000,5,4,1,1389
2140,110,2021,87,1500000.0,197,17,0,4.0,7,0,128,10000,5,4,1,1997
2141,138,2009,253,370000.0,137,2,1,5.0,8,0,26,60000,5,1,3,1991
2142,86,2017,287,3200000.0,253,21,0,5.0,8,0,171,10000,5,1,1,2143
2143,86,2015,87,550000.0,100,9,1,5.0,2,0,83,70000,5,1,1,1396
2144,116,2015,87,581000.0,100,9,1,5.0,2,0,83,47127,2,4,2,1197
2145,86,2017,68,582000.0,103,20,1,5.0,2,0,158,47038,2,4,1,1197
2146,86,2007,181,185000.0,73,8,1,5.0,8,0,58,120000,5,4,3,1497
2147,9,2018,51,531000.0,52,9,1,5.0,2,0,72,40769,4,4,1,1197
2148,84,2017,51,558000.0,52,9,1,5.0,2,0,72,34757,2,4,1,1197
2149,86,2006,25,155000.0,30,9,1,5.0,2,0,76,100000,5,4,3,1086
2150,9,2016,51,508000.0,52,9,0,5.0,2,0,72,88119,2,4,2,1197
2151,86,2015,298,2060000.0,187,30,0,7.0,7,0,252,120000,5,1,1,2982
2152,84,2017,51,542000.0,52,9,1,5.0,2,0,72,57176,4,4,1,1197
2153,116,2015,69,501000.0,101,20,1,5.0,2,0,158,62223,2,4,2,1197
2154,57,2018,182,875000.0,102,20,1,7.0,4,0,146,55000,5,4,1,1462
2155,8,2020,208,1370000.0,167,17,1,7.0,7,0,124,52000,5,1,1,2179
2156,116,2018,38,485000.0,21,20,1,5.0,5,0,145,63251,2,4,1,1196
2157,110,2010,26,300000.0,38,9,1,5.0,2,0,82,20000,5,4,3,1197
2158,138,2009,253,350000.0,137,2,1,5.0,8,0,26,60000,5,1,3,1991
2159,9,2021,223,3250000.0,276,3,0,5.0,7,0,33,20000,5,1,1,1997
2160,116,2004,104,55000.0,2,6,1,5.0,8,0,53,80000,5,4,2,1597
2161,110,2018,51,630000.0,52,9,0,5.0,2,0,72,40000,5,4,1,1197
2162,86,2022,281,2475000.0,220,29,0,7.0,7,0,236,20000,5,1,1,1956
2163,86,2012,101,417000.0,86,9,1,5.0,2,0,83,67444,5,4,1,1197
2164,110,2016,101,631000.0,110,20,0,5.0,2,0,139,63837,2,4,2,1197
2165,14,2012,227,465000.00000000006,194,17,1,7.0,4,0,132,61000,2,1,2,2498
2166,116,2016,69,544000.0,101,20,1,5.0,2,0,158,60777,5,4,1,1197
2167,9,2016,101,704000.0,110,20,1,5.0,2,0,139,39248,5,4,2,1197
2168,57,2014,354,1975000.0,278,1,0,5.0,8,0,14,66000,2,1,1,1995
2169,138,2015,32,359000.0,60,8,1,5.0,2,0,56,96198,2,4,1,1198
2170,86,2013,203,520000.0,73,8,0,5.0,8,0,58,50000,5,4,2,1497
2171,14,2015,29,335000.0,26,20,1,5.0,2,0,163,81207,2,4,3,998
2172,116,2021,69,766000.0,101,20,1,5.0,2,0,158,48148,4,4,1,1197
2173,86,2015,45,350000.0,44,20,1,5.0,2,0,142,120000,5,4,1,998
2174,138,2018,101,480000.0,84,29,1,5.0,8,0,245,90000,5,1,3,1248
2175,86,2017,49,822000.0000000001,46,17,1,7.0,7,0,128,60000,5,1,2,2523
2176,116,2009,111,190000.0,10,5,1,5.0,8,0,40,120000,5,4,4,1368
2177,9,2008,363,600000.0,189,8,0,5.0,8,0,63,70000,5,4,3,2354
2178,138,2022,101,995000.0,170,17,1,5.0,7,0,130,30000,5,1,1,1497
2179,9,2001,8,120000.0,19,20,1,5.0,2,0,153,30000,5,4,3,796
2180,86,2013,163,575000.0,247,24,1,5.0,7,0,201,120000,5,1,2,1461
2181,116,2018,275,3795000.000000001,214,21,0,5.0,7,0,179,64389,2,1,2,2143
2182,86,2014,9,260000.0,24,20,1,5.0,2,0,137,60000,5,4,2,796
2183,116,2015,69,539000.0,101,20,1,5.0,2,0,158,67245,2,4,1,1197
2184,116,2018,203,1006000.0,93,9,0,5.0,8,0,80,30518,6,4,2,1591
2185,138,2018,219,796000.0,96,20,1,5.0,8,0,144,102407,4,1,1,1248
2186,110,2015,87,636000.0,100,9,1,5.0,2,0,83,53606,6,4,1,1197
2187,14,2015,132,1400000.0,141,28,1,5.0,7,0,224,90000,5,1,1,1968
2188,9,2016,101,615000.0,110,20,1,5.0,2,0,139,44253,2,4,2,1197
2189,86,2021,38,500000.0,21,20,1,5.0,5,0,145,40000,5,0,1,1196
2190,110,2021,51,718000.0,57,29,1,5.0,2,0,242,34702,4,4,1,1199
2191,116,2012,69,436000.00000000006,101,20,1,5.0,2,0,158,42762,4,4,1,1197
2192,86,2015,23,280000.0,28,20,1,5.0,2,0,138,50000,5,4,2,998
2193,86,2022,94,780000.0,105,27,0,7.0,4,0,215,30000,5,4,1,999
2194,86,2016,248,900000.0,215,17,0,7.0,7,0,131,80000,5,1,2,1997
2195,86,2022,183,1300000.0,101,20,1,7.0,4,0,146,20000,5,0,1,1462
2196,55,2014,223,300000.0,103,20,1,5.0,8,0,156,50000,5,0,2,1586
2197,8,2019,317,3675000.0,268,11,0,5.0,8,0,91,28000,2,4,1,1999
2198,86,2020,101,670000.0,103,20,1,5.0,8,0,159,40000,5,4,1,1197
2199,86,2020,101,900000.0,110,20,1,5.0,2,0,139,10000,5,4,1,1197
2200,86,2016,101,600000.0,110,20,1,5.0,2,0,139,60000,5,4,1,1197
2201,116,2008,15,110000.0,26,2,1,5.0,2,0,30,110000,5,4,4,995
2202,110,2016,87,605000.0,100,9,1,5.0,2,0,83,57459,5,4,1,1197
2203,110,2017,51,559000.0,52,9,1,5.0,2,0,72,70381,6,4,1,1197
2204,8,2012,83,268000.0,61,31,1,5.0,2,0,264,90000,5,1,3,1199
2205,138,2020,217,780000.0,94,20,1,5.0,8,0,144,80648,2,4,1,1462
2206,138,2016,142,864000.0,134,9,1,5.0,7,0,68,81853,2,4,2,1591
2207,86,2009,25,240000.0,30,9,1,5.0,2,0,76,40000,5,4,1,1086
2208,110,2012,32,341000.0,60,8,1,5.0,2,0,56,90802,2,4,1,1198
2209,86,2009,25,240000.0,30,9,1,5.0,2,0,76,40000,5,4,1,1086
2210,138,2021,31,513000.0,48,9,1,5.0,2,0,75,16502,6,4,1,1086
2211,116,2021,43,661000.0,67,20,1,5.0,2,0,151,31530,4,4,1,1197
2212,86,2017,149,800000.0,73,20,1,7.0,4,0,146,120000,5,1,2,1248
2213,86,2015,68,520000.0,103,20,1,5.0,2,0,158,80000,5,1,2,1248
2214,131,2014,203,600000.0,73,8,0,5.0,8,0,58,71086,2,4,1,1497
2215,86,2011,45,300000.0,60,20,1,5.0,2,0,154,110000,5,1,2,1248
2216,50,2020,351,3750000.0,199,6,0,7.0,7,0,48,50000,2,1,1,3198
2217,138,2021,101,1295000.0,130,9,0,5.0,2,0,85,18000,2,4,1,998
2218,86,2014,203,630000.0,73,8,1,5.0,8,0,58,60000,5,4,2,1497
2219,138,2016,199,475000.0,60,2,1,10.0,4,0,31,120000,5,1,3,2499
2220,86,2011,26,275000.0,38,9,1,5.0,2,0,82,70000,5,4,2,1197
2221,116,2016,82,575000.0,70,8,0,5.0,2,0,61,25000,2,4,4,1199
2222,116,2012,32,338000.0,60,8,1,5.0,2,0,56,69210,4,4,1,1198
2223,110,2018,82,604000.0,70,8,1,5.0,2,0,61,71165,2,4,2,1199
2224,86,2022,387,13000000.0,305,1,0,7.0,7,0,21,10000,5,4,1,2998
2225,8,2010,129,327000.0,67,20,1,5.0,8,0,159,86543,5,1,3,1248
2226,86,2016,101,621000.0,110,20,0,5.0,2,0,139,67225,4,4,1,1197
2227,116,2017,41,240000.0,55,29,1,5.0,2,0,231,100000,5,1,3,1396
2228,116,2018,51,621000.0,52,9,1,5.0,2,0,72,16247,6,4,1,1197
2229,8,2007,136,140000.0,107,18,1,5.0,8,0,123,80000,5,4,2,1390
2230,138,2017,101,708000.0,110,20,0,5.0,2,0,139,39481,6,4,2,1197
2231,9,2018,42,443000.0,51,20,1,5.0,2,0,142,61227,4,4,2,998
2232,8,2006,181,180000.0,73,8,1,5.0,8,0,58,80000,5,4,4,1497
2233,14,2016,157,700000.0,173,27,1,5.0,7,0,208,112521,2,1,1,1461
2234,86,2020,274,1800000.0,184,16,1,5.0,7,0,113,20000,5,1,1,1956
2235,138,2021,237,1450000.0,112,8,0,5.0,8,0,58,20000,5,4,1,1498
2236,86,2016,101,520000.0,61,31,1,5.0,8,0,260,60000,5,4,2,1198
2237,86,2018,48,470000.0,50,29,1,5.0,2,0,242,40000,5,4,2,1199
2238,8,2016,157,600000.0,173,27,1,5.0,7,0,208,50000,5,1,1,1461
2239,86,2016,180,1850000.0,181,0,0,5.0,7,0,6,100000,5,1,2,1968
2240,9,2017,27,460000.0,35,17,0,4.0,2,0,133,20000,5,2,2,72
2241,116,2003,122,75000.0,40,25,1,5.0,8,0,202,110000,5,4,2,1589
2242,9,2017,101,649000.0,110,20,1,5.0,2,0,139,63359,4,4,2,1197
2243,110,2017,87,657000.0,100,9,1,5.0,2,0,83,125227,6,1,2,1396
2244,86,2012,83,420000.0,61,31,1,5.0,2,0,264,100000,5,1,2,1199
2245,116,2015,68,629000.0,103,20,1,5.0,2,0,158,71884,5,1,2,1248
2246,14,2012,32,322000.0,60,8,1,5.0,2,0,56,79059,5,4,2,1198
2247,86,2016,101,620000.0,110,20,1,5.0,2,0,139,80000,5,4,2,1197
2248,116,2013,69,435000.0,101,20,1,5.0,2,0,158,69124,4,4,1,1197
2249,86,2012,248,960000.0,120,30,1,8.0,4,0,255,120000,5,1,4,2494
2250,9,2010,52,317000.0,60,20,1,5.0,2,0,154,73340,2,4,1,1197
2251,116,2017,51,574000.0,52,9,1,5.0,2,0,72,44268,2,4,2,1197
2252,55,2022,85,780000.0,98,3,1,5.0,2,0,32,10000,5,4,1,1198
2253,86,2018,82,800000.0,70,8,1,5.0,2,0,61,60000,5,4,1,1199
2254,86,2020,237,925000.0,112,8,1,5.0,8,0,58,30000,5,4,1,1498
2255,86,2017,219,775000.0,96,20,1,5.0,8,0,144,50000,5,4,1,1373
2256,85,2011,4,70000.0,25,29,1,4.0,2,0,235,80000,5,4,2,624
2257,86,2014,157,500000.0,173,27,1,5.0,7,0,208,70000,5,1,2,1461
2258,86,2009,129,350000.0,67,20,1,5.0,8,0,159,120000,5,1,2,1248
2259,86,2012,248,1125000.0,120,30,1,7.0,4,0,255,120000,5,1,2,2494
2260,86,2020,101,830000.0000000001,73,8,0,5.0,8,0,54,20000,5,4,2,1199
2261,84,2020,157,1475000.0,148,13,0,5.0,7,0,99,37354,4,1,1,1493
2262,86,2014,248,834000.0,215,17,1,7.0,7,0,131,80426,2,1,2,2179
2263,116,2016,219,674000.0,96,20,1,5.0,8,0,144,89801,2,4,1,1373
2264,8,2004,122,65000.0,40,25,1,5.0,8,0,202,120000,5,4,4,1389
2265,110,2019,51,547000.0,52,9,1,5.0,2,0,72,69199,6,4,2,1197
2266,110,2012,69,413000.0,101,20,1,5.0,2,0,158,78249,5,4,3,1197
2267,50,2018,307,2325000.0,180,30,1,8.0,4,0,256,26918,2,1,1,2393
2268,86,2021,69,709000.0,101,20,1,5.0,2,0,158,29905,6,4,1,1197
2269,138,2018,307,2295000.0,180,30,0,7.0,4,0,256,37678,2,1,2,2755
2270,14,2017,82,528000.0,70,8,1,5.0,2,0,61,60442,2,4,2,1199
2271,8,2014,157,691000.0,173,27,1,5.0,7,0,208,66463,2,1,1,1461
2272,116,2020,189,1145000.0,76,28,0,5.0,8,0,221,40844,2,4,1,999
2273,138,2021,84,855000.0000000001,61,31,1,5.0,2,0,264,62696,4,4,1,999
2274,86,2021,68,800000.0,103,20,0,5.0,2,0,158,30000,5,4,1,1197
2275,57,2017,101,550000.0,73,6,1,5.0,8,0,46,44000,2,4,1,1196
2276,86,2012,77,400000.0,85,9,1,5.0,2,0,83,70000,5,4,2,1197
2277,116,2012,41,130000.0,55,29,1,5.0,2,0,231,120000,5,1,1,1396
2278,8,2012,172,375000.0,77,9,1,5.0,8,0,80,120000,5,1,4,1582
2279,86,2020,101,650000.0,103,20,1,5.0,8,0,159,40000,5,4,1,1197
2280,86,2021,186,2550000.0,165,12,0,5.0,7,0,94,10000,5,4,1,1368
2281,86,2021,101,1300000.0,139,13,1,5.0,7,0,100,80000,5,1,1,1493
2282,9,2016,101,609000.0,110,20,1,5.0,2,0,139,79415,6,4,1,1197
2283,110,2017,101,678000.0,73,20,0,5.0,8,0,159,88411,6,1,1,1248
2284,86,2011,177,375000.0,76,31,1,5.0,8,0,269,120000,5,1,4,1598
2285,86,2012,70,449000.0,73,20,1,5.0,2,0,158,106516,4,1,1,1248
2286,110,2015,68,552000.0,103,20,1,5.0,2,0,158,88509,2,1,2,1248
2287,116,2015,248,925000.0,215,17,1,7.0,7,0,131,120000,5,1,1,1997
2288,116,2004,104,56000.0,2,6,1,5.0,8,0,53,80000,5,4,2,1597
2289,86,2013,69,426000.0,101,20,1,5.0,2,0,158,44437,2,4,1,1197
2290,86,2015,87,607000.0,100,9,1,5.0,2,0,83,83731,5,1,2,1396
2291,116,2004,104,56000.0,2,6,1,5.0,8,0,53,80000,5,4,2,1597
2292,138,2018,101,844999.9999999999,110,17,1,7.0,7,0,118,77000,2,1,1,1493
2293,8,2020,274,1650000.0,184,16,0,5.0,7,0,113,23000,2,4,2,1451
2294,86,2012,57,240000.0,60,6,1,5.0,2,0,51,110000,5,1,3,1399
2295,86,2022,36,680000.0,41,20,0,5.0,2,0,163,30000,5,4,1,1197
2296,86,2006,114,500000.0,13,30,1,7.0,4,0,255,120000,5,1,2,2494
2297,86,2011,189,250000.0,79,29,1,5.0,8,0,234,60000,5,4,2,1368
2298,86,2018,101,720000.0,110,20,1,5.0,2,0,139,80000,5,4,1,1197
2299,86,2011,4,60000.0,25,29,1,4.0,2,0,235,110000,5,4,4,624
2300,86,2010,331,357000.0,162,28,0,5.0,8,0,223,70000,5,4,5,1798
2301,116,2018,218,798000.0,95,20,1,5.0,8,0,144,45621,5,4,1,1462
2302,14,2018,162,858000.0,158,27,1,5.0,7,0,207,38199,6,1,2,1461
2303,116,2004,123,80000.0,35,20,1,5.0,8,0,147,90000,5,4,3,1298
2304,138,2016,87,608000.0,100,9,1,5.0,2,0,83,91660,6,4,1,1197
2305,138,2015,203,698000.0,73,8,1,5.0,8,0,58,51947,2,4,2,1497
2306,86,2018,316,1250000.0,224,29,1,7.0,4,0,229,80000,5,1,2,2179
2307,116,2016,153,751000.0,136,20,1,5.0,7,0,157,76836,5,1,2,1248
2308,138,2015,32,535000.0,60,8,0,5.0,2,0,56,27000,2,4,2,1198
2309,110,2017,203,1035000.0,93,9,0,5.0,8,0,80,33222,6,4,1,1591
2310,110,2013,26,328000.0,38,9,1,5.0,2,0,82,47333,2,4,1,1086
2311,86,2021,62,725000.0,59,9,0,5.0,2,0,73,20000,5,4,1,1197
2312,66,2017,174,740000.0,77,9,1,5.0,8,0,80,46000,2,4,1,1591
2313,116,2012,248,875000.0,123,30,1,7.0,4,0,255,68000,5,1,1,2494
2314,56,2015,58,480000.0,54,24,1,5.0,2,0,199,40000,5,4,2,1198
2315,116,2001,146,76000.0,67,23,1,5.0,8,0,193,90000,5,1,2,1998
2316,8,2010,105,190000.0,6,6,1,5.0,8,0,49,80000,5,4,1,1596
2317,86,2010,26,210000.0,38,9,1,5.0,2,0,82,90000,5,4,4,1086
2318,86,2014,68,480000.0,103,20,1,5.0,2,0,158,80000,5,1,1,1248
2319,86,2012,172,380000.0,77,9,1,5.0,8,0,80,150000,5,1,2,1582
2320,86,2022,96,1280000.0,154,29,1,5.0,7,0,237,20000,5,4,1,1199
2321,8,2016,103,770000.0,123,6,0,5.0,7,0,47,43791,2,4,1,1499
2322,110,2018,69,599000.0,101,20,0,5.0,2,0,158,87660,5,4,1,1197
2323,86,2016,248,800000.0,215,17,0,7.0,7,0,131,90000,5,1,5,2179
2324,86,2011,25,232000.0,30,9,1,5.0,2,0,76,71938,2,4,3,1086
2325,116,2013,174,525000.0,77,9,1,5.0,8,0,80,104938,2,4,2,1591
2326,86,2020,202,950000.0,71,8,1,5.0,8,0,58,30000,5,4,1,1497
2327,138,2017,189,635000.0,76,28,1,5.0,8,0,221,124707,5,4,2,1598
2328,86,2012,83,400000.0,61,31,1,5.0,2,0,264,70000,5,1,2,1199
2329,116,2017,142,966000.0,134,9,1,5.0,7,0,68,88556,2,4,1,1591
2330,84,2017,103,781000.0,123,6,1,5.0,7,0,47,48743,2,1,1,1498
2331,86,2016,277,2800000.0,271,1,0,5.0,7,0,18,100000,5,1,2,1995
2332,86,2012,330,385000.0,163,28,1,5.0,8,0,223,100000,5,4,2,1798
2333,86,2012,248,600000.0,215,17,1,7.0,7,0,131,120000,5,1,4,2179
2334,86,2016,101,600000.0,184,17,1,7.0,7,0,126,70000,5,1,2,1493
2335,86,2012,330,365000.0,163,28,1,5.0,8,0,223,90000,5,4,2,1798
2336,86,2014,88,350000.0,64,5,1,5.0,2,0,42,120000,5,1,1,1248
2337,55,2022,223,2350000.0,140,9,0,6.0,7,0,66,20000,5,4,1,1999
2338,86,2020,87,700000.0,100,9,1,5.0,2,0,83,20000,5,4,1,1197
2339,86,2012,15,230000.0,32,9,1,5.0,2,0,69,50000,5,4,2,814
2340,110,2018,103,875000.0,100,8,1,5.0,7,0,64,51338,2,4,1,1199
2341,116,2017,142,925000.0,134,9,1,5.0,7,0,68,97334,2,4,1,1591
2342,86,2020,87,700000.0,100,9,1,5.0,2,0,83,20000,5,4,1,1197
2343,110,2016,142,930000.0,134,9,1,5.0,7,0,68,53031,2,4,2,1591
2344,110,2016,142,898000.0,134,9,1,5.0,7,0,68,51580,2,4,2,1591
2345,110,2017,266,2395000.0,132,21,0,5.0,8,0,172,57000,2,1,2,2143
2346,110,2020,24,449000.0,29,20,1,5.0,2,0,155,23920,5,4,1,998
2347,138,2018,142,1485000.0,134,9,0,5.0,7,0,68,65000,2,1,1,1582
2348,86,2012,32,335000.0,60,8,1,5.0,2,0,56,66434,2,4,2,1198
2349,138,2017,103,825000.0,100,8,1,5.0,7,0,64,54097,2,4,1,1199
2350,138,2021,101,935000.0,110,30,0,5.0,2,0,253,27655,4,4,1,1197
2351,9,2018,328,3825000.0,178,1,0,5.0,8,0,12,14955,5,1,1,1995
2352,55,2022,223,2350000.0,140,9,0,7.0,7,0,66,10000,5,4,1,1999
2353,8,2020,135,2500000.0,166,31,0,5.0,7,0,265,50000,5,4,1,1498
2354,86,2022,157,1540000.0,148,13,1,5.0,7,0,99,10000,5,4,1,1497
2355,86,2019,142,1290000.0,134,9,0,5.0,7,0,68,70000,5,1,2,1582
2356,55,2007,228,50000.0,89,9,1,5.0,8,0,70,150000,5,1,3,1991
2357,138,2021,101,1025000.0,139,13,1,5.0,7,0,100,10000,5,4,2,998
2358,86,2016,203,600000.0,73,8,1,5.0,8,0,58,110000,5,1,3,1498
2359,86,2020,38,435000.0,21,20,1,7.0,5,0,145,30000,5,4,1,1196
2360,14,2017,103,808000.0,100,8,1,5.0,7,0,64,14338,5,4,2,1199
2361,86,2020,38,435000.0,21,20,1,7.0,5,0,145,30000,5,4,1,1196
2362,9,2011,28,278000.0,22,20,1,5.0,2,0,163,73799,2,4,2,998
2363,138,2021,101,1261000.0,170,17,0,5.0,7,0,130,39139,2,4,1,1197
2364,55,2020,100,850000.0,126,9,1,5.0,7,0,79,20000,5,4,1,1197
2365,138,2014,15,270000.0,32,9,1,5.0,2,0,69,89633,4,4,2,814
2366,86,2011,213,1000000.0,264,1,0,5.0,7,0,17,70000,5,1,3,1995
2367,116,2017,183,844999.9999999999,101,20,1,7.0,4,0,146,16826,2,4,2,1462
2368,138,2017,43,508000.0,67,20,1,5.0,2,0,151,25133,5,4,2,1197
2369,86,2018,11,340000.0,28,20,1,5.0,2,0,137,80000,5,4,1,796
2370,110,2020,196,3900000.0,259,32,0,5.0,7,0,277,25000,2,4,1,1969
2371,86,2014,248,1225000.0,123,30,1,8.0,4,0,255,90000,5,1,1,2494
2372,86,2014,248,1275000.0,123,30,1,8.0,4,0,255,90000,5,1,1,2494
2373,86,2022,186,2900000.0,165,12,0,5.0,7,0,94,10000,5,4,1,1368
2374,86,2019,100,800000.0,169,17,1,5.0,7,0,130,70000,5,4,2,1197
2375,86,2016,345,2800000.0,267,21,0,5.0,8,0,174,110000,5,1,1,2143
2376,86,2006,25,150000.0,30,9,1,5.0,2,0,76,20000,5,4,2,1086
2377,14,2021,98,638000.0,118,24,1,5.0,7,0,197,10000,5,4,1,999
2378,86,2019,10,315000.0,33,4,1,5.0,2,0,36,20000,5,4,2,799
2379,8,2020,101,1328000.0,139,13,1,5.0,7,0,100,34990,2,1,1,1493
2380,138,2016,45,490000.00000000006,44,20,0,5.0,2,0,142,33210,2,4,1,998
2381,86,2020,203,1050000.0,93,9,1,5.0,8,0,80,80000,5,1,2,1582
2382,9,2015,42,430000.0,51,20,0,5.0,2,0,142,28051,2,4,2,998
2383,8,2022,233,1723999.9999999998,148,13,0,6.0,4,0,97,22280,2,4,1,1353
2384,86,2007,69,270000.0,101,20,1,5.0,2,0,158,120000,5,1,2,1248
2385,9,2017,51,517000.0,52,9,1,5.0,2,0,72,21193,2,4,1,1197
2386,110,2010,118,400000.0,17,28,0,5.0,8,0,223,120000,5,4,2,3597
2387,138,2021,62,627000.0,59,9,1,5.0,2,0,73,7150,4,4,1,1197
2388,84,2016,48,510000.0,50,29,1,5.0,2,0,242,13262,4,4,1,1199
2389,86,2012,253,250000.0,137,2,1,5.0,8,0,26,100000,5,1,3,1998
2390,86,2012,271,1600000.0,275,1,0,5.0,7,0,18,100000,5,1,4,1995
2391,86,2016,101,575000.0,110,20,1,5.0,2,0,139,100000,5,4,2,1197
2392,86,2014,154,410000.0,60,2,1,7.0,4,0,27,90000,5,1,1,1248
2393,86,2018,98,925000.0,156,29,0,5.0,7,0,237,40000,5,4,2,1198
2394,86,2013,101,475000.0,86,9,1,5.0,2,0,83,50000,5,1,2,1396
2395,137,2015,6,185000.0,26,29,1,4.0,2,0,235,50000,5,4,3,624
2396,110,2008,25,225000.0,30,9,1,5.0,2,0,76,50000,5,4,3,1086
2397,9,2021,297,3275000.0,185,31,0,7.0,7,0,268,21000,2,4,1,1984
2398,110,2019,196,3750000.0,259,32,0,5.0,7,0,277,38000,2,1,1,1969
2399,84,2019,93,514000.0,106,27,1,7.0,4,0,215,61902,4,4,1,999
2400,138,2018,10,347000.0,33,4,0,5.0,2,0,36,38396,2,4,1,999
2401,116,2004,203,100000.0,73,8,1,5.0,8,0,58,30000,5,4,3,1493
2402,138,2022,99,1329000.0,139,13,1,5.0,7,0,100,7561,2,4,1,998
2403,86,2017,15,300000.0,32,9,1,5.0,2,0,69,30000,5,4,1,814
2404,8,2022,234,1358000.0,116,28,1,5.0,8,0,222,6731,4,4,1,999
2405,55,2019,183,1500000.0,165,12,1,5.0,7,0,94,20000,5,4,1,1368
2406,116,2018,68,642000.0,103,20,0,5.0,2,0,158,55567,4,4,1,1197
2407,116,2021,94,911000.0,113,27,0,5.0,7,0,211,48938,5,4,2,999
2408,86,2017,68,550000.0,103,20,1,5.0,2,0,158,80000,5,1,2,1248
2409,86,2013,157,420000.0,173,27,1,5.0,7,0,208,80000,5,1,1,1461
2410,86,2010,57,450000.0,60,6,1,5.0,2,0,51,10000,5,4,1,1196
2411,86,2022,157,1565000.0,148,13,1,5.0,7,0,99,10000,5,4,1,1497
2412,86,2016,48,450000.0,50,29,1,5.0,2,0,242,60000,5,4,2,1199
2413,138,2015,101,460000.0,73,6,0,5.0,8,0,46,71545,2,4,1,1499
2414,116,2007,25,200000.0,30,9,1,5.0,2,0,76,60000,5,4,1,1086
2415,86,2016,101,679000.0,184,17,0,7.0,7,0,126,80000,5,1,2,1493
2416,138,2015,8,230000.0,19,20,1,8.0,5,0,153,120000,5,0,5,796
2417,86,2020,157,1200000.0,148,13,1,5.0,7,0,99,60000,5,4,1,1497
2418,9,2016,51,543000.0,52,9,0,5.0,2,0,72,56577,2,4,1,1197
2419,138,2018,142,1035000.0,134,9,0,5.0,7,0,68,56974,2,4,2,1591
2420,86,2021,100,1150000.0,126,9,1,5.0,7,0,79,10000,5,4,1,998
2421,116,2013,101,479000.0,86,9,1,5.0,2,0,83,40344,2,4,1,1197
2422,8,2018,102,736000.0,123,6,1,5.0,7,0,47,36216,2,1,3,1498
2423,86,2022,47,530000.0,37,27,0,5.0,2,0,210,10000,5,4,1,999
2424,138,2017,142,880000.0000000001,134,9,1,5.0,7,0,68,45965,2,4,2,1591
2425,86,2021,307,2600000.0,180,30,0,7.0,4,0,256,10000,5,4,1,2694
2426,14,2016,203,789000.0,73,8,0,5.0,8,0,58,74982,2,4,1,1497
2427,116,2020,98,1030000.0,156,29,0,5.0,7,0,237,21925,2,4,1,1198
2428,116,2015,179,600000.0,76,28,0,5.0,8,0,221,120000,5,1,1,1498
2429,86,2010,191,250000.0,72,8,1,5.0,8,0,58,70000,5,4,2,1497
2430,86,2014,93,390000.0,60,8,1,5.0,8,0,54,80000,5,1,3,1498
2431,86,2009,49,280000.0,67,20,1,5.0,2,0,158,90000,5,4,2,1298
2432,86,2021,98,920000.0,118,24,1,5.0,7,0,197,20000,5,4,1,999
2433,86,2021,87,1600000.0,197,17,0,4.0,7,0,128,50000,5,1,1,2184
2434,14,2021,98,650000.0,118,24,1,5.0,7,0,197,10000,5,4,1,999
2435,116,2010,26,240000.0,38,9,1,5.0,2,0,82,80000,5,4,4,1197
2436,138,2018,257,4445000.0,298,14,0,7.0,7,0,103,61000,2,1,1,2179
2437,86,2019,247,1350000.0,204,17,1,7.0,4,0,121,50000,5,1,1,1497
2438,9,2015,14,312000.0,28,20,1,5.0,2,0,137,50406,2,4,1,796
2439,9,2017,51,582000.0,52,9,1,5.0,2,0,72,26483,2,4,1,1197
2440,86,2015,41,150000.0,55,29,1,5.0,2,0,231,80000,5,1,2,1396
2441,86,2018,39,618000.0,87,17,1,6.0,7,0,119,12104,2,4,1,1198
2442,116,2021,91,916000.0,68,8,0,5.0,2,0,61,23721,2,4,1,1199
2443,86,2012,57,300000.0,60,6,1,5.0,2,0,51,80000,5,1,1,1399
2444,116,2022,24,555000.0,29,20,1,5.0,2,0,155,8212,2,4,1,998
2445,8,2011,320,500000.0,122,28,0,5.0,8,0,223,80000,5,1,3,2496
2446,9,2021,101,950000.0,110,20,0,5.0,2,0,139,9358,2,4,1,1197
2447,138,2016,101,608000.0,101,20,1,5.0,8,0,159,62011,2,4,1,1197
2448,110,2011,127,125000.0,41,29,1,5.0,8,0,232,120000,5,1,2,1405
2449,8,2011,396,1700000.0,281,11,0,4.0,8,0,93,90000,5,4,2,5000
2450,8,2011,396,1700000.0,281,11,0,4.0,8,0,93,90000,5,4,2,5000
2451,86,2013,57,225000.0,60,6,1,5.0,2,0,51,50000,5,1,1,1399
2452,86,2010,95,249000.00000000003,47,28,1,5.0,2,0,216,100000,5,1,2,1422
2453,138,2008,107,150000.0,15,29,1,8.0,7,0,240,100000,5,1,1,2179
2454,138,2002,146,130000.0,67,23,1,5.0,8,0,193,120000,5,1,5,1998
2455,8,2015,93,375000.0,60,8,1,5.0,8,0,54,50000,5,4,2,1198
2456,116,2022,47,550000.0,37,27,1,5.0,2,0,210,10000,5,4,1,999
2457,116,2019,51,590000.0,52,9,1,5.0,2,0,72,38771,2,4,1,1197
2458,84,2018,45,511000.00000000006,44,20,0,5.0,2,0,143,42174,2,4,1,998
2459,138,2017,90,260000.0,42,29,1,5.0,8,0,232,120000,5,1,1,1396
2460,116,2017,40,381000.0,37,27,1,5.0,2,0,210,43199,2,4,1,999
2461,8,2014,248,819000.0,215,17,1,7.0,7,0,131,65000,4,1,2,2179
2462,86,2016,101,575000.0,110,20,1,5.0,2,0,139,20000,5,4,1,1197
2463,116,2019,47,428000.0,36,27,1,5.0,2,0,210,10155,4,4,2,799
2464,9,2006,25,195000.0,30,9,1,5.0,2,0,76,110654,2,4,2,1086
2465,9,2020,68,696000.0,103,20,1,5.0,2,0,158,50704,4,4,1,1197
2466,138,2020,62,740000.0,59,9,1,5.0,2,0,73,34725,2,4,1,998
2467,86,2013,248,825000.0,215,17,1,7.0,7,0,131,90000,5,1,2,2179
2468,86,2011,26,300000.0,38,9,1,5.0,2,0,82,30000,5,4,1,1086
2469,110,2016,48,500000.0,50,29,1,5.0,2,0,242,60000,5,1,1,1047
2470,86,2013,196,230000.0,73,24,1,5.0,8,0,200,120000,5,1,2,1461
2471,86,2004,104,75000.0,2,6,1,5.0,8,0,53,80000,5,4,2,1597
2472,86,2009,138,260000.0,56,9,1,5.0,8,0,65,60000,5,4,1,1495
2473,50,2008,28,240000.0,22,20,1,5.0,2,0,163,57709,2,4,1,998
2474,110,2022,87,1500000.0,197,17,1,4.0,7,0,128,20000,5,4,1,1997
2475,55,2010,26,275000.0,38,9,1,5.0,2,0,82,90000,5,4,1,1197
2476,8,2014,365,2000000.0,210,11,0,5.0,8,0,92,60000,5,1,2,2179
2477,116,2016,248,1013000.0,215,17,1,7.0,7,0,131,26224,2,1,2,2179
2478,138,2016,203,677000.0,73,8,1,5.0,8,0,58,32196,2,4,2,1497
2479,86,2016,149,900000.0,73,20,1,7.0,4,0,146,120000,5,1,1,1248
2480,116,2017,87,591000.0,100,9,1,5.0,2,0,83,56672,5,4,3,1197
2481,138,2020,24,428000.0,29,20,1,5.0,2,0,155,21226,2,4,1,998
2482,138,2010,292,1145000.0,186,30,1,7.0,7,0,252,105000,2,1,2,2982
2483,9,2022,62,697000.0,59,9,1,5.0,2,0,73,10346,5,4,1,1197
2484,86,2020,101,630000.0,101,20,0,5.0,8,0,159,30000,5,4,3,1197
2485,116,2021,14,429000.0,28,20,1,5.0,2,0,137,16679,5,4,1,796
2486,138,2016,42,464000.0,51,20,1,5.0,2,0,142,15437,2,4,2,998
2487,86,2019,93,750000.0,106,27,1,7.0,4,0,215,40000,5,4,1,999
2488,86,2019,100,1100000.0,126,9,0,5.0,7,0,79,30000,5,4,2,998
2489,86,2014,230,700000.0,130,9,1,5.0,8,0,70,90000,5,1,1,1582
2490,86,2013,252,1100000.0,127,21,0,5.0,8,0,171,110000,5,1,2,2200
2491,138,2022,134,1695000.0,120,28,1,5.0,7,0,218,20000,2,4,1,999
2492,138,2011,381,2000000.0,300,0,0,7.0,7,0,8,120000,5,1,1,2967
2493,86,2021,38,500000.0,21,20,1,7.0,5,0,145,10000,5,4,1,1196
2494,116,2005,244,200000.0,168,8,1,5.0,7,0,57,110000,5,4,3,2354
2495,110,2017,379,2700000.0,273,11,0,5.0,8,0,92,120000,5,1,1,1999
2496,86,2020,12,360000.0,34,4,1,5.0,2,0,36,50000,5,4,1,999
2497,138,2017,82,733000.0,70,8,1,5.0,2,0,61,15017,2,4,1,1199
2498,110,2013,28,375000.0,26,20,1,5.0,2,0,163,75283,2,4,1,998
2499,8,2021,256,1885000.0,220,29,1,5.0,7,0,228,54568,5,1,2,1956
2500,138,2016,87,657000.0,100,9,1,5.0,2,0,83,14516,2,4,1,1197
2501,9,2019,101,729000.0,110,20,0,5.0,2,0,139,53627,2,4,1,1197
2502,9,2021,97,800000.0,57,29,1,5.0,8,0,244,20000,5,4,1,1199
2503,9,2019,40,501000.0,37,27,0,5.0,2,0,210,5083,4,4,2,999
2504,86,2016,101,650000.0,184,17,1,7.0,7,0,126,100000,5,1,2,1493
2505,116,2017,203,1005000.0,73,8,0,5.0,8,0,58,50666,4,4,1,1497
2506,8,2022,96,1193000.0,154,29,1,5.0,7,0,237,16962,4,4,1,1199
2507,86,2019,84,900000.0,61,31,1,5.0,2,0,264,10000,5,4,1,999
2508,110,2017,84,925000.0,61,31,0,5.0,2,0,264,70446,2,4,1,1197
2509,57,2017,84,865000.0,61,31,0,5.0,2,0,264,60528,5,4,2,1197
2510,116,2021,131,1585000.0,120,31,1,5.0,7,0,266,7132,2,4,1,999
2511,138,2009,144,120000.0,63,6,1,5.0,8,0,49,100000,5,1,5,1399
2512,86,2012,323,1800000.0,292,21,0,5.0,7,0,183,80000,5,1,3,2987
2513,110,2018,350,7000000.0,285,21,0,5.0,7,0,181,30000,5,4,1,2996
2514,86,2015,41,195000.0,55,29,1,5.0,2,0,231,120000,5,1,3,1405
2515,116,2018,87,799000.0,100,9,1,5.0,2,0,83,21280,2,4,1,1197
2516,116,2017,103,689000.0,123,6,0,5.0,7,0,47,82021,6,4,1,1499
2517,110,2023,96,1068000.0,154,29,1,5.0,7,0,237,18998,4,4,1,1199
2518,110,2018,183,1798999.9999999998,165,12,1,5.0,7,0,94,56189,5,1,1,1956
2519,84,2020,24,383000.0,29,20,1,5.0,2,0,155,57644,4,4,2,998
2520,116,2018,11,327000.0,28,20,1,5.0,2,0,137,51286,2,4,2,796
2521,116,2012,87,195000.0,194,17,1,7.0,7,0,122,120000,5,1,1,1493
2522,116,2019,62,639000.0,59,9,1,5.0,2,0,73,27937,5,4,1,1197
2523,138,2013,157,575000.0,173,27,1,5.0,7,0,208,64000,2,1,2,1461
2524,138,2017,103,660000.0,123,6,1,5.0,7,0,47,40031,2,4,2,1499
2525,116,2017,13,325000.0,27,20,1,5.0,2,0,137,47619,2,4,2,796
2526,116,2009,77,225000.0,85,9,1,5.0,2,0,83,90000,5,4,5,1197
2527,55,2022,99,1075000.0,139,30,0,5.0,7,0,258,20000,5,4,1,1462
2528,55,2022,99,975000.0,139,30,1,5.0,7,0,258,20000,5,4,1,1462
2529,86,2010,26,300000.0,38,9,1,5.0,2,0,82,70000,5,4,3,1197
2530,86,2011,219,290000.0,103,20,1,5.0,8,0,156,110000,5,1,3,1248
2531,86,2012,32,260000.0,60,8,1,5.0,2,0,56,40000,5,4,3,1198
2532,86,2012,196,360000.0,73,24,1,5.0,8,0,200,100000,5,1,3,1461
2533,86,2013,271,1500000.0,275,1,0,5.0,7,0,18,10000,5,1,4,1995
2534,86,2017,15,250000.0,32,9,1,5.0,2,0,69,60000,5,4,4,814
2535,8,2021,87,1773999.9999999998,197,17,0,4.0,7,0,128,24000,2,4,1,1997
2536,138,2020,100,1073000.0,126,9,1,5.0,7,0,79,30535,4,4,2,998
2537,86,2017,23,349000.0,28,20,1,5.0,2,0,138,20229,4,4,2,998
2538,138,2018,42,485000.0,39,20,1,5.0,2,0,142,35800,5,4,1,998
2539,57,2021,36,591000.0,41,20,1,5.0,2,0,163,11453,2,4,1,1197
2540,9,2016,87,657000.0,100,9,1,5.0,2,0,83,35410,2,4,1,1197
2541,86,2009,15,210000.0,22,20,1,5.0,2,0,136,50000,5,4,1,796
2542,9,2018,51,591000.0,52,9,0,5.0,2,0,72,49948,5,4,1,1197
2543,57,2014,83,510000.0,61,31,1,5.0,2,0,264,77000,2,1,2,1199
2544,116,2017,87,658000.0,100,9,1,5.0,2,0,83,48285,2,4,1,1197
2545,138,2021,47,514000.0,37,27,1,5.0,2,0,210,19062,2,4,1,999
2546,86,2011,26,330000.0,38,9,0,5.0,2,0,82,70000,5,4,2,1197
2547,86,2015,345,2250000.0,267,21,0,5.0,8,0,174,120000,5,1,2,2143
2548,138,2022,85,950000.0,98,3,1,5.0,2,0,32,10000,5,4,1,1199
2549,9,2014,84,495000.0,61,31,1,5.0,2,0,264,80000,5,4,3,1198
2550,116,2007,2,110000.0,1,5,1,5.0,2,0,41,80000,5,4,2,1108
2551,110,2011,140,330000.0,73,30,1,5.0,8,0,249,87000,2,4,1,1496
2552,86,2016,181,775000.0,76,31,0,5.0,8,0,269,80000,5,1,1,1498
2553,86,2010,28,260000.0,26,20,1,5.0,2,0,163,110000,5,4,2,998
2554,86,2009,191,300000.0,72,8,0,5.0,8,0,58,90000,5,4,3,1497
2555,86,2019,68,650000.0,103,20,0,5.0,2,0,158,30000,5,4,1,1197
2556,110,2016,23,375000.0,28,20,1,5.0,2,0,138,56276,2,4,1,998
2557,138,2016,87,647000.0,100,9,1,5.0,2,0,83,27103,2,4,1,1197
2558,86,2011,57,245000.00000000003,60,6,1,5.0,2,0,51,80000,5,1,2,1399
2559,9,2017,43,591000.0,67,20,0,5.0,2,0,151,46507,6,4,1,1197
2560,86,2018,51,575000.0,52,9,1,5.0,2,0,72,30000,5,4,1,1197
2561,110,2017,101,659000.0,103,20,1,5.0,8,0,159,39070,6,4,1,1197
2562,86,2019,171,720000.0,73,30,1,5.0,8,0,249,120000,5,1,1,1364
2563,86,2020,101,733000.0,110,20,1,5.0,2,0,139,22438,5,4,1,1197
2564,110,2020,101,867000.0,110,20,0,5.0,2,0,139,21225,6,4,2,1197
2565,64,2019,81,850000.0,69,8,0,5.0,2,0,61,28737,2,4,1,1199
2566,86,2021,94,920000.0,113,27,1,5.0,7,0,211,20000,5,4,1,999
2567,86,2019,87,720000.0,100,9,1,5.0,2,0,83,30000,5,1,1,1396
2568,116,2009,15,120000.0,26,2,1,5.0,2,0,30,70000,5,4,3,995
2569,86,2010,250,650000.0,127,21,0,5.0,8,0,171,120000,5,1,2,2143
2570,55,2012,101,350000.0,86,9,1,5.0,2,0,83,80000,5,4,2,1197
2571,86,2010,83,360000.0,61,31,1,5.0,2,0,264,100000,5,1,2,1199
2572,86,2013,355,1600000.0,270,0,0,5.0,8,0,4,80000,5,1,1,1968
2573,86,2018,284,1600000.0,159,28,1,5.0,8,0,220,70000,5,1,1,1968
2574,116,2013,101,381000.0,86,9,1,5.0,2,0,83,90106,5,1,2,1396
2575,138,2009,330,400000.0,163,28,1,5.0,8,0,223,50000,5,4,1,1798
2576,110,2016,42,389000.0,51,20,0,5.0,2,0,142,138175,6,4,1,998
2577,138,2019,47,445000.0,37,27,1,5.0,2,0,210,55609,5,4,1,999
2578,138,2015,41,186000.0,55,29,1,5.0,2,0,231,120000,5,1,3,1405
2579,116,2018,69,642000.0,101,20,0,5.0,2,0,158,56410,2,4,1,1197
2580,116,2022,93,725000.0,109,20,1,5.0,2,0,139,30000,5,4,1,1197
2581,138,2017,87,616000.0,100,9,1,5.0,2,0,83,77593,2,4,1,1197
2582,116,2018,103,694000.0,100,8,1,5.0,7,0,64,49538,4,4,1,1199
2583,55,2012,253,400000.0,137,2,1,5.0,8,0,26,87000,5,1,4,1998
2584,86,2016,203,650000.0,52,17,1,9.0,7,0,116,80000,5,1,1,2523
2585,86,2018,10,300000.0,33,4,1,5.0,2,0,36,50000,5,4,2,999
2586,86,2012,70,400000.0,73,20,1,5.0,2,0,158,120000,5,1,1,1248
2587,86,2018,68,649000.0,103,20,1,5.0,2,0,158,30000,5,4,1,1197
2588,86,2010,83,360000.0,61,31,1,5.0,2,0,264,100000,5,1,2,1199
2589,86,2010,83,360000.0,61,31,1,5.0,2,0,264,100000,5,1,2,1199
2590,86,2010,25,240000.0,30,9,1,5.0,2,0,76,120000,5,4,3,1086
2591,86,2021,62,800000.0,59,9,0,5.0,2,0,73,30000,5,4,1,1197
2592,86,2009,68,350000.0,103,20,1,5.0,2,0,158,100000,5,1,1,1248
2593,116,2016,42,415000.00000000006,51,20,1,5.0,2,0,142,41268,5,4,2,998
2594,110,2011,69,384000.0,101,20,1,5.0,2,0,158,60020,2,4,1,1197
2595,86,2015,248,900000.0,215,17,1,7.0,7,0,131,120000,5,1,1,2179
2596,110,2016,87,782000.0,100,9,1,5.0,2,0,83,32148,5,1,1,1396
2597,116,2016,42,463000.0,51,20,0,5.0,2,0,142,69565,2,4,1,998
2598,138,2017,82,660000.0,70,8,1,5.0,2,0,61,60000,5,1,1,1498
2599,138,2018,69,663000.0,101,20,0,5.0,2,0,158,26007,2,4,1,1197
2600,14,2018,103,900000.0,123,6,1,5.0,7,0,47,30000,5,4,2,999
2601,9,2010,69,316000.0,101,20,1,5.0,2,0,158,134850,2,4,2,1197
2602,138,2015,42,436000.00000000006,51,20,1,5.0,2,0,142,44385,2,4,1,998
2603,138,2009,272,280000.0,229,29,1,7.0,7,0,236,120000,5,1,2,2179
2604,86,2018,142,1350000.0,134,9,1,5.0,7,0,68,30000,5,1,1,1582
2605,8,2011,231,975000.0,163,1,0,5.0,8,0,11,87000,5,1,3,1995
2606,131,2014,203,520000.0,73,8,0,5.0,8,0,58,102662,2,4,1,1497
2607,138,2022,134,1764999.9999999998,120,28,0,5.0,7,0,218,13802,2,4,1,999
2608,86,2011,57,175000.0,60,6,1,5.0,2,0,51,90000,5,1,4,1399
2609,86,2011,77,400000.0,85,9,1,5.0,2,0,83,40000,5,4,2,1197
2610,138,2011,287,950000.0,253,21,0,5.0,8,0,171,65000,5,4,2,1991
2611,138,2020,157,1595000.0,148,13,1,5.0,7,0,99,42000,2,4,1,1353
2612,116,2017,51,593000.0,52,9,0,5.0,2,0,72,13444,2,4,2,1197
2613,116,2019,100,1057000.0,169,17,1,5.0,7,0,130,56226,5,1,1,1497
2614,110,2020,47,560000.0,37,27,0,5.0,2,0,210,8733,4,4,1,999
2615,138,2020,237,1264000.0,112,8,0,5.0,8,0,58,57963,2,4,1,1498
2616,91,2022,181,1666000.0,73,8,0,5.0,8,0,58,19508,2,4,1,1497
2617,14,2018,203,789000.0,73,8,1,5.0,8,0,58,49423,5,4,1,1497
2618,138,2012,69,459000.0,101,20,1,5.0,2,0,158,78622,2,4,2,1197
2619,9,2022,101,1275000.0,127,9,1,5.0,7,0,79,18025,5,1,1,1493
2620,138,2010,191,375000.0,72,8,1,5.0,8,0,58,68220,2,4,1,1497
2621,66,2022,313,3875000.0,198,12,0,7.0,7,0,95,6000,2,1,1,1956
2622,50,2018,76,985000.0,90,17,1,6.0,7,0,128,59889,5,1,1,2498
2623,138,2019,317,3775000.0,268,11,0,5.0,8,0,91,11000,2,1,2,1999
2624,110,2019,87,825000.0,100,9,1,5.0,2,0,83,38500,2,4,1,1197
2625,116,2013,298,1625000.0,187,30,0,7.0,7,0,252,120000,2,1,2,2982
2626,138,2016,328,2198000.0,155,1,0,5.0,8,0,11,39157,5,1,2,1995
2627,50,2008,114,825000.0,13,30,1,7.0,4,0,255,162000,2,1,1,2494
2628,9,2013,160,1175000.0,244,1,0,5.0,2,0,9,89900,4,4,2,1598
2629,138,2017,101,656000.0,110,20,0,5.0,2,0,139,58666,2,4,1,1197
2630,116,2018,101,612000.0,103,20,0,5.0,8,0,159,54137,5,4,1,1197
2631,116,2011,292,1195000.0,186,30,1,7.0,7,0,252,180000,2,1,2,2982
2632,110,2019,40,436000.00000000006,37,27,1,5.0,2,0,210,21997,2,4,1,999
2633,9,2020,101,721000.0,103,20,0,5.0,8,0,159,40394,2,4,2,1197
2634,56,2015,213,1750000.0,264,1,0,5.0,7,0,17,49000,2,1,2,1995
2635,138,2017,103,620000.0,123,6,1,5.0,7,0,47,80390,2,4,1,1499
2636,138,2018,287,3299000.0,253,21,0,5.0,8,0,171,52721,2,1,1,1950
2637,110,2017,101,643000.0,110,20,0,5.0,2,0,139,55127,2,4,1,1197
2638,9,2018,102,822000.0000000001,123,6,1,5.0,7,0,47,35922,2,1,2,1498
2639,110,2019,101,838000.0000000001,73,8,0,5.0,8,0,54,16883,5,4,1,1199
2640,138,2013,157,625000.0,173,27,1,5.0,7,0,208,86000,2,1,2,1461
2641,66,2016,284,1125000.0,159,28,0,5.0,8,0,220,88000,2,4,1,1798
2642,138,2020,183,2545000.0,165,12,0,5.0,7,0,94,34000,2,1,1,1956
2643,57,2013,119,345000.0,47,28,1,5.0,2,0,216,110000,2,1,1,1199
2644,84,2020,167,999000.0,171,27,1,5.0,7,0,208,55398,5,1,1,1461
2645,84,2015,102,675000.0,123,6,0,5.0,7,0,47,54000,2,4,2,1496
2646,14,2019,84,875000.0,61,31,1,5.0,2,0,264,25829,2,4,1,999
2647,116,2016,45,485000.0,44,20,1,5.0,2,0,142,36913,2,4,1,998
2648,138,2018,87,775000.0,100,9,1,5.0,2,0,83,34000,2,1,1,1396
2649,116,2018,69,655000.0,101,20,0,5.0,2,0,158,42162,5,4,2,1197
2650,110,2016,45,525000.0,44,20,0,5.0,2,0,142,48041,2,4,2,998
2651,9,2020,47,442000.0,37,27,1,5.0,2,0,210,43285,5,4,3,999
2652,116,2012,101,476000.0,86,9,1,5.0,2,0,83,44326,2,4,1,1197
2653,138,2017,84,865000.0,61,31,0,5.0,2,0,264,62984,2,4,2,1197
2654,116,2010,69,338000.0,101,20,1,5.0,2,0,158,99276,2,4,2,1197
2655,138,2018,142,1299000.0,134,9,0,5.0,7,0,68,42812,2,4,2,1591
2656,110,2013,69,492000.0,101,20,1,5.0,2,0,158,57770,2,4,1,1197
2657,110,2017,51,544000.0,52,9,0,5.0,2,0,72,42220,4,4,3,1197
2658,57,2016,248,1365000.0,215,17,0,7.0,7,0,131,66977,5,1,1,2179
2659,138,2021,100,1085000.0,126,9,1,5.0,7,0,79,29916,4,4,1,998
2660,116,2022,234,1488000.0,116,28,0,5.0,8,0,222,10066,4,4,1,999
2661,138,2019,189,939000.0,76,28,0,5.0,8,0,221,39243,2,4,2,1598
2662,138,2017,189,888000.0000000001,76,28,0,5.0,8,0,221,36309,5,4,2,1598
2663,66,2014,45,425000.0,44,20,0,5.0,2,0,142,69408,4,4,1,998
2664,138,2019,101,818000.0,73,8,0,5.0,8,0,54,12064,5,4,2,1199
2665,57,2013,342,1944000.0,196,21,0,5.0,8,0,174,74000,2,1,1,2143
2666,9,2018,68,695000.0,103,20,0,5.0,2,0,158,18000,2,4,1,1197
2667,116,2010,177,475000.0,76,31,0,5.0,8,0,269,59000,2,4,1,1598
2668,9,2018,51,551000.0,52,9,1,5.0,2,0,72,17190,2,4,1,1197
2669,14,2013,28,352000.0,26,20,1,5.0,2,0,163,58323,2,4,1,998
2670,110,2015,203,600000.0,73,8,1,5.0,8,0,58,40765,2,4,1,1497
2671,116,2016,42,479000.0,51,20,0,5.0,2,0,142,58198,4,4,2,998
2672,116,2019,51,559000.0,52,9,1,5.0,2,0,72,42976,5,4,1,1197
2673,138,2017,212,1519000.0,194,9,0,7.0,7,0,78,104507,2,1,1,1995
2674,8,2012,101,409000.0,101,20,1,5.0,8,0,159,44074,4,4,1,1197
2675,138,2017,36,539000.0,41,20,0,5.0,2,0,163,21000,2,4,1,998
2676,110,2021,69,737000.0,101,20,1,5.0,2,0,158,14089,4,4,1,1197
2677,110,2014,203,526000.0,73,8,1,5.0,8,0,58,94378,2,1,2,1498
2678,116,2016,248,1350000.0,215,17,0,7.0,7,0,131,71000,2,1,1,2179
2679,138,2018,317,3194000.0,197,30,1,7.0,7,0,252,174000,2,1,1,2755
2680,138,2016,51,585000.0,52,9,0,5.0,2,0,72,58000,2,4,2,1197
2681,14,2014,178,1495000.0,252,0,0,5.0,7,0,6,113000,5,1,2,1968
2682,138,2010,321,1090000.0,282,32,0,7.0,7,0,276,170402,2,1,2,2400
2683,138,2016,304,2100000.0,188,0,0,5.0,8,0,3,30000,2,1,2,1968
2684,116,2014,101,590000.0,73,20,1,5.0,8,0,159,59000,2,4,1,1197
2685,138,2021,248,1899000.0,215,17,1,7.0,7,0,131,25883,2,1,1,2179
2686,138,2021,131,1545000.0,120,31,1,5.0,7,0,266,32746,2,4,1,999
2687,138,2017,279,1895000.0,159,28,0,5.0,8,0,220,35038,2,4,1,1798
2688,140,2018,80,540000.0,104,6,1,5.0,2,0,52,38995,2,4,3,1194
2689,110,2013,69,491000.0,101,20,1,5.0,2,0,158,61102,2,4,1,1197
2690,116,2012,133,625000.0,141,28,1,5.0,7,0,224,132000,2,1,2,1968
2691,86,2021,24,436000.00000000006,29,20,1,5.0,2,0,155,52288,5,4,1,998
2692,14,2017,82,616000.0,70,8,0,5.0,2,0,61,69054,2,4,1,1199
2693,116,2015,157,675000.0,173,27,1,5.0,7,0,208,67000,2,4,1,1598
2694,8,2015,101,533000.0,73,20,1,5.0,8,0,159,51745,2,1,2,1248
2695,110,2015,193,3495000.0000000005,239,0,0,4.0,0,0,2,22000,2,4,1,1798
2696,116,2017,51,626000.0,52,9,1,5.0,2,0,72,11268,2,4,2,1197
2697,110,2020,50,632000.0,57,29,1,5.0,2,0,242,24357,6,4,1,1199
2698,138,2016,307,1775000.0,180,30,1,8.0,4,0,256,157000,2,1,2,2393
2699,51,2018,192,1000000.0,73,8,1,5.0,8,0,58,9982,2,4,1,1497
2700,110,2020,209,2875000.0,239,0,0,5.0,8,0,1,22000,2,1,1,1968
2701,9,2020,100,1085000.0,126,9,1,5.0,7,0,79,27000,2,4,1,998
2702,138,2017,328,2275000.0,263,1,0,5.0,8,0,11,68000,2,1,2,1995
2703,138,2022,100,1365000.0,126,9,0,5.0,7,0,79,19000,2,4,1,998
2704,14,2012,213,1550000.0,264,1,0,5.0,7,0,17,41000,5,1,2,1995
2705,9,2018,201,3025000.0,170,1,0,5.0,7,0,17,49000,2,1,1,1995
2706,8,2018,360,4275000.0,284,1,0,5.0,8,0,14,45000,2,1,2,1995
2707,138,2016,348,4450000.0,301,1,0,5.0,7,0,20,75000,2,1,2,2993
2708,110,2015,42,483000.0,51,20,1,5.0,2,0,142,39613,4,4,1,998
2709,138,2018,203,1007000.0,73,8,0,5.0,8,0,58,68906,5,4,2,1497
2710,138,2019,167,995000.0,171,27,0,5.0,7,0,208,33000,2,4,1,1498
2711,110,2016,101,573000.0,101,20,1,5.0,8,0,159,71423,2,4,1,1197
2712,116,2015,101,658000.0,101,20,1,5.0,8,0,159,17811,2,4,1,1197
2713,138,2017,142,1245000.0,134,9,0,5.0,7,0,68,79000,2,1,1,1582
2714,116,2020,101,906000.0,110,20,0,5.0,2,0,139,9724,6,4,1,1197
2715,138,2019,142,1195000.0,134,9,1,5.0,7,0,68,75000,2,4,1,1591
2716,138,2021,196,1031000.0,96,30,1,5.0,8,0,259,20754,2,4,1,1496
2717,110,2015,51,413000.0,52,9,1,5.0,2,0,72,50510,2,4,3,1197
2718,138,2019,51,624000.0,52,9,1,5.0,2,0,72,35000,2,4,1,1197
2719,116,2011,172,465000.00000000006,77,9,1,5.0,8,0,80,85000,2,1,3,1582
2720,138,2018,203,1050000.0,73,8,0,5.0,8,0,58,48979,5,4,1,1497
2721,110,2017,98,725000.0,156,29,1,5.0,7,0,237,46000,2,4,2,1198
2722,110,2020,87,1800000.0,197,17,0,4.0,7,0,128,9000,2,1,1,2184
2723,66,2018,101,650000.0,82,6,1,5.0,8,0,46,70000,5,1,2,1498
2724,110,2014,268,1395000.0,274,32,0,5.0,8,0,272,78000,5,1,2,1969
2725,51,2021,101,865000.0,73,8,1,5.0,8,0,54,1500,2,1,1,1498
2726,50,2011,333,1423000.0,190,1,0,5.0,8,0,14,70000,2,1,2,1995
2727,8,2023,370,4399000.0,231,16,0,6.0,7,0,112,8187,2,1,1,1996
2728,116,2014,101,475000.0,101,20,1,5.0,8,0,159,81777,2,4,3,1197
2729,86,2016,203,747000.0,73,8,0,5.0,8,0,58,48698,2,4,2,1497
2730,57,2020,157,1590000.0,148,13,0,5.0,7,0,99,21000,2,4,1,1353
2731,116,2016,51,520000.0,52,9,0,5.0,2,0,72,67771,2,4,2,1197
2732,138,2015,101,530000.0,101,20,1,5.0,8,0,159,60386,4,4,1,1197
2733,110,2018,48,595000.0,50,29,0,5.0,2,0,242,48928,2,4,1,1199
2734,116,2010,101,312000.0,86,9,1,5.0,2,0,83,111374,4,4,1,1197
2735,57,2017,142,920000.0,134,9,1,5.0,7,0,68,33000,5,4,2,1591
2736,116,2021,14,403000.0,28,20,1,5.0,2,0,137,40561,6,4,1,796
2737,138,2013,69,415000.00000000006,101,20,1,5.0,2,0,158,92529,2,4,1,1197
2738,66,2019,93,850000.0,60,8,0,5.0,8,0,54,42000,2,4,1,1199
2739,4,2020,384,2700000.0,245,13,0,7.0,4,0,98,55342,2,1,1,2199
2740,14,2021,102,1145000.0,123,6,1,5.0,7,0,47,51000,2,1,1,1498
2741,116,2018,248,1275000.0,215,17,1,7.0,7,0,131,37000,2,1,2,2179
2742,116,2017,82,645000.0,70,8,1,5.0,2,0,61,36468,2,4,1,1199
2743,8,2022,101,1440000.0,170,17,1,5.0,7,0,130,11250,2,4,1,1197
2744,50,2019,182,1145000.0,102,20,1,7.0,4,0,146,36000,2,4,1,1462
2745,9,2019,100,1225000.0,126,9,0,5.0,7,0,79,36368,5,4,1,998
2746,138,2016,395,5275000.0,287,21,0,5.0,8,0,184,36000,2,1,2,2987
2747,138,2017,277,3800000.0,271,1,0,5.0,7,0,18,62000,2,1,3,1995
2748,14,2018,203,888000.0000000001,73,8,1,5.0,8,0,58,39466,2,4,1,1497
2749,138,2014,69,507000.0,101,20,1,5.0,2,0,158,49570,2,4,1,1197
2750,7,2018,181,1020000.0,76,31,0,5.0,8,0,269,23382,2,4,2,1197
2751,138,2021,24,472000.0,29,20,1,5.0,2,0,155,42954,2,4,1,998
2752,116,2014,69,471000.0,101,20,1,5.0,2,0,158,68306,2,4,1,1197
2753,121,2018,87,821000.0000000001,100,9,1,5.0,2,0,83,54961,2,1,1,1396
2754,110,2015,69,510000.0,101,20,1,5.0,2,0,158,91087,2,4,1,1197
2755,138,2022,47,599000.0,37,27,1,5.0,2,0,210,16691,4,4,1,999
2756,14,2016,29,402000.0,26,20,1,5.0,2,0,163,80190,2,4,1,998
2757,110,2017,142,1002000.0,134,9,1,5.0,7,0,68,54639,5,4,1,1591
2758,57,2020,151,975000.0,135,20,1,5.0,7,0,157,50225,2,4,1,1462
2759,9,2018,87,795000.0,100,9,1,5.0,2,0,83,68017,2,1,1,1396
2760,41,2016,84,550000.0,61,31,1,5.0,2,0,264,87912,2,4,1,1199
2761,8,2021,96,1298000.0,154,29,1,5.0,7,0,237,2045,5,4,1,1199
2762,9,2021,151,1085000.0,135,20,1,5.0,7,0,157,24305,5,4,1,1462
2763,106,2015,6,335000.0,26,29,0,4.0,2,0,235,2500,2,4,1,624
2764,9,2020,96,1109000.0,154,29,0,5.0,7,0,237,31489,5,4,1,1199
2765,50,2014,238,350000.0,96,5,1,5.0,8,0,40,82268,3,4,2,1368
2766,8,2019,102,894999.9999999999,123,6,1,5.0,7,0,47,73834,5,1,1,1498
2767,57,2014,298,1775000.0,187,30,1,7.0,7,0,252,73000,2,1,2,2982
2768,116,2017,42,466000.0,39,20,1,5.0,2,0,142,41436,2,4,1,998
2769,14,2019,203,924000.0,73,8,1,5.0,8,0,58,19024,6,4,2,1497
2770,110,2016,227,775000.0,194,17,1,8.0,4,0,132,73000,2,1,1,2179
2771,110,2020,14,378000.0,28,20,1,5.0,2,0,137,73140,2,4,2,796
2772,116,2015,69,555000.0,101,20,1,5.0,2,0,158,29289,2,4,1,1197
2773,116,2016,203,899000.0,73,8,0,5.0,8,0,58,39116,2,4,1,1497
2774,116,2019,14,370000.0,24,20,1,5.0,2,0,137,41958,4,4,1,796
2775,14,2018,103,810000.0,100,8,1,5.0,7,0,64,26626,5,4,1,1199
2776,138,2019,81,774000.0,69,8,0,5.0,2,0,61,63460,5,4,1,1199
2777,110,2019,31,530000.0,48,9,1,5.0,2,0,75,35711,2,4,1,1086
2778,14,2020,103,945000.0,99,8,1,5.0,7,0,64,20057,2,4,1,1199
2779,50,2020,93,880000.0000000001,117,29,1,5.0,2,0,225,25396,5,4,1,1199
2780,14,2013,101,525000.0,86,9,1,5.0,2,0,83,88000,2,1,1,1396
2781,57,2019,183,1605000.0,165,12,0,5.0,7,0,94,62000,5,4,1,1368
2782,92,2020,237,1170000.0,112,8,1,5.0,8,0,58,35993,3,4,1,1498
2783,116,2017,51,650000.0,52,9,0,5.0,2,0,72,34000,2,4,1,1197
2784,110,2019,103,875000.0,100,8,1,5.0,7,0,64,51338,2,4,1,1199
2785,139,2015,51,500000.0,52,9,1,5.0,2,0,72,74280,3,4,1,1197
2786,57,2019,345,9500000.0,307,14,0,5.0,7,0,107,82000,2,1,1,2993
2787,9,2015,355,2195000.0,270,0,0,5.0,8,0,4,63773,2,1,1,1968
2788,110,2015,51,395000.0,52,9,1,5.0,2,0,72,101356,2,4,2,1197
2789,86,2020,14,421000.0,28,20,1,4.0,2,0,137,75591,5,0,1,796
2790,9,2017,142,1300000.0,134,9,0,5.0,7,0,68,72208,3,4,1,1591
2791,9,2014,69,490000.00000000006,101,20,1,5.0,2,0,158,51489,2,4,1,1197
2792,86,2017,43,520000.0,67,20,0,5.0,2,0,151,74643,5,4,1,1197
2793,50,2008,348,1450000.0,234,1,0,5.0,7,0,20,44000,2,1,2,2993
2794,116,2017,82,616000.0,70,8,0,5.0,2,0,61,79575,2,4,1,1199
2795,138,2018,103,825000.0,100,8,1,5.0,7,0,64,54097,2,4,1,1199
2796,86,2018,203,838000.0000000001,73,8,1,5.0,8,0,58,35288,2,4,2,1497
2797,116,2019,69,618000.0,101,20,0,5.0,2,0,158,70314,6,4,1,1197
2798,8,2017,157,875000.0,173,27,1,5.0,7,0,208,96939,5,1,2,1461
2799,110,2010,53,390000.0,55,24,1,5.0,2,0,198,44824,2,4,2,1198
2800,50,2014,248,1349000.0,123,30,1,7.0,4,0,255,169219,5,1,2,2494
2801,133,2012,203,500000.0,73,8,1,5.0,8,0,58,92673,4,4,2,1497
2802,138,2014,385,4100000.0,292,21,0,7.0,7,0,176,79000,2,1,2,2987
2803,74,2020,183,2190000.0,165,12,0,5.0,7,0,94,20183,6,1,1,1956
2804,138,2018,196,795000.0,96,30,0,5.0,8,0,259,77130,2,4,1,1496
2805,14,2017,102,775000.0,123,6,0,5.0,7,0,47,45000,2,4,1,1496
2806,57,2017,101,745000.0,110,20,0,5.0,2,0,139,27025,5,4,2,1197
2807,138,2019,157,1125000.0,148,13,1,5.0,7,0,99,105153,5,4,1,1353
2808,14,2016,248,1030000.0,215,17,1,7.0,7,0,131,70509,2,1,1,2179
2809,116,2020,47,582000.0,37,27,0,5.0,2,0,210,11662,6,4,2,999
2810,138,2018,51,615000.0,52,9,1,5.0,2,0,72,36176,5,4,1,1197
2811,110,2015,82,560000.0,70,8,0,5.0,2,0,61,74342,5,4,2,1199
2812,116,2016,101,710000.0,110,20,1,5.0,2,0,139,89837,4,1,1,1248
2813,138,2015,68,535000.0,103,20,1,5.0,2,0,158,11912,4,4,2,1197
2814,110,2012,70,446000.0,73,20,1,5.0,2,0,158,55544,4,1,2,1248
2815,138,2019,102,1018000.0,123,6,0,5.0,7,0,47,27027,2,4,1,1497
2816,116,2017,203,840000.0,73,8,0,5.0,8,0,58,56363,6,4,1,1497
2817,86,2016,174,654000.0,77,9,1,5.0,8,0,80,42094,2,4,2,1591
2818,138,2019,157,1125000.0,148,13,1,5.0,7,0,99,114912,2,4,1,1353
2819,110,2016,68,585000.0,103,20,1,5.0,2,0,158,33649,5,4,1,1197
2820,84,2019,157,1250000.0,148,13,1,5.0,7,0,99,54000,2,4,1,1497
2821,116,2014,101,475000.0,52,9,1,5.0,8,0,81,69798,2,4,2,1197
2822,110,2010,26,310000.0,38,9,1,5.0,2,0,82,69000,2,4,2,1197
2823,138,2020,183,2395000.0,165,12,0,5.0,7,0,94,49001,6,1,1,1956
2824,39,2017,203,1085000.0,93,9,0,5.0,8,0,80,57527,2,1,2,1582
2825,128,2015,91,475000.0,64,5,1,5.0,2,0,44,57367,2,1,1,1248
2826,138,2015,29,406000.0,26,20,1,5.0,2,0,163,50936,5,4,2,998
2827,138,2022,101,1084000.0,130,9,1,5.0,2,0,83,23237,2,1,1,1493
2828,86,2016,45,445000.0,44,20,0,5.0,2,0,142,66596,2,4,1,998
2829,116,2016,248,1382000.0,215,17,1,7.0,7,0,131,36613,2,1,1,2179
2830,138,2015,101,601000.0,73,20,1,5.0,8,0,159,74104,5,4,1,1197
2831,138,2022,31,594000.0,48,9,1,5.0,2,0,75,6777,6,4,1,1086
2832,138,2020,102,960000.0,123,6,1,5.0,7,0,47,14560,2,4,1,1496
2833,138,2021,24,575000.0,29,20,0,5.0,2,0,155,27000,2,4,1,998
2834,116,2015,203,729000.0,73,8,0,5.0,8,0,58,90333,2,4,2,1497
2835,9,2019,150,3575000.0,172,22,0,5.0,7,0,191,50114,2,4,1,1998
2836,116,2017,101,962000.0,140,20,1,5.0,7,0,162,69301,2,1,1,1248
2837,9,2021,47,450000.0,37,27,1,5.0,2,0,210,71306,2,4,1,999
2838,104,2019,101,849000.0,110,20,0,5.0,2,0,139,35135,5,4,1,1197
2839,138,2016,52,535000.0,60,20,1,5.0,2,0,154,40561,5,1,1,1248
2840,14,2012,77,435000.0,85,9,1,5.0,2,0,83,90000,2,4,1,1197
2841,57,2017,82,685000.0,70,8,0,5.0,2,0,61,60000,2,4,2,1199
2842,138,2019,300,5750000.0,216,1,0,5.0,7,0,18,30000,2,1,1,1995
2843,14,2016,157,730000.0,173,27,1,5.0,7,0,208,60000,5,1,2,1461
2844,138,2015,248,1145000.0,215,17,1,7.0,7,0,131,102000,2,1,1,2179
2845,110,2015,28,410000.0,22,20,1,5.0,2,0,163,41659,4,4,2,998
2846,138,2009,115,1075000.0,14,0,0,5.0,8,0,3,85300,2,4,2,1781
2847,110,2017,174,849000.0,77,9,0,5.0,8,0,80,32483,5,4,2,1591
2848,9,2018,87,749000.0,100,9,1,5.0,2,0,83,34376,5,4,1,1197
2849,116,2017,142,872000.0000000001,134,9,1,5.0,7,0,68,36540,5,4,1,1591
2850,116,2011,77,306000.0,85,9,1,5.0,2,0,83,148625,2,4,2,1197
2851,57,2013,355,995000.0,270,0,0,5.0,8,0,4,81000,5,1,4,2967
2852,138,2013,26,348000.0,38,9,1,5.0,2,0,82,5609,5,4,2,1086
2853,9,2019,210,2425000.0,144,0,0,5.0,8,0,1,37000,5,4,1,1395
2854,116,2021,222,1725000.0,139,9,1,6.0,7,0,66,6000,2,4,1,1999
2855,116,2013,259,500000.0,157,27,1,5.0,8,0,209,61000,4,1,1,1461
2856,116,2018,40,417000.0,37,27,0,5.0,2,0,210,30285,5,4,2,999
2857,138,2011,177,399000.0,76,31,1,5.0,8,0,269,80153,5,1,2,1598
2858,86,2016,51,541000.0,52,9,0,5.0,2,0,72,49641,2,4,1,1197
2859,116,2016,101,568000.0,110,20,0,5.0,2,0,139,83075,2,4,2,1197
2860,110,2018,101,730000.0,110,20,1,5.0,2,0,139,45677,2,4,1,1197
2861,138,2017,42,446000.0,39,20,1,5.0,2,0,142,81849,2,4,1,998
2862,116,2015,68,638000.0,103,20,1,5.0,2,0,158,67791,2,1,2,1248
2863,110,2018,196,3750000.0,259,32,0,5.0,7,0,277,38100,2,1,1,1969
2864,86,2018,87,694000.0,100,9,1,5.0,2,0,83,65015,5,4,1,1197
2865,9,2018,275,4700000.0,214,21,0,5.0,7,0,179,47000,2,1,2,2143
2866,138,2014,69,493000.0,101,20,1,5.0,2,0,158,62029,4,4,1,1197
2867,116,2017,68,637000.0,103,20,1,5.0,2,0,158,94926,2,1,1,1248
2868,57,2012,77,365000.0,85,9,1,5.0,2,0,83,119487,3,4,1,1197
2869,138,2019,125,825000.0,110,17,1,7.0,7,0,116,126000,5,1,1,2523
2870,57,2017,101,645000.0,61,31,1,5.0,8,0,260,70332,2,1,1,1498
2871,57,2017,43,585000.0,67,20,1,5.0,2,0,151,37950,5,4,1,1197
2872,116,2019,87,835000.0,100,9,1,5.0,2,0,83,38100,2,4,1,1197
2873,9,2012,298,1648999.9999999998,187,30,1,7.0,7,0,252,156039,2,1,2,2982
2874,110,2008,219,330000.0,103,20,1,5.0,8,0,156,56000,5,4,2,1586
2875,138,2014,32,425000.0,60,8,1,5.0,2,0,56,42000,2,4,2,1198
2876,110,2018,87,750000.0,100,9,1,5.0,2,0,83,93003,2,1,1,1396
2877,138,2017,51,675000.0,52,9,0,5.0,2,0,72,36000,2,4,2,1197
2878,55,2022,157,1900000.0,148,13,0,5.0,7,1,99,10000,5,1,1,1493
2879,138,2016,142,762000.0,134,9,1,5.0,7,1,68,57437,6,4,2,1591
2880,57,2020,278,5600000.0,215,21,0,5.0,7,1,179,8000,2,4,1,1991
2881,116,2018,69,523000.00000000006,101,20,1,5.0,2,1,158,28151,2,4,2,1197
2882,138,2017,142,765000.0,134,9,1,5.0,7,1,68,60000,5,4,1,1591
2883,138,2021,101,894999.9999999999,139,13,1,5.0,7,1,100,20000,2,4,1,1197
2884,138,2021,101,708000.0,59,9,1,5.0,8,1,67,42682,4,0,1,1197
2885,57,2017,84,400000.0,61,31,1,5.0,2,1,264,44653,2,4,1,1198
2886,138,2022,64,725000.0,60,9,1,5.0,2,1,73,7000,2,0,1,1197
2887,138,2019,101,663000.0,110,20,1,5.0,2,1,139,67823,5,4,1,1197
2888,116,2014,32,390000.0,60,8,0,5.0,2,1,56,50000,2,4,1,1198
2889,57,2019,176,784000.0,157,24,1,5.0,7,1,196,97055,2,1,1,1461
2890,116,2017,336,2100000.0,174,30,0,5.0,8,1,246,114000,2,4,1,2494
2891,8,2022,101,1350000.0,140,13,1,5.0,7,1,100,24000,6,1,1,1493
2892,9,2016,354,2350000.0,278,1,0,5.0,8,1,14,30000,5,1,1,1995
2893,138,2022,307,2250000.0,180,30,1,7.0,4,1,256,7000,2,4,1,2694
2894,8,2021,370,3500000.0,231,16,0,7.0,7,1,112,34000,2,1,1,1996
2895,138,2013,213,900000.0,264,1,0,5.0,7,1,17,29000,5,1,1,1995
2896,8,2020,278,5245000.0,215,21,0,5.0,7,1,179,38000,2,4,1,1991
2897,86,2013,274,350000.0,241,29,1,7.0,7,1,239,150000,5,1,1,2179
2898,116,2019,100,839000.0,126,9,1,5.0,7,1,79,83329,2,1,1,1396
2899,68,2008,30,120000.0,22,20,1,5.0,2,1,167,43000,5,4,1,1061
2900,138,2022,62,750000.0,59,9,1,5.0,2,1,73,8000,5,4,1,1197
2901,110,2021,134,1284000.0,120,28,0,5.0,7,1,218,11404,2,4,1,999
2902,138,2019,142,850000.0,134,9,1,5.0,7,1,68,70000,5,4,2,1591
2903,110,2023,93,869999.9999999999,117,29,1,5.0,2,1,225,23000,2,1,1,1497
2904,9,2022,43,634000.0,65,20,1,5.0,2,1,151,19044,2,4,1,1197
2905,9,2017,394,7500000.0,226,1,0,5.0,8,1,16,23500,2,4,1,2998
2906,138,2019,142,1250000.0,134,9,1,5.0,7,1,68,17367,2,4,1,1591
2907,57,2020,157,1325000.0,148,13,1,5.0,7,1,99,3800,5,1,1,1493
2908,138,2017,328,3215000.0,178,1,0,5.0,8,1,12,45000,2,4,1,1998
2909,110,2014,51,421000.0,52,9,0,5.0,2,1,72,43124,2,4,2,1197
2910,86,2020,248,1300000.0,215,17,1,7.0,7,1,131,20000,5,1,1,2179
2911,8,2017,142,1000000.0,134,9,0,5.0,7,1,68,60000,5,1,1,1582
2912,57,2018,101,600000.0,110,20,1,5.0,2,1,139,36000,4,4,1,1197
2913,116,2015,51,495000.0,52,9,0,5.0,2,1,72,44559,5,4,1,1197
2914,86,2022,303,2050000.0,184,16,1,6.0,7,1,114,10000,5,4,1,1451
2915,57,2021,93,627000.0,117,29,1,5.0,2,1,225,37587,2,4,1,1199
2916,138,2016,93,340000.0,60,8,1,5.0,8,1,54,90000,5,4,1,1198
2917,57,2010,26,190000.0,38,9,1,5.0,2,1,82,73786,2,4,1,1197
2918,116,2009,261,300000.0,131,30,0,5.0,8,1,248,50000,5,4,1,1794
2919,57,2018,68,575000.0,103,20,1,5.0,2,1,158,22000,5,4,1,1197
2920,9,2019,101,743000.0,110,20,0,5.0,2,1,139,38103,2,4,1,1197
2921,138,2022,43,645000.0,65,20,1,5.0,2,1,151,15000,5,4,1,1197
2922,14,2018,307,1700000.0,180,30,0,7.0,4,1,256,69000,2,1,1,2755
2923,84,2013,51,359000.0,52,9,1,5.0,2,1,72,48327,2,4,2,1197
2924,86,2008,30,120000.0,22,20,1,5.0,2,1,167,40000,5,4,1,1061
2925,57,2020,157,1121000.0,148,13,1,5.0,7,1,99,38967,5,4,1,1353
2926,138,2020,157,1375000.0,148,13,1,5.0,7,1,99,50000,2,1,1,1493
2927,57,2016,101,525000.0,110,20,1,5.0,2,1,139,33000,2,4,1,1197
2928,138,2014,140,375000.0,73,30,1,5.0,8,1,249,70000,2,4,1,1496
2929,86,2006,28,90000.0,22,20,1,5.0,2,1,163,120000,5,4,3,998
2930,138,2018,329,1698999.9999999998,199,10,0,7.0,7,1,88,72000,2,1,1,2999
2931,116,2017,142,894999.9999999999,134,9,1,5.0,7,1,68,58511,2,4,1,1591
2932,55,2014,101,410000.0,73,20,1,5.0,8,1,159,60000,5,1,1,1248
2933,138,2019,209,1250000.0,168,17,1,7.0,7,1,124,40000,5,1,3,2179
2934,9,2019,68,525000.0,103,20,1,5.0,2,1,158,43500,2,4,1,1197
2935,57,2019,129,625000.0,67,20,1,5.0,8,1,159,68192,2,4,1,1298
2936,86,2017,248,850000.0,215,17,1,7.0,7,1,131,100000,5,1,3,1997
2937,0,2015,82,340000.0,70,8,1,5.0,2,1,61,74872,2,1,1,1498
2938,57,2019,306,1750000.0,179,30,1,7.0,4,1,256,47000,2,1,1,2393
2939,14,2022,99,1295000.0,139,20,1,5.0,7,1,141,9000,4,4,1,1462
2940,138,2019,84,699000.0,61,31,1,5.0,2,1,264,31000,2,4,1,999
2941,86,2018,48,399000.0,50,29,1,5.0,2,1,242,33709,2,4,2,1199
2942,116,2018,43,387000.0,67,20,1,5.0,2,1,151,123617,2,4,1,1197
2943,138,2015,355,1475000.0,270,0,0,5.0,8,1,4,31000,2,1,1,1968
2944,57,2019,31,485000.0,48,9,1,5.0,2,1,75,45000,5,0,1,1086
2945,138,2014,36,295000.0,41,20,1,5.0,2,1,163,82000,5,0,1,998
2946,110,2015,45,425000.0,44,20,0,5.0,2,1,142,36400,2,4,1,998
2947,9,2017,398,7125000.0,287,21,0,5.0,8,1,184,75000,2,1,2,2925
2948,57,2013,32,250000.0,60,8,1,5.0,2,1,56,69000,5,4,1,1198
2949,116,2015,252,350000.0,96,5,1,5.0,8,1,40,110000,5,1,1,1248
2950,57,2016,163,645000.0,247,24,0,5.0,7,1,201,62500,2,1,1,1461
2951,138,2021,47,460000.0,36,27,1,5.0,2,1,210,20000,5,4,1,799
2952,86,2014,203,458000.0,73,8,1,5.0,8,1,58,70307,6,4,2,1497
2953,138,2015,265,1800000.0,271,0,0,5.0,7,1,7,50000,5,1,1,1968
2954,138,2020,43,580000.0,67,20,1,5.0,2,1,151,30000,5,4,1,1197
2955,138,2017,348,4200000.0,234,1,0,5.0,7,1,20,65000,2,1,1,2993
2956,116,2022,43,517000.0,65,20,1,5.0,2,1,151,4108,4,4,2,1197
2957,138,2020,87,750000.0,100,9,1,5.0,2,1,83,40000,2,4,1,1197
2958,86,2012,26,213000.0,38,9,1,5.0,2,1,82,91926,2,4,1,1197
2959,116,2014,345,1450000.0,267,21,0,5.0,8,1,174,40000,5,1,1,2143
2960,86,2021,182,1100000.0,102,20,1,7.0,4,1,146,40000,5,0,1,1462
2961,86,2019,101,611000.0,110,20,1,5.0,2,1,139,60000,5,4,1,1197
2962,116,2021,101,745000.0,110,30,1,5.0,2,1,253,23200,5,4,1,1197
2963,8,2021,157,1851000.0,148,13,0,5.0,7,1,99,36000,2,1,1,1493
2964,57,2015,51,415000.00000000006,52,9,1,5.0,2,1,72,50000,2,4,1,1197
2965,116,2017,183,1075000.0,165,12,1,5.0,7,1,94,39000,2,1,1,1956
2966,116,2016,101,550000.0,110,20,0,5.0,2,1,139,55000,2,4,1,1197
2967,138,2020,93,540000.0,117,29,1,5.0,2,1,225,55000,2,4,1,1199
2968,140,2019,94,540000.0,105,27,1,7.0,4,1,215,24777,4,4,1,999
2969,86,2016,101,575000.0,140,20,1,5.0,7,1,162,50000,5,1,1,1248
2970,8,2021,346,6200000.0,220,12,0,5.0,7,1,96,15000,2,4,1,1998
2971,86,2012,101,286000.0,101,20,1,5.0,8,1,159,50854,2,4,2,1197
2972,138,2014,355,890000.0,270,0,0,5.0,8,1,4,134000,5,1,1,1968
2973,8,2021,370,3449000.0,231,16,0,7.0,7,1,112,33000,2,1,1,1996
2974,9,2019,242,1280000.0,148,9,0,5.0,8,1,70,34000,2,4,1,1999
2975,116,2014,101,356000.0,101,20,1,5.0,8,1,159,52515,2,4,1,1197
2976,138,2020,307,1950000.0,180,30,1,7.0,4,1,256,45000,2,4,1,2694
2977,138,2015,359,2090000.0,209,0,0,5.0,8,1,4,59000,5,1,1,1968
2978,110,2009,112,115000.0,11,5,1,5.0,8,1,40,29582,3,4,2,1368
2979,138,2017,261,1190000.0,130,30,0,5.0,8,1,248,41000,5,4,1,1798
2980,116,2017,40,295000.0,37,27,1,5.0,2,1,210,57806,2,4,2,799
2981,51,2019,203,1000000.0,73,8,0,5.0,8,1,58,20000,5,4,1,1497
2982,116,2018,10,213000.0,33,4,1,5.0,2,1,36,66227,6,4,1,799
2983,86,2010,26,135000.0,38,9,1,5.0,2,1,82,100000,5,4,3,1086
2984,57,2019,48,595000.0,50,29,0,5.0,2,1,242,43220,2,4,2,1199
2985,86,2015,101,300000.0,52,9,1,5.0,8,1,81,100000,5,4,1,1197
2986,110,2018,40,425000.0,37,27,1,5.0,2,1,210,13500,2,4,2,999
2987,86,2016,95,330000.0,58,29,1,5.0,8,1,244,60000,5,4,2,1199
2988,138,2016,101,478000.0,110,20,1,5.0,2,1,139,43929,5,4,1,1197
2989,86,2017,29,450000.0,26,20,1,5.0,2,1,163,70000,5,4,1,998
2990,86,2018,248,900000.0,215,17,1,7.0,7,1,131,70000,5,1,2,2179
2991,86,2020,101,680000.0,110,20,1,5.0,2,1,139,50000,5,4,1,1197
2992,86,2010,26,135000.0,38,9,1,5.0,2,1,82,100000,5,4,3,1086
2993,138,2018,40,385000.0,37,27,1,5.0,2,1,210,34250,2,4,1,799
2994,86,2012,32,240000.0,60,8,1,5.0,2,1,56,90000,5,4,2,1198
2995,116,2020,62,626000.0,59,9,1,5.0,2,1,73,64847,4,0,1,1197
2996,8,2021,153,1350000.0,140,9,1,5.0,7,1,68,50000,5,1,1,1493
2997,86,2012,32,240000.0,60,8,1,5.0,2,1,56,90000,5,4,2,1198
2998,116,2015,26,345000.0,38,9,1,5.0,2,1,82,62150,0,4,1,1086
2999,138,2018,43,505000.0,67,20,0,5.0,2,1,151,41200,5,4,1,1197
3000,116,2018,102,749000.0,123,6,0,5.0,7,1,47,67000,2,4,1,1496
3001,116,2011,15,140000.0,32,9,1,5.0,2,1,69,41705,5,4,2,814
3002,110,2021,87,1500000.0,197,17,0,4.0,7,1,128,9000,4,4,1,1997
3003,110,2019,194,2995000.0,149,21,0,5.0,7,1,178,27120,2,4,1,1991
3004,86,2014,68,325000.0,103,20,1,5.0,2,1,158,120000,5,1,1,1248
3005,57,2017,68,431000.0,103,20,1,5.0,2,1,158,55000,2,4,1,1197
3006,138,2017,142,780000.0,134,9,1,5.0,7,1,68,69000,5,4,1,1591
3007,86,2009,26,170000.0,38,9,1,5.0,2,1,82,90000,5,4,2,1197
3008,86,2019,101,530000.0,110,30,1,5.0,2,1,253,40000,5,4,1,1197
3009,116,2021,101,949000.0,140,20,0,5.0,7,1,162,18432,6,4,1,1462
3010,138,2016,93,479000.0,60,8,1,5.0,8,1,54,43584,5,4,1,1198
3011,138,2017,101,562000.0,110,20,1,5.0,2,1,139,17665,5,4,1,1197
3012,86,2017,103,600000.0,123,6,1,5.0,7,1,47,70000,5,1,2,1498
3013,8,2022,97,735000.0,57,29,1,5.0,8,1,244,10203,4,4,1,1199
3014,86,2015,51,420000.0,52,9,1,5.0,2,1,72,70000,5,4,2,1197
3015,138,2015,203,549000.0,73,8,1,5.0,8,1,58,63000,2,4,1,1497
3016,138,2013,83,322000.0,61,31,1,5.0,2,1,264,45244,4,4,2,1198
3017,86,2009,26,180000.0,38,9,1,5.0,2,1,82,80000,5,4,2,1197
3018,9,2016,101,472000.0,110,20,1,5.0,2,1,139,77611,2,4,2,1197
3019,138,2016,142,715000.0,134,9,1,5.0,7,1,68,68000,2,4,1,1591
3020,138,2012,16,220000.00000000003,39,20,1,5.0,2,1,135,110000,5,4,1,998
3021,86,2021,202,900000.0,71,8,1,5.0,8,1,58,30000,5,4,1,1497
3022,138,2022,307,2550000.0,180,30,0,7.0,4,1,256,15000,2,4,1,2694
3023,57,2014,203,499000.0,73,8,1,5.0,8,1,58,67000,2,4,1,1497
3024,86,2014,293,857000.0,161,23,1,7.0,7,1,195,70000,5,1,1,2477
3025,116,2017,68,445000.0,103,20,1,5.0,2,1,158,34568,2,4,2,1197
3026,110,2017,84,501000.0,61,31,1,5.0,2,1,264,54101,6,4,1,1199
3027,86,2015,74,400000.0,103,30,1,5.0,2,1,250,120000,5,1,1,1364
3028,116,2016,101,440000.00000000006,73,8,1,5.0,8,1,54,67000,2,4,1,1199
3029,140,2016,181,631000.0,76,31,0,5.0,8,1,269,88952,5,4,2,1197
3030,9,2019,36,545000.0,41,20,1,5.0,2,1,163,65000,2,4,1,1197
3031,57,2015,203,549000.0,73,8,0,5.0,8,1,58,69000,2,4,2,1497
3032,9,2012,28,243000.00000000003,26,20,1,5.0,2,1,163,50979,2,4,1,998
3033,57,2014,297,890000.0,260,0,0,5.0,8,1,3,95000,2,1,2,1968
3034,86,2016,87,546000.0,100,9,1,5.0,2,1,83,58696,5,4,1,1197
3035,9,2022,308,6475000.0,290,1,0,5.0,7,1,19,8000,5,4,1,1998
3036,116,2019,194,2800000.0,149,21,0,5.0,7,1,178,45000,2,1,1,2143
3037,9,2022,100,1090000.0,126,9,0,5.0,7,1,79,30000,5,4,1,998
3038,138,2020,43,575000.0,65,20,1,5.0,2,1,151,44000,2,4,1,1197
3039,138,2023,374,13200000.0,279,14,0,5.0,7,1,101,1600,2,4,1,1997
3040,55,2022,101,800000.0,101,20,0,5.0,8,1,159,30000,5,4,1,1197
3041,8,2022,87,1651000.0000000002,197,17,0,4.0,7,1,128,35011,4,1,2,2184
3042,138,2021,96,819999.9999999999,154,29,1,5.0,7,1,237,18110,6,4,1,1199
3043,86,2014,248,545000.0,215,17,1,7.0,7,1,131,90000,5,1,1,2179
3044,116,2017,103,625000.0,100,8,1,5.0,7,1,64,24349,4,4,2,1199
3045,138,2019,142,800000.0,134,9,1,5.0,7,1,68,60000,5,1,1,1396
3046,9,2017,87,599000.0,100,9,1,5.0,2,1,83,81711,6,4,1,1197
3047,138,2023,374,13200000.0,279,14,0,5.0,7,1,101,101,2,4,1,1997
3048,138,2022,51,725000.0,57,29,1,5.0,2,1,242,30400,2,0,1,1199
3049,116,2013,15,216000.0,32,9,1,5.0,2,1,69,23961,2,4,2,814
3050,138,2018,72,525000.0,73,30,1,5.0,2,1,251,66300,5,4,1,1197
3051,57,2020,305,6950000.0,215,21,0,5.0,1,1,180,38000,2,1,1,1950
3052,116,2019,45,480000.0,44,20,1,5.0,2,1,143,20802,6,4,1,998
3053,116,2013,34,276000.0,22,20,1,5.0,2,1,164,54420,4,4,1,998
3054,57,2014,393,3450000.0,207,21,0,5.0,8,1,184,72000,2,1,2,2987
3055,8,2020,372,8800000.0,221,15,0,5.0,7,1,110,19000,2,4,1,3456
3056,138,2012,174,335000.0,77,9,1,5.0,8,1,80,92000,2,4,1,1591
3057,138,2019,210,2290000.0,144,0,0,5.0,8,1,1,24000,5,1,1,1968
3058,116,2018,142,1150000.0,134,9,0,5.0,7,1,68,59801,2,4,1,1591
3059,138,2020,101,985000.0,140,20,0,5.0,7,1,162,32228,2,4,1,1462
3060,138,2012,283,1550000.0,147,23,1,5.0,7,1,194,102788,5,4,3,2360
3061,116,2018,93,567000.0,60,8,1,5.0,8,1,54,88594,2,1,1,1498
3062,138,2018,266,2775000.0,256,21,0,5.0,8,1,172,21000,5,4,2,1991
3063,138,2017,142,880000.0000000001,134,9,1,5.0,7,1,68,33756,2,1,2,1582
3064,138,2017,103,738000.0,100,8,1,5.0,7,1,64,38192,6,4,1,1199
3065,8,2020,384,3050000.0,245,13,0,7.0,4,1,98,50000,2,1,1,2199
3066,116,2017,93,469000.00000000006,60,8,1,5.0,8,1,54,97411,2,4,1,1198
3067,138,2021,91,935000.0,68,8,0,5.0,2,1,61,11077,6,4,1,1199
3068,9,2020,142,1290000.0,134,9,1,5.0,7,1,68,55000,5,1,2,1582
3069,22,2016,179,765000.0,76,28,0,5.0,8,1,221,43100,5,4,1,1598
3070,138,2018,102,765000.0,123,6,1,5.0,7,1,47,82501,2,1,1,1498
3071,9,2016,101,524000.0,110,20,1,5.0,2,1,139,91881,2,4,1,1197
3072,138,2017,68,380000.0,103,20,1,5.0,2,1,158,36000,5,4,2,1197
3073,116,2018,101,621000.0,110,20,0,5.0,2,1,139,62479,2,4,2,1197
3074,138,2016,209,990000.0,168,17,1,7.0,7,1,124,53000,2,1,2,1997
3075,57,2013,32,230000.0,60,8,1,5.0,2,1,56,51000,2,4,2,1198
3076,138,2015,87,549000.0,100,9,1,5.0,2,1,83,63774,2,4,1,1197
3077,57,2017,93,475000.0,60,8,1,5.0,8,1,54,45000,2,4,1,1198
3078,138,2021,101,775000.0,59,9,1,5.0,8,1,67,21900,4,4,1,1197
3079,86,2016,174,649000.0,77,9,1,5.0,8,1,80,27381,2,4,1,1591
3080,138,2017,9,290000.0,24,20,1,5.0,2,1,137,54147,2,0,2,796
3081,86,2020,36,551000.0,41,20,1,5.0,2,1,163,56716,6,0,1,998
3082,8,2017,345,7200000.0,307,14,0,5.0,7,1,107,68000,5,1,2,2993
3083,57,2015,36,295000.0,41,20,1,5.0,2,1,163,49000,2,4,2,998
3084,138,2016,101,485000.0,73,20,1,5.0,8,1,159,63000,2,4,1,1197
3085,25,2011,41,195000.0,55,29,1,5.0,2,1,231,77000,2,1,1,1396
3086,138,2023,197,5400000.0,176,1,0,5.0,7,1,17,3000,2,1,1,1995
3087,116,2019,307,1775000.0,180,30,0,7.0,4,1,256,54000,2,1,1,2755
3088,116,2018,203,825000.0,73,8,1,5.0,8,1,58,55000,2,4,1,1497
3089,86,2018,284,1650000.0,159,28,0,5.0,8,1,220,50000,5,4,2,1798
3090,138,2022,391,13799999.999999998,295,21,0,7.0,7,1,182,16000,2,4,1,2999
3091,14,2019,203,1016000.0,93,9,1,5.0,8,1,80,14598,6,4,2,1591
3092,138,2015,298,1195000.0,187,30,0,7.0,7,1,252,96000,2,1,2,2982
3093,110,2018,101,736000.0,140,20,1,5.0,7,1,162,40190,2,1,2,1248
3094,8,2022,378,9100000.0,242,0,0,7.0,7,1,8,8000,2,4,1,2995
3095,116,2016,142,766000.0,134,9,0,5.0,7,1,68,80000,2,1,1,1582
3096,116,2016,142,859000.0,134,9,1,5.0,7,1,68,46445,2,4,1,1591
3097,57,2022,307,1910000.0,180,30,1,7.0,4,1,256,6000,2,4,1,2694
3098,66,2021,382,6900000.0,226,1,0,4.0,8,1,15,26000,5,4,1,1998
3099,14,2017,219,704000.0,96,20,1,5.0,8,1,144,65083,5,4,1,1373
3100,14,2014,323,1751000.0000000002,292,21,0,5.0,7,1,183,150000,2,1,2,2987
3101,110,2021,237,1443000.0,112,8,0,5.0,8,1,58,5378,6,4,1,1498
3102,14,2016,203,765000.0,73,8,0,5.0,8,1,58,63001,2,4,1,1497
3103,138,2014,297,950000.0,260,0,0,5.0,8,1,3,68000,2,1,2,1968
3104,50,2022,94,675000.0,105,27,1,7.0,4,1,215,15000,5,4,1,999
3105,8,2017,265,2095000.0,271,0,0,5.0,7,1,7,106180,2,1,1,2967
3106,138,2020,256,1400000.0,220,29,1,5.0,7,1,228,68000,2,1,1,1956
3107,138,2022,153,1975000.0,140,9,0,5.0,7,1,68,11000,2,4,1,1397
3108,8,2021,153,1095000.0,140,9,1,5.0,7,1,68,24000,2,4,1,1497
3109,116,2018,203,850000.0,73,8,1,5.0,8,1,58,55000,2,4,1,1497
3110,110,2020,87,1485000.0,197,17,1,4.0,7,1,128,12010,2,1,1,2184
3111,57,2020,101,621000.0,110,20,1,5.0,2,1,139,60665,4,4,1,1197
3112,86,2021,153,1120000.0,140,9,1,5.0,7,1,68,10000,5,4,2,1497
3113,8,2012,140,727000.0,73,20,1,7.0,4,1,146,82896,4,1,2,1248
3114,57,2019,371,6500000.0,215,21,0,5.0,1,1,173,35000,2,1,2,1950
3115,8,2023,87,1725000.0,49,20,0,4.0,7,1,152,1000,2,4,1,1462
3116,116,2015,203,622000.0,73,8,1,5.0,8,1,58,57463,2,4,1,1497
3117,138,2023,153,1310000.0,140,9,1,5.0,7,1,68,3100,2,4,1,1497
3118,138,2020,270,5200000.0,283,32,0,5.0,7,1,278,25000,2,1,2,2400
3119,14,2016,103,625000.0,123,6,1,5.0,7,1,47,58716,6,4,1,1499
3120,57,2021,101,725000.0,130,9,1,5.0,2,1,83,27000,2,4,1,1197
3121,110,2017,101,532000.0,110,20,1,5.0,2,1,139,51017,2,4,1,1197
3122,8,2020,139,4300000.0,148,22,0,5.0,2,1,189,25000,2,4,1,1998
3123,57,2017,371,3645000.000000001,307,14,0,7.0,7,1,102,33000,5,4,2,1999
3124,9,2022,93,710000.0,109,20,1,5.0,2,1,139,17000,2,4,1,1197
3125,138,2014,298,1390000.0,187,30,0,7.0,7,1,252,95000,2,1,1,2982
3126,116,2020,358,7600000.0,295,21,0,5.0,7,1,181,15000,2,1,2,1950
3127,116,2016,219,690000.0,96,20,0,5.0,8,1,144,49000,2,4,1,1373
3128,110,2015,297,2000000.0,260,0,0,5.0,8,1,3,34000,5,4,2,1798
3129,138,2013,101,350000.0,73,20,1,5.0,8,1,159,70000,2,4,1,1197
3130,8,2020,99,1145000.0,139,13,1,5.0,7,1,100,29100,2,4,1,998
3131,14,2018,95,518000.0,58,29,1,5.0,8,1,244,57116,6,4,1,1199
3132,138,2016,15,261000.0,32,9,1,5.0,2,1,69,56000,2,4,1,814
3133,116,2021,103,866000.0,99,8,1,5.0,7,1,64,9343,4,4,1,1199
3134,8,2021,361,5100000.0,281,0,0,5.0,8,1,4,15000,2,4,2,1984
3135,138,2022,317,3850000.0,197,30,1,7.0,7,1,252,13000,2,1,1,2755
3136,138,2017,142,944000.0,134,9,0,5.0,7,1,68,90347,5,4,2,1591
3137,8,2021,398,8900000.0,207,21,0,5.0,8,1,184,36000,2,1,1,2925
3138,138,2017,213,2125000.0,264,1,0,5.0,7,1,17,60000,2,1,1,1995
3139,86,2019,101,518000.0,82,6,1,5.0,8,1,46,64668,6,4,1,1194
3140,57,2023,370,4500000.0,231,16,0,6.0,7,1,112,7800,2,1,0,1996
3141,14,2014,203,574000.0,73,8,1,5.0,8,1,58,87313,2,4,1,1497
3142,138,2018,270,3800000.0,283,32,0,5.0,7,1,278,60000,2,1,2,1984
3143,138,2015,82,449000.0,70,8,1,5.0,2,1,61,39000,2,4,1,1199
3144,8,2021,303,1925000.0,184,16,0,6.0,7,1,114,18000,2,4,1,1451
3145,138,2020,257,5650000.0,298,14,0,7.0,7,1,103,18000,2,1,2,1999
3146,57,2016,349,6600000.0,221,15,0,5.0,7,1,110,11000,2,4,1,3456
3147,110,2021,346,6200000.0,220,12,0,5.0,7,1,96,30000,2,4,1,1998
3148,110,2018,194,2700000.0,149,21,0,5.0,7,1,178,8000,2,1,1,2143
3149,138,2017,377,4050000.0,199,21,0,5.0,8,1,174,57000,2,4,1,1991
3150,138,2016,375,3600000.0,303,0,0,7.0,7,1,8,89500,2,1,2,2967
3151,110,2017,103,719000.0,100,8,1,5.0,7,1,64,27684,4,4,2,1199
3152,138,2017,287,3300000.0,253,21,0,5.0,8,1,171,22000,2,4,1,1991
3153,57,2019,79,507000.0,81,6,1,5.0,2,1,51,71566,2,4,1,1194
3154,138,2016,375,3995000.000000001,303,0,0,7.0,7,1,8,75000,5,1,2,2967
3155,138,2017,362,2600000.0,268,21,0,4.0,8,1,173,58000,2,1,2,2143
3156,57,2015,203,665000.0,73,8,0,5.0,8,1,58,75455,4,4,2,1497
3157,138,2022,159,1500000.0,151,16,0,5.0,7,1,111,10000,2,4,1,1498
3158,116,2017,351,2349000.0,199,6,0,7.0,7,1,48,80000,5,1,1,3198
3159,116,2018,142,1052000.0,134,9,0,5.0,7,1,68,85031,2,4,1,1591
3160,138,2021,173,6700000.0,277,14,0,5.0,7,1,106,22000,2,1,1,1997
3161,138,2020,102,930000.0,123,6,1,5.0,7,1,47,37527,6,1,1,1498
3162,57,2019,101,850000.0,140,20,1,5.0,7,1,162,80000,2,1,1,1248
3163,8,2018,248,1300000.0,215,17,0,7.0,7,1,131,40000,5,1,1,2179
3164,138,2020,101,625000.0,110,30,1,5.0,2,1,253,10000,5,4,1,1197
3165,138,2016,339,5600000.0,235,26,0,5.0,7,1,204,50000,2,1,1,2967
3166,138,2017,201,1950000.0,170,1,0,5.0,7,1,17,65000,5,1,2,1995
3167,8,2015,180,1499000.0,181,0,0,5.0,7,1,6,72011,2,1,1,1968
3168,57,2021,186,2450000.0,165,12,0,5.0,7,1,94,40011,2,1,1,1956
3169,57,2016,182,735000.0,102,20,1,7.0,4,1,146,85000,2,4,1,1462
3170,9,2018,102,726000.0,123,6,1,5.0,7,1,47,36206,6,4,2,1497
3171,138,2017,307,1650000.0,180,30,1,8.0,4,1,256,48011,2,1,1,2393
3172,9,2019,101,688000.0,110,20,1,5.0,2,1,139,86919,2,4,2,1197
3173,116,2014,93,365000.0,60,8,1,5.0,8,1,54,69650,2,0,2,1198
3174,8,2018,101,627000.0,61,31,1,5.0,8,1,260,41051,4,4,1,999
3175,57,2019,307,1798999.9999999998,180,30,0,7.0,4,1,256,52011,2,1,1,2755
3176,138,2013,26,335000.0,38,9,1,5.0,2,1,82,52439,2,4,1,1086
3177,138,2014,219,528000.0,96,20,0,5.0,8,1,144,82347,2,4,2,1373
3178,138,2014,381,1899000.0,300,0,0,7.0,7,1,8,52001,2,1,2,2967
3179,57,2014,219,511000.00000000006,96,20,1,5.0,8,1,144,97249,4,4,1,1373
3180,138,2023,378,9300000.0,304,0,0,7.0,7,1,8,11800,2,4,1,2995
3181,9,2022,281,2099000.0,220,29,1,6.0,7,1,236,5700,2,1,1,1956
3182,138,2021,281,1950000.0,220,29,0,7.0,7,1,236,52011,2,1,1,1956
3183,138,2018,101,849000.0,140,20,1,5.0,7,1,162,52368,5,1,1,1248
3184,138,2020,358,7950000.0,295,21,0,5.0,7,1,181,33500,2,1,1,1950
3185,55,2020,101,500000.0,73,8,1,5.0,8,1,54,80000,5,4,1,1199
3186,86,2017,103,525000.0,100,8,1,5.0,7,1,64,85162,5,1,2,1498
3187,86,2017,149,775000.0,73,20,0,7.0,4,1,146,83863,5,4,1,1373
3188,8,2019,387,11000000.0,305,1,0,7.0,7,1,21,9500,2,4,1,2998
3189,116,2016,82,486000.00000000006,70,8,1,5.0,2,1,61,62526,6,4,1,1199
3190,138,2018,68,450000.0,103,20,1,5.0,2,1,158,40000,5,4,1,1197
3191,14,2019,167,989000.0,171,27,1,5.0,7,1,208,35331,6,1,1,1461
3192,138,2020,257,5550000.0,298,14,0,7.0,7,1,103,40000,2,1,1,1999
3193,86,2019,31,526000.0,48,9,1,5.0,2,1,75,14893,6,4,1,1086
3194,116,2011,28,170000.0,22,20,1,5.0,2,1,163,110000,5,4,2,998
3195,8,2021,398,15500000.0,207,21,0,5.0,8,1,184,7900,2,1,1,2925
3196,110,2016,51,434000.0,52,9,1,5.0,2,1,72,55215,6,4,1,1197
3197,116,2014,203,300000.0,73,8,1,5.0,8,1,58,100000,5,4,1,1497
3198,138,2021,203,1103000.0,92,9,1,5.0,8,1,80,49930,4,1,1,1493
3199,110,2017,101,645000.0,140,20,1,5.0,7,1,162,54000,5,1,1,1248
3200,86,2021,182,1100000.0,102,20,1,7.0,4,1,146,40000,5,0,1,1462
3201,138,2014,323,1570000.0,292,21,0,5.0,7,1,183,83000,2,1,3,2143
3202,86,2011,26,130000.0,38,9,1,5.0,2,1,82,60000,5,4,2,1197
3203,86,2018,101,300000.0,73,20,1,5.0,8,1,160,100000,5,0,1,1197
3204,86,2009,26,85000.0,38,9,1,5.0,2,1,82,60000,5,4,2,1197
3205,57,2020,196,3750000.0,259,32,0,5.0,7,1,277,25000,2,4,1,1969
3206,14,2015,93,422000.0,60,8,1,5.0,8,1,54,67593,4,4,1,1198
3207,86,2020,153,1500000.0,140,9,0,5.0,7,1,68,50000,5,1,1,1493
3208,9,2016,101,495000.0,110,20,1,5.0,2,1,139,88882,2,4,1,1197
3209,138,2016,261,815000.0,131,30,1,5.0,8,1,248,78986,2,4,1,1798
3210,86,2014,101,215000.0,73,20,1,5.0,8,1,159,100000,5,1,1,1248
3211,14,2015,101,502000.0,120,9,1,5.0,2,1,84,24727,2,4,2,1197
3212,86,2014,178,800000.0,252,0,0,5.0,7,1,6,70000,5,1,3,1968
3213,138,2019,402,15900000.0,286,21,0,4.0,8,1,184,34000,2,4,1,3982
3214,116,2017,82,565000.0,70,8,0,5.0,2,1,61,79328,2,4,1,1199
3215,86,2017,23,280000.0,28,20,1,5.0,2,1,138,50000,5,4,1,998
3216,116,2017,101,524000.0,110,20,1,5.0,2,1,139,62113,5,4,2,1197
3217,8,2023,153,1650000.0,140,9,1,5.0,7,1,68,2300,2,4,1,1497
3218,86,2013,261,450000.0,131,30,0,5.0,8,1,248,120000,5,4,3,1794
3219,86,2018,48,315000.0,50,29,1,5.0,2,1,242,120000,5,1,2,1047
3220,86,2013,261,450000.0,131,30,0,5.0,8,1,248,120000,5,4,3,1794
3221,138,2022,196,4400000.0,259,32,0,5.0,7,1,277,5000,2,4,1,1969
3222,86,2021,153,1120000.0,140,9,1,5.0,7,1,68,10000,5,4,2,1497
3223,86,2018,203,750000.0,93,9,1,5.0,8,1,80,60000,5,4,2,1591
3224,86,2021,101,635000.0,110,20,1,5.0,2,1,139,30000,5,4,1,1197
3225,57,2018,183,1110000.0,165,12,1,5.0,7,1,94,67000,2,1,1,1956
3226,110,2016,51,450000.0,52,9,1,5.0,2,1,72,86183,6,4,1,1197
3227,86,2013,140,260000.0,73,30,1,5.0,8,1,249,70000,5,1,1,1364
3228,138,2013,69,346000.0,101,20,1,5.0,2,1,158,88991,4,4,1,1197
3229,9,2019,309,5260000.0,228,1,0,5.0,7,1,19,18000,2,1,2,1995
3230,8,2019,183,1475000.0,165,12,0,5.0,7,1,94,55000,2,4,1,1368
3231,116,2021,24,479000.0,29,20,1,4.0,2,1,155,62657,4,0,1,998
3232,116,2017,40,300000.0,37,27,0,5.0,2,1,210,16452,2,4,1,999
3233,138,2017,266,2475000.0,132,21,0,5.0,8,1,172,40000,2,4,2,1991
3234,116,2022,51,740000.0,57,29,1,5.0,2,1,242,31029,6,0,1,1199
3235,86,2018,68,450000.0,103,20,1,5.0,2,1,158,40000,5,4,2,1197
3236,116,2014,101,403000.0,86,9,1,5.0,2,1,83,46724,2,4,2,1197
3237,116,2011,287,750000.0,253,21,0,5.0,8,1,171,86000,5,4,1,1991
3238,86,2015,248,800000.0,215,17,1,7.0,7,1,131,40000,5,1,1,2179
3239,86,2015,336,1425000.0,174,30,0,5.0,8,1,246,80000,5,4,1,2494
3240,138,2015,336,1425000.0,174,30,0,5.0,8,1,246,70000,5,4,1,2494
3241,57,2016,203,660000.0,73,8,1,5.0,8,1,58,60000,2,4,1,1497
3242,86,2009,28,150000.0,22,20,1,5.0,2,1,163,60000,5,4,1,1061
3243,86,2021,182,1100000.0,102,20,1,7.0,4,1,146,40000,5,0,1,1462
3244,86,2015,30,220000.00000000003,39,20,1,5.0,2,1,142,80000,5,1,4,793
3245,57,2019,351,2800000.0,199,6,0,7.0,7,1,48,90000,2,1,1,3198
3246,116,2021,62,676000.0,59,9,1,5.0,2,1,73,71727,4,0,1,1197
3247,57,2013,342,1125000.0,196,21,0,5.0,8,1,174,73000,2,1,1,2143
3248,138,2017,103,686000.0,100,8,1,5.0,7,1,64,85482,5,4,1,1199
3249,110,2016,207,2300000.0,254,21,0,5.0,7,1,177,54500,2,4,2,1991
3250,86,2016,30,260000.0,39,20,1,5.0,2,1,142,60000,5,0,2,998
3251,116,2017,174,798000.0,77,9,1,5.0,8,1,80,89581,6,4,1,1591
3252,86,2014,179,275000.0,76,28,0,5.0,8,1,221,110000,5,4,2,1598
3253,138,2016,386,4890000.0,292,21,0,7.0,7,1,182,79500,2,1,1,2987
3254,116,2011,140,250000.0,73,30,1,5.0,8,1,249,69164,4,4,2,1496
3255,138,2016,235,1450000.0,168,8,0,5.0,7,1,57,28000,2,4,1,1997
3256,116,2018,101,787000.0,140,20,1,5.0,7,1,162,66175,2,1,1,1248
3257,8,2020,304,7500000.0,274,26,0,5.0,7,1,205,22000,2,4,2,2894
3258,37,2017,95,485000.0,58,29,1,5.0,8,1,244,47001,2,4,1,1199
3259,138,2016,317,1714999.9999999998,197,30,0,7.0,7,1,252,145000,2,1,1,2755
3260,138,2021,380,6100000.0,266,21,0,5.0,8,1,174,19000,2,4,1,1991
3261,110,2015,297,1200000.0,260,0,0,5.0,8,1,3,43600,5,1,2,1968
3262,66,2016,51,425000.0,52,9,1,5.0,2,1,72,63521,2,4,1,1197
3263,138,2021,101,700000.0,101,20,1,5.0,8,1,159,18021,2,4,1,1197
3264,86,2008,19,61000.0,22,20,1,5.0,2,1,163,90000,5,4,1,1061
3265,138,2021,258,24500000.0,243,21,0,5.0,7,1,175,38000,2,1,1,2925
3266,116,2021,79,711000.0,81,6,1,5.0,2,1,51,39076,4,4,1,1194
3267,8,2020,278,5250000.0,215,21,0,5.0,7,1,179,36000,2,4,1,1991
3268,116,2018,42,423000.00000000006,51,20,1,5.0,2,1,142,106848,6,0,1,998
3269,138,2017,307,1500000.0,180,30,1,7.0,4,1,256,105000,5,1,1,2393
3270,56,2020,70,4450000.0,91,22,0,4.0,0,1,190,6500,5,4,2,1998
3271,116,2010,26,140000.0,38,9,1,5.0,2,1,82,111237,5,4,2,1197
3272,86,2018,84,715000.0,61,31,0,5.0,2,1,264,70000,5,4,2,1197
3273,138,2015,321,1075000.0,282,32,0,7.0,7,1,276,95000,2,1,2,2400
3274,8,2022,98,836999.9999999999,118,24,1,5.0,7,1,197,13278,2,4,1,999
3275,8,2022,87,1650000.0,197,17,0,4.0,7,1,128,35000,4,1,2,2184
3276,138,2022,98,894000.0,119,24,1,5.0,7,1,197,12255,4,4,1,999
3277,8,2017,386,6250000.0,292,21,0,7.0,7,1,182,68000,2,4,1,2996
3278,138,2019,316,950000.0,224,29,1,7.0,7,1,229,67000,5,1,1,2179
3279,57,2019,101,650000.0,110,20,1,5.0,2,1,139,37000,2,1,1,1248
3280,8,2020,287,4399000.0,253,21,0,5.0,8,1,171,8000,2,4,1,1950
3281,116,2017,153,595000.0,136,20,1,5.0,7,1,157,54000,5,1,1,1248
3282,86,2014,203,499000.0,73,8,1,5.0,8,1,58,120000,5,1,1,1498
3283,86,2010,129,150000.0,67,20,1,5.0,8,1,159,70000,5,4,2,1298
3284,116,2022,278,6300000.0,215,21,0,5.0,7,1,179,17000,2,4,1,1991
3285,8,2016,386,5200000.0,292,21,0,7.0,7,1,182,45000,2,1,1,2987
3286,116,2018,42,459000.0,51,20,1,5.0,2,1,142,19717,5,4,1,998
3287,138,2021,324,5190000.0,176,1,0,5.0,8,1,13,20000,2,4,1,1998
3288,138,2017,20,332000.0,23,20,1,5.0,2,1,138,35495,4,4,1,998
3289,138,2016,190,2190000.0,150,21,0,5.0,7,1,178,25000,2,4,2,1991
3290,110,2018,183,1550000.0,165,12,0,5.0,7,1,94,27401,5,4,1,1368
3291,116,2019,24,427000.0,29,20,1,5.0,2,1,155,15981,2,4,1,998
3292,57,2022,274,1900000.0,184,16,0,5.0,7,1,113,7500,2,4,1,1451
3293,57,2022,311,4200000.0,191,0,0,5.0,8,1,3,6300,2,4,1,1998
3294,116,2011,26,183000.0,38,9,1,5.0,2,1,82,73052,4,4,1,1197
3295,57,2014,203,571000.0,73,8,0,5.0,8,1,58,61000,2,4,1,1497
3296,8,2021,67,806000.0,108,29,1,5.0,7,1,238,15036,4,4,1,1199
3297,8,2015,367,1700000.0,284,1,0,5.0,8,1,14,94000,2,1,1,1995
3298,138,2018,101,525000.0,52,9,1,5.0,8,1,81,39000,5,4,1,1197
3299,86,2016,39,250000.0,83,17,1,6.0,7,1,119,90000,5,4,3,1198
3300,86,2011,119,120000.0,47,28,1,5.0,2,1,216,90000,5,4,1,1198
3301,138,2017,386,5550000.0,292,21,0,7.0,7,1,182,44000,5,1,2,2987
3302,86,2006,28,60000.0,22,20,1,5.0,2,1,163,120000,5,4,2,998
3303,86,2018,40,265000.0,37,27,1,5.0,2,1,210,30000,5,4,1,799
3304,57,2021,300,6150000.0,226,32,0,5.0,7,1,278,4900,2,4,1,1969
3305,14,2015,124,1975000.0,138,22,0,5.0,2,1,188,36000,2,4,2,1598
3306,116,2022,43,519000.00000000006,65,20,1,5.0,2,1,151,4975,2,4,1,1197
3307,116,2014,9,249000.00000000003,24,20,1,5.0,2,1,137,48000,2,0,2,796
3308,84,2021,94,558000.0,105,27,1,7.0,4,1,215,36758,4,4,1,999
3309,138,2022,324,5590000.0,176,1,0,5.0,8,1,13,3500,2,4,1,1998
3310,86,2022,94,1025000.0,113,27,0,5.0,7,1,211,10000,5,4,1,999
3311,138,2021,98,698000.0,118,24,1,5.0,7,1,197,61882,2,4,1,999
3312,116,2011,3,275000.0,5,31,1,5.0,2,1,264,66000,2,4,1,1198
3313,9,2018,257,3950000.0,298,14,0,7.0,7,1,103,46000,2,4,1,1997
3314,116,2021,43,524000.0,65,20,1,5.0,2,1,151,6088,2,4,1,1197
3315,110,2018,87,675000.0,100,9,0,5.0,2,1,83,23000,2,4,1,1197
3316,116,2018,101,546000.0,110,20,1,5.0,2,1,139,41732,6,4,1,1197
3317,138,2018,360,3685000.0,284,1,0,5.0,8,1,14,55000,2,1,2,1995
3318,138,2019,101,775000.0,140,20,1,5.0,7,1,162,51000,2,1,1,1248
3319,138,2015,15,245000.00000000003,32,9,1,5.0,2,1,69,38000,2,4,1,814
3320,86,2016,248,1000000.0,215,17,1,7.0,7,1,131,60000,5,1,1,2179
3321,138,2016,325,3090000.0,292,21,0,5.0,7,1,181,75000,2,1,1,2143
3322,138,2014,265,1300000.0,271,0,0,5.0,7,1,7,92000,2,1,3,1968
3323,86,2009,75,95000.0,73,8,1,5.0,2,1,61,90000,5,4,3,1198
3324,57,2013,265,1300000.0,271,0,0,5.0,7,1,7,92000,2,1,2,1968
3325,138,2019,87,595000.0,100,9,1,5.0,2,1,83,49010,5,4,1,1197
3326,116,2019,101,592000.0,110,20,1,5.0,2,1,139,26089,4,4,1,1197
3327,138,2014,209,520000.0,168,17,1,7.0,7,1,124,54000,5,1,1,2179
3328,138,2018,20,352000.0,23,20,1,5.0,2,1,138,37302,2,4,1,998
3329,138,2018,266,2550000.0,132,21,0,5.0,8,1,172,42000,2,1,2,2143
3330,57,2021,101,890000.0,110,20,0,5.0,2,1,139,37000,2,4,1,1197
3331,116,2015,13,258000.0,27,20,1,5.0,2,1,137,36483,4,4,1,796
3332,7,2015,242,775000.0,148,9,0,5.0,8,1,70,62000,2,4,1,1999
3333,8,2019,142,1095000.0,134,9,1,5.0,7,1,68,38010,5,4,1,1591
3334,138,2018,42,475000.0,39,20,0,5.0,2,1,142,35123,2,4,2,998
3335,116,2016,203,800000.0,73,8,0,5.0,8,1,58,43000,2,4,1,1497
3336,138,2019,102,738000.0,123,6,1,5.0,7,1,47,25154,5,1,2,1498
3337,9,2020,360,5600000.0,284,1,0,5.0,8,1,14,10000,2,1,1,1995
3338,57,2021,256,1850000.0,220,29,0,5.0,7,1,228,30600,2,1,2,1956
3339,57,2020,100,775000.0,126,9,1,5.0,7,1,79,55000,5,4,1,1197
3340,8,2021,87,1550000.0,197,17,0,4.0,7,1,128,14500,2,4,2,1997
3341,9,2017,386,4950000.0,292,21,0,7.0,7,1,182,80000,2,1,2,2987
3342,8,2013,230,575000.0,130,9,0,5.0,8,1,70,76000,2,4,1,1797
3343,110,2018,101,675000.0,73,8,0,5.0,8,1,54,58000,5,4,1,1199
3344,138,2020,157,1650000.0,148,13,0,5.0,7,1,99,34000,5,4,1,1353
3345,9,2019,375,6675000.0,303,0,0,7.0,7,1,8,25000,5,1,1,2967
3346,116,2017,101,568000.0,110,20,1,5.0,2,1,139,25367,2,4,1,1197
3347,116,2016,266,2350000.0,132,21,0,5.0,8,1,172,29000,2,4,1,1991
3348,138,2017,101,548000.0,110,20,1,5.0,2,1,139,27240,4,4,1,1197
3349,138,2015,395,5150000.0,287,21,0,5.0,8,1,184,55000,2,4,1,4663
3350,138,2020,153,1150000.0,140,9,1,5.0,7,1,68,28000,2,1,1,1493
3351,116,2016,101,503000.0,110,20,1,5.0,2,1,139,20755,2,4,2,1197
3352,116,2014,68,379000.0,103,20,1,5.0,2,1,158,56722,2,4,1,1197
3353,110,2013,244,925000.0,168,8,0,5.0,7,1,57,81000,5,4,2,2354
3354,110,2011,16,197000.0,39,20,1,5.0,2,1,135,55566,2,4,1,998
3355,9,2020,361,4825000.0,281,0,0,5.0,8,1,4,5500,5,4,1,1984
3356,8,2023,153,1775000.0,140,9,1,5.0,7,1,68,4000,2,1,1,1493
3357,8,2023,232,1650000.0,123,9,0,5.0,8,1,80,950,2,4,1,1482
3358,116,2017,101,540000.0,110,17,1,7.0,7,1,118,71000,5,1,1,1493
3359,116,2019,307,1840000.0,180,30,1,8.0,4,1,256,28000,5,1,1,2393
3360,138,2018,203,885000.0,93,9,1,5.0,8,1,80,35000,2,4,1,1591
3361,86,2020,183,1800000.0,165,12,0,5.0,7,1,94,80000,5,4,1,1368
3362,86,2016,219,600000.0,96,20,0,5.0,8,1,144,60000,5,4,2,1373
3363,100,2021,100,965000.0,169,17,1,5.0,7,1,130,12710,5,4,1,1197
3364,116,2011,28,208000.0,26,20,1,5.0,2,1,163,64694,2,4,1,998
3365,138,2019,328,2650000.0,155,1,0,5.0,8,1,11,67510,2,1,2,1995
3366,110,2018,51,528000.0,52,9,1,5.0,2,1,72,21867,2,4,1,1197
3367,138,2022,357,8765000.0,306,1,0,5.0,7,1,20,18000,2,1,2,2998
3368,138,2018,210,2175000.0,144,0,0,5.0,8,1,1,78010,2,4,1,1395
3369,116,2021,50,555000.0,57,29,1,5.0,2,1,242,36247,2,4,1,1199
3370,57,2022,346,6200000.0,220,12,0,5.0,7,1,96,3106,2,4,1,1998
3371,8,2020,278,5175000.0,215,21,0,5.0,7,1,179,40000,2,4,2,1991
3372,138,2019,101,622000.0,110,20,1,5.0,2,1,139,55566,2,4,1,1197
3373,57,2016,266,1975000.0,132,21,0,5.0,8,1,172,91000,2,4,1,1991
3374,8,2021,98,733000.0,118,24,1,5.0,7,1,197,46318,6,4,1,999
3375,57,2023,217,1075000.0,94,20,1,5.0,8,1,144,7359,2,4,1,1462
3376,138,2022,278,5999000.0,215,21,0,5.0,7,1,179,35060,2,1,1,1950
3377,138,2020,201,3100000.0,170,1,0,5.0,7,1,17,22060,2,1,1,1995
3378,116,2017,328,3100000.0,178,1,0,5.0,8,1,12,68060,2,4,1,1998
3379,110,2017,101,699000.0,140,20,1,5.0,7,1,162,27000,2,1,1,1248
3380,57,2010,138,80000.0,56,9,1,5.0,8,1,65,53000,5,4,2,1495
3381,86,2013,93,250000.0,60,8,1,5.0,8,1,54,50000,5,1,1,1498
3382,116,2010,233,240000.0,120,30,1,5.0,8,1,248,120000,5,0,4,1798
3383,116,2020,287,3965000.0,253,21,0,5.0,8,1,171,15000,2,1,1,1950
3384,116,2015,203,578000.0,73,8,1,5.0,8,1,58,99373,2,4,1,1497
3385,86,2016,103,265000.0,123,6,1,5.0,7,1,47,120000,5,1,1,1498
3386,138,2017,14,306000.0,28,20,1,5.0,2,1,137,11815,4,4,1,796
3387,138,2016,101,549000.0,103,20,1,5.0,8,1,159,39412,2,4,1,1197
3388,86,2016,101,450000.0,110,20,1,5.0,2,1,139,60000,5,4,2,1197
3389,116,2018,69,536000.0,101,20,1,5.0,2,1,158,33015,2,4,1,1197
3390,57,2012,32,235000.0,60,8,1,5.0,2,1,56,44371,5,4,2,1198
3391,110,2013,28,304000.0,26,20,1,5.0,2,1,163,39045,2,4,1,998
3392,116,2013,26,295000.0,38,9,1,5.0,2,1,82,49000,5,4,1,1086
3393,14,2021,237,1296000.0,112,8,0,5.0,8,1,58,7936,2,4,1,1498
3394,8,2014,355,1075000.0,270,0,0,5.0,8,1,4,66000,2,1,2,1968
3395,57,2016,15,295000.0,32,9,1,5.0,2,1,69,65739,5,4,1,814
3396,57,2016,45,425000.0,44,20,0,5.0,2,1,142,52407,5,4,1,998
3397,86,2011,26,350000.0,38,9,0,5.0,2,1,82,30000,5,4,1,1197
3398,138,2018,360,4375000.0,284,1,0,5.0,8,1,14,48000,5,1,1,2993
3399,138,2013,36,275000.0,41,20,1,5.0,2,1,163,86816,5,4,1,998
3400,116,2015,72,415000.00000000006,73,30,1,5.0,2,1,251,63000,5,4,1,1197
3401,57,2018,48,465000.00000000006,50,29,1,5.0,2,1,242,67000,5,4,1,1199
3402,138,2014,297,975000.0,260,0,0,5.0,8,1,3,59000,2,1,2,1968
3403,110,2016,87,545000.0,100,9,1,5.0,2,1,83,68838,2,4,1,1197
3404,116,2017,51,510000.0,52,9,1,5.0,2,1,72,46835,5,4,1,1197
3405,57,2022,237,1403000.0,112,8,0,5.0,8,1,58,5242,4,4,2,1498
3406,138,2022,93,749000.0,109,20,1,5.0,2,1,139,17457,2,4,1,1197
3407,116,2015,93,435000.0,60,8,1,5.0,8,1,54,62789,5,4,1,1198
3408,116,2016,23,346000.0,28,20,0,5.0,2,1,138,33618,2,4,1,998
3409,57,2010,191,205000.0,72,8,1,5.0,8,1,58,75946,5,4,1,1497
3410,57,2013,298,970000.0,187,30,1,7.0,7,1,252,230000,2,1,1,2982
3411,116,2013,29,257000.0,26,20,1,5.0,2,1,163,87208,2,4,1,998
3412,138,2016,10,275000.0,33,4,1,5.0,2,1,36,42736,5,4,1,999
3413,138,2011,140,229000.0,73,30,1,5.0,8,1,249,55556,2,4,1,1496
3414,116,2023,99,1250000.0,139,20,1,5.0,7,1,141,2054,2,4,1,1462
3415,138,2023,380,7750000.0,266,21,0,5.0,8,1,174,1700,2,4,1,1991
3416,138,2021,157,1725000.0,148,13,0,5.0,7,1,99,30120,2,4,1,1353
3417,66,2011,172,349000.0,77,9,1,5.0,8,1,80,32000,5,4,1,1591
3418,138,2017,203,699000.0,73,8,1,5.0,8,1,58,70000,2,4,1,1497
3419,138,2014,298,1275000.0,187,30,0,7.0,7,1,252,85000,5,1,1,2982
3420,14,2019,36,565000.0,41,20,0,5.0,9,1,163,40000,2,4,1,1197
3421,138,2019,101,722000.0,110,20,1,5.0,2,1,139,14163,2,4,1,1197
3422,8,2022,87,1685000.0000000002,197,17,1,4.0,7,1,128,15000,2,1,1,2184
3423,138,2020,101,803999.9999999999,59,9,1,5.0,8,1,67,4764,4,4,1,1197
3424,8,2023,370,4300000.0,231,16,0,7.0,7,1,112,20000,2,1,1,1996
3425,138,2022,307,2275000.0,180,30,1,7.0,4,1,256,7600,2,4,1,2694
3426,138,2016,203,742000.0,73,8,0,5.0,8,1,58,69815,4,4,1,1497
3427,138,2018,142,910000.0,134,9,1,5.0,7,1,68,82000,5,1,1,1396
3428,84,2021,205,4000000.0,265,1,0,5.0,7,1,17,8400,2,4,1,1998
3429,110,2013,69,315000.0,101,20,1,5.0,2,1,158,75463,2,4,1,1197
3430,57,2013,36,231000.0,41,20,1,5.0,2,1,163,66000,2,0,1,998
3431,110,2017,101,557000.0,110,20,1,5.0,2,1,139,22091,5,4,1,1197
3432,138,2019,382,5775000.0,296,1,0,4.0,8,1,15,32000,5,1,1,2993
3433,138,2012,26,231000.0,38,9,1,5.0,2,1,82,65000,2,4,2,1086
3434,14,2016,48,369000.0,50,29,1,5.0,2,1,242,66000,2,4,1,1199
3435,14,2019,348,5250000.0,234,1,0,5.0,7,1,20,25000,2,1,1,2993
3436,138,2018,351,2675000.0,199,6,0,7.0,7,1,48,110000,2,1,1,3198
3437,8,2022,159,1150000.0,151,16,1,5.0,7,1,111,15000,2,4,1,1498
3438,138,2021,101,700000.0,110,20,1,5.0,2,1,139,30000,2,4,1,1197
3439,116,2021,157,1300000.0,148,13,0,5.0,7,1,99,47000,2,1,1,1493
3440,138,2023,197,5490000.0,176,1,0,5.0,7,1,17,6000,2,1,1,1995
3441,116,2020,101,805000.0000000001,110,20,0,5.0,2,1,139,35854,5,4,2,1197
3442,110,2018,98,735000.0,156,29,1,5.0,7,1,237,43623,5,4,1,1198
3443,84,2015,140,441000.0,73,30,1,5.0,8,1,249,64229,2,4,2,1496
3444,138,2021,257,5575000.0,298,14,0,7.0,7,1,103,33000,2,1,1,1999
3445,116,2019,351,2890000.0,199,6,0,7.0,7,1,48,59605,2,1,2,3198
3446,116,2019,40,397000.0,37,27,1,5.0,2,1,210,2997,2,4,1,999
3447,9,2021,47,455000.0,37,27,1,5.0,2,1,210,9606,5,4,1,999
3448,138,2015,395,3850000.0,287,21,0,5.0,8,1,184,75000,2,1,1,2987
3449,138,2020,101,713000.0,73,8,0,5.0,8,1,54,41898,5,4,2,1199
3450,116,2021,101,737000.0,110,30,1,5.0,2,1,253,23159,5,4,1,1197
3451,138,2016,103,540000.0,123,6,1,5.0,7,1,47,53488,4,4,1,1499
3452,138,2019,307,1748999.9999999998,180,30,1,7.0,4,1,256,29000,2,1,1,2393
3453,14,2023,296,2200000.0,184,16,0,6.0,7,1,114,6000,6,4,1,1451
3454,57,2019,101,627000.0,103,20,1,5.0,8,1,159,68192,5,4,1,1197
3455,138,2023,157,1565000.0,148,13,1,5.0,7,1,99,600,2,4,1,1497
3456,138,2020,379,4625000.0,273,11,0,5.0,8,1,92,13000,5,4,1,1997
3457,9,2018,101,772000.0,140,20,1,5.0,7,1,162,67756,5,1,1,1248
3458,116,2017,153,587000.0,136,20,1,5.0,7,1,157,83811,5,1,1,1248
3459,138,2016,30,410000.0,39,20,1,5.0,2,1,142,68000,2,0,1,998
3460,110,2022,69,699000.0,101,20,1,5.0,2,1,158,4100,2,4,1,1197
3461,116,2020,101,642000.0,103,20,1,5.0,8,1,159,46243,2,4,1,1197
3462,8,2014,362,2700000.0,268,21,0,4.0,8,1,173,37000,2,4,1,3498
3463,138,2015,66,366000.0,55,24,0,5.0,2,1,198,52123,2,4,2,1198
3464,138,2016,386,4950000.0,292,21,0,7.0,7,1,182,66000,2,1,2,2987
3465,138,2015,51,447000.0,52,9,1,5.0,2,1,72,23690,5,4,1,1197
3466,116,2016,13,262000.0,27,20,1,5.0,2,1,137,70879,6,4,1,796
3467,138,2012,83,265000.0,61,31,1,5.0,2,1,264,42000,2,4,1,1198
3468,8,2018,305,3875000.0,299,11,0,5.0,7,1,89,56000,2,1,2,1999
3469,138,2017,203,761000.0,73,8,1,5.0,8,1,58,12651,2,4,2,1497
3470,110,2016,93,430000.0,60,8,1,5.0,8,1,54,61000,2,4,1,1198
3471,116,2018,42,401000.0,51,20,1,5.0,2,1,142,98705,2,0,1,998
3472,138,2020,384,2950000.0,245,13,0,7.0,4,1,98,62000,2,1,1,2199
3473,116,2014,93,380000.0,60,8,1,5.0,8,1,54,28000,2,4,1,1198
3474,138,2020,101,825000.0,110,17,1,7.0,7,1,118,36000,2,1,1,1493
3475,116,2017,101,635000.0,103,20,1,5.0,8,1,159,32000,2,1,1,1248
3476,9,2017,201,2250000.0,170,1,0,5.0,7,1,17,38000,5,1,1,1995
3477,138,2017,23,340000.0,24,20,1,5.0,2,1,138,33000,2,4,1,998
3478,116,2018,203,950000.0,93,9,0,5.0,8,1,80,68045,5,1,1,1582
3479,138,2023,278,7200000.0,215,21,0,5.0,7,1,179,4000,2,1,1,1950
3480,116,2018,29,392000.0,26,20,1,5.0,2,1,163,19765,6,4,1,998
3481,138,2021,101,1205000.0,170,17,1,5.0,7,1,130,7076,5,4,1,1197
3482,116,2017,203,743000.0,73,8,1,5.0,8,1,58,30560,6,4,1,1497
3483,57,2020,290,3375000.0,268,11,0,5.0,8,1,91,5000,2,1,1,1999
3484,138,2018,42,485000.0,39,20,1,5.0,2,1,142,47944,5,0,1,998
3485,138,2016,142,878999.9999999999,134,9,0,5.0,7,1,68,78550,2,4,1,1591
3486,138,2017,212,1050000.0,194,9,0,5.0,7,1,78,65000,5,4,1,1999
3487,57,2022,157,1980000.0,148,13,0,5.0,7,1,99,32000,2,1,1,1493
3488,116,2017,101,462000.0,73,8,1,5.0,8,1,54,58996,2,4,2,1199
3489,116,2018,317,2650000.0,268,11,0,5.0,8,1,91,34000,2,1,2,1999
3490,138,2015,87,509000.0,100,9,1,5.0,2,1,83,59537,5,4,2,1197
3491,138,2022,36,530000.0,41,20,1,5.0,2,1,163,9314,2,4,1,998
3492,55,2019,176,700000.0,157,24,1,5.0,7,1,196,60000,5,4,2,1498
3493,138,2014,101,310000.0,73,8,1,5.0,8,1,54,41684,5,4,1,1199
3494,138,2011,115,700000.0,14,0,0,5.0,8,1,3,70000,5,4,3,1781
3495,138,2016,72,440000.00000000006,73,30,1,5.0,2,1,251,51607,2,4,1,1197
3496,138,2015,101,400000.0,84,29,1,5.0,8,1,245,90000,5,1,1,1248
3497,138,2020,384,3050000.0,245,13,0,7.0,4,1,98,30000,5,1,1,2199
3498,110,2022,87,1575000.0,197,17,1,4.0,7,1,128,40000,5,1,1,2184
3499,8,2020,278,4995000.0,215,21,0,5.0,7,1,179,35000,2,1,1,1950
3500,116,2013,69,360000.0,101,20,1,5.0,2,1,158,97672,2,4,1,1197
3501,86,2014,174,360000.0,77,9,1,5.0,8,1,80,90000,5,4,3,1591
3502,116,2015,53,344000.0,55,24,1,5.0,2,1,198,68740,2,4,2,1198
3503,138,2018,287,3565000.0,253,21,0,5.0,8,1,171,37000,2,4,1,1991
3504,86,2017,219,600000.0,96,20,1,5.0,8,1,144,40000,5,1,1,1248
3505,116,2015,93,340000.0,60,8,1,5.0,8,1,54,86245,5,4,2,1198
3506,86,2016,84,675000.0,61,31,0,5.0,2,1,264,40000,5,4,2,1197
3507,9,2020,328,4375000.0,178,1,0,5.0,8,1,12,15000,2,4,2,1998
3508,138,2016,14,294000.0,28,20,1,5.0,2,1,137,60896,2,4,2,796
3509,86,2013,203,375000.0,73,8,1,5.0,8,1,58,60000,5,4,1,1497
3510,116,2021,101,801000.0,101,20,0,5.0,8,1,159,18340,2,4,2,1197
3511,9,2022,186,2900000.0,165,12,0,5.0,7,1,94,20000,5,1,1,1956
3512,86,2017,142,800000.0,134,9,0,5.0,7,1,68,70000,5,1,2,1582
3513,116,2015,36,313000.0,41,20,1,5.0,2,1,163,75000,2,0,1,998
3514,86,2017,103,510000.0,100,8,1,5.0,7,1,64,40000,5,4,1,1199
3515,138,2014,180,1125000.0,252,0,0,5.0,7,1,6,57000,5,1,2,1968
3516,57,2016,101,455000.0,110,20,1,5.0,2,1,139,48000,2,4,1,1197
3517,86,2011,191,300000.0,72,8,1,5.0,8,1,58,120000,5,4,1,1497
3518,138,2017,102,725000.0,123,6,0,5.0,7,1,47,25000,2,4,1,1496
3519,8,2021,306,2325000.0,179,30,0,7.0,4,1,256,29000,5,1,1,2393
3520,66,2019,73,515000.00000000006,73,6,1,5.0,2,1,51,63176,2,1,1,1498
3521,8,2021,311,4000000.0,191,0,0,5.0,8,1,3,24000,2,4,1,1998
3522,116,2020,47,418000.0,37,27,1,5.0,2,1,210,22820,2,4,1,999
3523,138,2022,173,7600000.0,277,14,0,5.0,7,1,106,5000,2,1,1,1997
3524,86,2009,26,200000.0,38,9,1,5.0,2,1,82,30000,5,4,1,1197
3525,86,2017,101,685000.0,103,20,0,5.0,8,1,159,74538,2,4,1,1197
3526,86,2019,275,3600000.0,214,21,0,5.0,7,1,179,40000,5,4,1,1991
3527,138,2018,13,289000.0,27,20,1,5.0,2,1,137,45399,2,4,1,796
3528,116,2018,101,610000.0,61,31,1,5.0,8,1,260,24940,4,4,2,999
3529,138,2019,142,1400000.0,134,9,0,5.0,7,1,68,22000,2,1,1,1582
3530,116,2014,93,323000.0,60,8,1,5.0,8,1,54,98681,2,4,1,1198
3531,8,2023,358,9500000.0,295,21,0,5.0,7,1,181,6000,2,1,1,1950
3532,138,2017,101,525000.0,110,20,1,5.0,2,1,139,40000,2,4,1,1197
3533,14,2018,103,725000.0,100,8,1,5.0,7,1,64,58000,2,1,1,1498
3534,116,2015,87,425000.0,100,9,1,5.0,2,1,83,75000,2,1,1,1396
3535,86,2014,103,350000.0,123,6,1,5.0,7,1,47,76000,2,1,1,1498
3536,116,2017,40,325000.0,37,27,0,5.0,2,1,210,60000,2,4,1,999
3537,57,2016,203,675000.0,73,8,0,5.0,8,1,58,58000,2,4,1,1497
3538,116,2013,279,415000.00000000006,133,31,1,5.0,8,1,262,80000,2,4,2,1390
3539,138,2018,366,3875000.0,251,32,0,5.0,8,1,274,20000,5,1,1,1969
3540,138,2017,101,589000.0,110,20,1,5.0,2,1,139,42841,2,4,1,1197
3541,57,2017,101,650000.0,140,20,1,5.0,7,1,162,67000,2,1,1,1248
3542,57,2020,204,1027000.0,130,20,1,6.0,4,1,165,26000,5,4,1,1462
3543,57,2017,28,375000.0,22,20,1,5.0,2,1,163,40000,5,4,1,998
3544,86,2019,248,1300000.0,215,17,1,7.0,7,1,131,60000,5,1,1,2179
3545,138,2015,174,903000.0,77,9,1,5.0,8,1,80,37140,2,4,2,1591
3546,86,2018,42,350000.0,39,20,1,5.0,2,1,142,120000,5,0,1,998
3547,138,2018,317,2850000.0,197,30,0,7.0,7,1,252,74000,5,1,1,2755
3548,8,2021,101,904000.0,130,9,1,5.0,2,1,83,16430,6,4,1,1197
3549,86,2022,99,950000.0,139,30,1,5.0,7,1,258,10000,5,4,1,1462
3550,116,2017,203,949000.0,73,8,0,5.0,8,1,58,63054,2,4,1,1497
3551,138,2022,343,3900000.0,201,28,0,5.0,8,1,223,12000,2,4,1,1984
3552,8,2022,380,7400000.0,266,21,0,5.0,8,1,174,13000,2,1,1,1950
3553,138,2018,142,1099000.0,134,9,0,5.0,7,1,68,32000,2,1,2,1582
3554,138,2022,153,1511000.0,140,9,1,5.0,7,1,68,3500,2,4,1,1497
3555,66,2017,126,6475000.0,248,21,0,2.0,0,1,185,7023,5,4,1,2996
3556,116,2022,358,9200000.0,295,21,0,5.0,7,1,181,5000,2,1,1,1950
3557,9,2020,287,4250000.0,153,21,0,5.0,8,1,171,11000,5,4,1,1950
3558,116,2017,69,422000.0,101,20,1,5.0,2,1,158,50629,5,4,1,1197
3559,116,2019,101,678000.0,110,20,0,5.0,2,1,139,63534,6,4,1,1197
3560,57,2018,17,300000.0,32,9,1,5.0,2,1,69,52000,2,4,1,998
3561,116,2022,14,496000.0,28,20,1,4.0,2,1,137,33695,6,0,1,796
3562,116,2015,82,463000.0,70,8,0,5.0,2,1,61,68744,4,4,1,1199
3563,86,2013,203,455000.0,73,8,1,5.0,8,1,58,70000,5,4,1,1497
3564,110,2020,48,751000.0,50,29,0,5.0,2,1,242,9540,4,4,1,1199
3565,66,2017,219,775000.0,96,20,0,5.0,8,1,144,45000,2,4,1,1373
3566,86,2019,101,678000.0,110,20,1,5.0,2,1,139,36861,6,4,1,1197
3567,138,2017,102,550000.0,123,6,1,5.0,7,1,47,68000,2,4,1,1496
3568,116,2014,101,390000.0,73,20,1,5.0,8,1,159,68000,2,4,1,1197
3569,138,2015,68,395000.0,103,20,1,5.0,2,1,158,38000,2,4,1,1197
3570,57,2017,40,295000.0,37,27,1,5.0,2,1,210,39000,2,4,1,999
3571,9,2017,84,599000.0,61,31,1,5.0,2,1,264,40000,2,4,1,1199
3572,138,2020,303,1748999.9999999998,184,16,0,6.0,7,1,114,18000,2,4,1,1451
3573,9,2019,29,399000.0,26,20,0,5.0,2,1,163,60000,2,4,1,998
3574,116,2018,101,449000.0,73,6,1,5.0,8,1,46,40000,2,1,1,1498
3575,138,2018,23,300000.0,28,20,1,5.0,2,1,138,68000,2,4,1,998
3576,9,2017,43,449000.0,65,20,1,5.0,2,1,151,40000,2,4,2,1197
3577,57,2014,36,295000.0,41,20,1,5.0,2,1,163,37000,2,4,1,998
3578,116,2018,101,649000.0,103,20,0,5.0,8,1,159,21912,6,4,1,1197
3579,138,2013,26,274000.0,38,9,1,5.0,2,1,82,74564,4,4,1,1197
3580,57,2019,11,375000.0,28,20,1,5.0,2,1,137,48000,2,4,1,796
3581,138,2017,203,801000.0,73,8,0,5.0,8,1,58,96758,2,4,1,1497
3582,116,2018,93,591000.0,60,8,1,5.0,8,1,54,60341,6,1,1,1498
3583,138,2017,68,434000.0,103,20,1,5.0,2,1,158,36973,4,4,1,1197
3584,138,2017,219,699000.0,96,20,1,5.0,8,1,144,39000,2,1,1,1248
3585,116,2013,28,271000.0,26,20,1,5.0,2,1,163,52514,4,4,1,998
3586,57,2022,36,555000.0,41,20,1,5.0,2,1,163,13001,2,4,1,1197
3587,138,2018,142,825000.0,134,9,1,5.0,7,1,68,72000,2,1,1,1396
3588,116,2017,102,599000.0,123,6,1,5.0,7,1,47,62000,2,4,1,1496
3589,116,2017,171,481000.0,73,30,1,5.0,8,1,249,34000,2,4,1,1496
3590,138,2015,93,385000.0,60,8,1,5.0,8,1,54,67000,2,4,1,1198
3591,138,2019,84,699000.0,61,31,1,5.0,2,1,264,45000,2,4,1,999
3592,138,2013,101,331000.0,73,20,1,5.0,8,1,159,64000,2,4,1,1197
3593,116,2013,35,178000.0,38,2,1,5.0,2,1,24,58000,2,4,2,1199
3594,138,2017,142,925000.0,134,9,0,5.0,7,1,68,48000,2,4,2,1591
3595,116,2013,52,290000.0,60,20,1,5.0,2,1,154,70000,2,4,1,1197
3596,8,2017,219,570000.0,96,20,0,5.0,8,1,144,59863,2,4,2,1373
3597,116,2022,14,492000.0,28,20,1,4.0,2,1,137,18468,6,0,1,796
3598,116,2018,80,530000.0,104,6,1,5.0,2,1,52,42173,4,4,2,1194
3599,138,2015,102,465000.00000000006,123,6,0,5.0,7,1,47,68631,2,4,2,1496
3600,116,2021,13,351000.0,27,20,1,5.0,2,1,137,18833,6,4,1,796
3601,116,2021,43,515000.00000000006,65,20,1,5.0,2,1,151,55418,4,4,1,1197
3602,55,2013,29,225000.0,26,20,1,5.0,2,1,163,20000,5,4,1,998
3603,110,2020,94,620000.0,105,27,1,7.0,4,1,215,53400,6,4,1,999
3604,116,2018,40,349000.0,37,27,1,5.0,2,1,210,25000,2,4,1,999
3605,116,2019,183,1385000.0,165,12,0,5.0,7,1,94,87576,2,4,1,1368
3606,116,2014,32,290000.0,60,8,1,5.0,2,1,56,58000,2,4,1,1198
3607,138,2015,101,285000.0,44,4,1,7.0,4,1,35,75000,2,4,1,1198
3608,138,2013,176,330000.0,75,31,0,5.0,8,1,269,69000,2,4,1,1598
3609,8,2015,76,549000.0,90,17,1,6.0,7,1,128,20000,2,1,1,2498
3610,138,2020,13,365000.0,27,20,1,5.0,2,1,137,45000,2,4,1,796
3611,138,2021,101,650000.0,73,20,1,5.0,8,1,160,20000,5,0,1,1197
3612,138,2015,153,449000.0,136,20,1,5.0,7,1,157,70000,2,1,1,1248
3613,138,2017,82,599000.0,70,8,0,5.0,2,1,61,72000,2,4,1,1199
3614,57,2023,370,4645000.0,231,16,0,6.0,7,1,112,7800,2,1,0,1996
3615,116,2020,50,499000.0,57,29,1,5.0,2,1,242,25000,2,4,1,1199
3616,8,2020,372,8800000.0,221,15,0,5.0,7,1,110,19000,2,4,1,3456
3617,86,2022,234,1358000.0,116,28,0,5.0,8,1,222,11332,6,4,1,999
3618,9,2016,101,560000.0,110,20,1,5.0,2,1,139,25456,2,4,1,1197
3619,57,2013,36,275000.0,41,20,1,5.0,2,1,163,65000,2,4,2,998
3620,116,2017,82,586000.0,70,8,0,5.0,2,1,61,93616,6,4,1,1199
3621,116,2017,42,463000.0,51,20,0,5.0,2,1,142,74134,2,4,1,998
3622,14,2018,157,699000.0,173,27,0,5.0,7,1,208,70000,2,4,1,1498
3623,9,2018,101,593000.0,110,20,1,5.0,2,1,139,62411,6,1,2,1248
3624,138,2012,342,1050000.0,196,21,0,5.0,8,1,174,56000,5,4,2,1796
3625,116,2018,43,567000.0,103,17,1,5.0,7,1,120,63661,4,1,2,1198
3626,138,2021,303,1750000.0,184,16,0,6.0,7,1,114,24000,2,4,1,1451
3627,138,2022,131,1650000.0,120,31,1,5.0,7,1,266,14000,2,4,1,1498
3628,86,2017,248,930000.0,215,17,1,7.0,7,1,131,70000,5,1,1,1997
3629,116,2018,103,749000.0,100,8,1,5.0,7,1,64,50000,2,4,1,1199
3630,138,2011,177,249000.00000000003,76,31,1,5.0,8,1,269,74000,2,4,1,1598
3631,9,2018,316,899000.0,224,29,1,7.0,7,1,229,70000,2,1,1,2179
3632,116,2013,26,225000.0,38,9,1,5.0,2,1,82,65000,5,4,1,1086
3633,57,2015,101,399000.0,110,20,1,5.0,2,1,139,40000,2,1,1,1248
3634,86,2010,15,80000.0,26,2,1,5.0,2,1,30,60000,5,4,3,995
3635,57,2010,191,225000.0,72,8,0,5.0,8,1,58,81000,2,4,3,1497
3636,138,2012,15,137000.0,22,20,1,5.0,2,1,136,80000,5,4,1,796
3637,116,2014,101,389000.0,73,20,1,5.0,8,1,159,107539,2,1,1,1248
3638,138,2016,101,548000.0,110,20,1,5.0,2,1,139,52059,2,4,1,1197
3639,55,2021,274,1695000.0,184,16,1,5.0,7,1,113,70000,5,4,1,1451
3640,9,2021,101,874000.0,130,9,1,5.0,2,1,83,5732,6,4,1,1197
3641,138,2018,101,596000.0,73,8,1,5.0,8,1,54,53034,2,4,1,1199
3642,138,2009,191,179000.0,72,8,1,5.0,8,1,58,80000,5,4,3,1497
3643,9,2017,101,501000.0,110,20,1,5.0,2,1,139,66462,6,4,2,1197
3644,86,2013,248,575000.0,215,17,1,7.0,7,1,131,70000,5,1,1,2179
3645,110,2017,101,495000.0,110,20,1,5.0,2,1,139,52444,4,4,1,1197
3646,86,2014,274,500000.0,241,29,1,7.0,7,1,239,60000,5,1,1,2179
3647,86,2019,274,1500000.0,184,16,0,5.0,7,1,113,40000,5,4,2,1451
3648,86,2022,62,725000.0,59,9,1,5.0,2,1,73,10000,5,4,1,1197
3649,86,2022,99,1030000.0,139,30,1,5.0,7,1,258,10000,5,4,1,1462
3650,86,2017,219,650000.0,96,20,1,5.0,8,1,144,70000,5,1,1,1248
3651,110,2014,51,450000.0,52,9,0,5.0,2,1,72,14000,2,4,1,1197
3652,116,2019,102,689000.0,123,6,1,5.0,7,1,47,39500,5,1,1,1498
3653,138,2018,284,1250000.0,159,28,1,5.0,8,1,220,64213,2,4,1,1395
3654,86,2021,13,310000.0,27,20,1,5.0,2,1,137,20000,5,4,2,796
3655,138,2019,157,1200000.0,148,13,1,5.0,7,1,99,60000,2,4,1,1353
3656,55,2018,399,1280000.0,199,10,1,5.0,6,1,86,120000,5,1,1,2499
3657,138,2017,51,452000.0,52,9,1,5.0,2,1,72,48768,6,4,2,1197
3658,138,2020,42,404000.0,51,20,1,5.0,2,1,142,91970,2,4,2,998
3659,138,2023,169,2025000.0,146,13,0,5.0,7,1,99,7100,2,4,1,1482
3660,110,2016,101,473000.00000000006,110,20,1,5.0,2,1,139,34936,6,4,1,1197
3661,57,2011,75,252000.0,73,8,1,5.0,2,1,61,64071,4,4,3,1198
3662,138,2022,103,950000.0,99,8,1,5.0,7,1,64,10000,2,4,1,1199
3663,9,2018,101,633000.0,110,20,0,5.0,2,1,139,60443,6,4,1,1197
3664,57,2017,203,875000.0,73,8,0,5.0,8,1,58,56000,2,4,1,1497
3665,116,2015,69,413000.0,101,20,1,5.0,2,1,158,10056,2,4,2,1197
3666,138,2020,203,1100000.0,73,8,1,5.0,8,1,58,13000,2,4,1,1497
3667,116,2020,153,1250000.0,140,9,1,5.0,7,1,68,80000,2,1,1,1493
3668,138,2019,168,4150000.0,283,14,0,5.0,7,1,106,53000,5,1,1,1999
3669,86,2012,223,650000.0,153,20,1,5.0,7,1,149,110000,5,4,2,2393
3670,86,2012,28,300000.0,26,20,1,5.0,2,1,163,60000,5,4,1,998
3671,138,2022,308,5700000.0,258,21,0,5.0,8,1,171,22000,2,4,1,1496
3672,86,2022,69,713000.0,101,20,1,5.0,2,1,158,30000,5,4,1,1197
3673,86,2015,103,515000.00000000006,123,6,0,5.0,7,1,47,90000,5,4,2,1499
3674,86,2020,101,600000.0,110,20,1,5.0,2,1,139,50000,5,4,1,1197
3675,8,2022,256,2090000.0,220,29,0,5.0,7,1,228,22000,2,1,1,1956
3676,116,2016,219,690000.0,96,20,0,5.0,8,1,144,48000,5,4,1,1373
3677,9,2016,101,513000.0,110,20,1,5.0,2,1,139,35467,2,4,1,1197
3678,116,2017,203,850000.0,93,9,0,5.0,8,1,80,54481,2,4,1,1591
3679,57,2022,99,835000.0,139,20,1,5.0,7,1,141,24000,2,4,1,1462
3680,86,2017,51,439000.0,52,9,1,5.0,2,1,72,76181,2,4,1,1197
3681,116,2020,101,720000.0,110,20,1,5.0,2,1,139,23842,2,4,1,1197
3682,86,2022,101,942000.0,140,20,1,5.0,7,1,162,20000,5,4,2,1462
3683,138,2014,203,538000.0,73,8,0,5.0,8,1,58,94407,2,4,1,1497
3684,86,2009,138,100000.0,56,9,1,5.0,8,1,65,80000,5,4,1,1495
3685,110,2016,101,491000.0,110,20,1,5.0,2,1,139,124245,5,4,1,1197
3686,116,2022,101,925000.0,71,8,0,5.0,8,1,54,5100,2,4,1,1199
3687,55,2022,99,1060000.0,139,30,1,5.0,7,1,258,30000,5,4,1,1462
3688,86,2012,298,900000.0,187,30,1,7.0,7,1,252,120000,5,1,2,2982
3689,57,2018,101,670000.0,140,20,1,5.0,7,1,162,50000,2,1,1,1248
3690,57,2017,103,500000.0,123,6,1,5.0,7,1,47,89698,2,4,1,999
3691,116,2014,297,1250000.0,260,0,0,5.0,8,1,3,18000,5,1,2,1968
3692,138,2009,49,110000.0,67,20,1,5.0,2,1,158,100000,5,4,3,1298
3693,116,2010,25,150000.0,30,9,1,5.0,2,1,76,60000,5,4,2,1086
3694,138,2019,351,3200000.0,199,6,0,7.0,7,1,48,30000,5,1,2,3198
3695,86,2014,26,240000.0,38,9,1,5.0,2,1,82,30000,5,3,1,1086
3696,86,2014,203,460000.0,73,8,1,5.0,8,1,58,100000,5,4,3,1497
3697,116,2016,51,411000.00000000006,52,9,1,5.0,2,1,72,58193,2,4,1,1197
3698,116,2017,101,481000.0,110,20,1,5.0,2,1,139,68621,2,4,2,1197
3699,86,2017,103,670000.0,100,8,1,5.0,7,1,64,50000,5,4,1,1199
3700,86,2020,101,724000.0,110,20,1,5.0,2,1,139,23399,2,4,1,1197
3701,138,2017,101,546000.0,120,9,1,5.0,2,1,84,60915,5,4,1,1197
3702,138,2018,149,799000.0,73,20,1,7.0,4,1,146,44000,2,0,1,1373
3703,138,2013,83,278000.0,61,31,1,5.0,2,1,264,101297,2,4,1,1198
3704,86,2023,246,1575000.0,111,8,0,5.0,8,1,58,10000,5,4,1,1498
3705,14,2013,32,261000.0,60,8,1,5.0,2,1,56,73883,4,4,1,1198
3706,8,2014,274,415000.00000000006,241,29,1,7.0,7,1,239,75000,5,1,1,2179
3707,116,2018,43,399000.0,103,17,1,5.0,2,1,120,69000,2,1,1,1198
3708,138,2011,26,220000.00000000003,38,9,0,5.0,2,1,82,58632,2,4,1,1197
3709,116,2011,235,330000.0,114,8,0,5.0,8,1,60,41352,2,4,1,1799
3710,116,2015,101,435000.0,73,20,1,5.0,8,1,159,37000,2,4,1,1197
3711,110,2021,274,1750000.0,184,16,0,5.0,7,1,113,20100,5,4,1,1451
3712,138,2019,248,1475000.0,215,17,0,7.0,7,1,131,50000,5,1,1,2179
3713,138,2018,43,450000.0,65,20,1,5.0,2,1,151,90000,5,4,1,1197
3714,8,2020,287,4400000.0,253,21,0,5.0,8,1,171,7800,2,4,1,1950
3715,86,2016,101,380000.0,73,20,1,5.0,8,1,159,120000,5,1,1,1248
3716,55,2010,25,95000.0,30,9,1,5.0,2,1,76,120000,5,0,1,1086
3717,138,2020,101,675000.0,110,20,1,5.0,2,1,139,59014,6,4,1,1197
3718,14,2017,32,527000.0,60,8,0,5.0,2,1,56,43148,6,4,1,1198
3719,138,2019,351,2990000.0,199,6,0,7.0,7,1,48,79000,2,1,1,2198
3720,110,2015,101,380000.0,101,20,1,5.0,8,1,159,89352,2,4,1,1197
3721,116,2021,97,689000.0,57,29,1,5.0,8,1,244,38511,4,4,1,1199
3722,8,2015,323,2400000.0,292,21,0,5.0,7,1,183,54000,2,1,1,2143
3723,84,2016,101,474000.0,110,20,1,5.0,2,1,139,66584,6,4,1,1197
3724,8,2017,351,2550000.0,199,6,0,7.0,7,1,48,48000,5,1,1,3198
3725,9,2020,43,577000.0,67,20,1,5.0,2,1,151,19418,4,4,1,1197
3726,8,2016,287,2550000.0,253,21,0,5.0,8,1,171,72000,2,4,1,1991
3727,110,2018,196,894999.9999999999,96,30,0,5.0,8,1,259,23000,2,4,1,1496
3728,116,2012,196,250000.0,73,24,1,5.0,8,1,200,50000,5,4,1,1498
3729,86,2022,101,1025000.0,139,13,1,5.0,7,1,100,20000,5,1,1,1493
3730,86,2021,202,900000.0,71,8,1,5.0,8,1,58,30000,5,4,1,1497
3731,9,2020,100,650000.0,126,9,1,5.0,7,1,79,42000,2,4,1,1197
3732,116,2023,217,1175000.0,94,20,0,5.0,8,1,144,600,2,4,1,1462
3733,86,2010,233,186000.0,89,2,1,5.0,8,1,28,30000,5,4,3,1598
3734,116,2012,196,250000.0,73,24,1,5.0,8,1,200,70000,5,4,1,1498
3735,102,2015,87,425000.0,100,9,1,5.0,2,1,83,136288,3,1,1,1396
3736,138,2015,51,425000.0,52,9,1,5.0,2,1,72,48000,5,4,1,1197
3737,116,2019,51,523000.00000000006,52,9,1,5.0,2,1,72,49707,4,4,1,1197
3738,138,2012,32,240000.0,60,8,1,5.0,2,1,56,59443,2,4,1,1198
3739,86,2022,101,754000.0,71,20,1,5.0,8,1,160,30000,5,0,1,1197
3740,57,2017,183,1285000.0,165,12,0,5.0,7,1,94,52000,2,4,1,1368
3741,116,2019,248,1317000.0,215,17,0,7.0,7,1,131,40398,6,1,1,2179
3742,138,2019,183,1465000.0,165,12,1,5.0,7,1,94,50000,5,4,1,1368
3743,116,2017,87,491000.0,100,9,1,5.0,2,1,83,84181,2,4,2,1197
3744,110,2018,43,550000.0,103,17,1,6.0,2,1,120,10000,5,4,1,1198
3745,86,2018,68,618000.0,103,20,1,5.0,2,1,158,66434,5,1,1,1248
3746,138,2018,102,775000.0,123,6,0,5.0,7,1,47,40000,5,4,1,1497
3747,8,2007,28,80000.0,22,20,1,5.0,2,1,163,100000,5,4,1,1061
3748,138,2018,102,775000.0,123,6,0,5.0,7,1,47,40000,5,4,1,1497
3749,8,2013,274,400000.0,241,29,1,7.0,7,1,239,100000,5,1,1,2179
3750,138,2018,317,3350000.0,197,30,0,7.0,7,1,252,51800,2,1,1,2755
3751,86,2010,235,200000.0,114,8,1,5.0,8,1,60,100000,5,4,5,1799
3752,86,2010,235,200000.0,114,8,1,5.0,8,1,60,100000,5,4,5,1799
3753,86,2019,87,510000.0,100,9,1,5.0,2,1,83,70000,5,4,2,1197
3754,138,2013,178,869999.9999999999,252,0,0,5.0,7,1,6,87000,5,1,1,1968
3755,57,2021,204,1100000.0,130,20,1,6.0,4,1,165,7000,5,4,1,1462
3756,138,2017,43,445000.0,67,20,0,5.0,2,1,151,60000,5,1,2,1248
3757,116,2015,103,547000.0,123,6,0,5.0,7,1,47,88710,6,4,1,1499
3758,86,2019,101,626000.0,110,20,1,5.0,2,1,139,47644,2,4,1,1197
3759,86,2017,248,1200000.0,215,17,1,7.0,7,1,131,40000,5,1,1,2179
3760,9,2016,101,445000.0,110,20,1,5.0,2,1,139,100505,2,4,1,1197
3761,110,2015,87,458000.0,100,9,1,5.0,2,1,83,106648,5,4,1,1197
3762,86,2014,25,205000.0,30,9,1,5.0,2,1,76,60000,5,0,2,1086
3763,116,2019,36,507000.0,41,20,1,5.0,2,1,163,53481,2,0,1,998
3764,86,2012,28,240000.0,22,20,1,5.0,2,1,163,40000,5,4,2,998
3765,116,2019,101,713000.0,110,20,1,5.0,2,1,139,25050,6,4,1,1197
3766,116,2016,248,890000.0,215,17,1,7.0,7,1,131,77000,4,1,1,1997
3767,86,2006,49,135000.0,67,20,1,5.0,2,1,158,120000,5,4,4,1298
3768,110,2014,93,390000.0,60,8,1,5.0,8,1,54,58000,2,4,1,1198
3769,66,2014,203,575000.0,73,8,1,5.0,8,1,58,96000,2,4,1,1497
3770,116,2019,42,400000.0,39,20,1,5.0,2,1,142,51000,2,0,1,998
3771,86,2015,82,350000.0,70,8,1,5.0,2,1,61,70000,5,1,1,1498
3772,9,2022,223,2050000.0,140,9,0,7.0,7,1,66,27000,2,1,1,1498
3773,9,2020,96,825000.0,154,29,1,5.0,7,1,237,32456,2,4,1,1199
3774,110,2021,87,1650000.0,197,17,0,4.0,7,1,128,15000,2,1,1,2184
3775,8,2021,203,950000.0,93,9,1,5.0,8,1,80,34940,2,4,1,1497
3776,86,2016,174,500000.0,77,9,1,5.0,8,1,80,70000,5,1,3,1582
3777,140,2019,101,608000.0,110,20,1,5.0,2,1,139,73679,2,4,1,1197
3778,116,2017,51,423000.00000000006,52,9,1,5.0,2,1,72,32722,2,4,2,1197
3779,86,2018,84,800000.0,61,31,0,5.0,2,1,264,70000,5,4,2,1197
3780,116,2019,203,922000.0,93,9,1,5.0,8,1,80,59059,6,4,1,1591
3781,116,2017,51,433000.0,52,9,1,5.0,2,1,72,34332,5,4,2,1197
3782,138,2018,102,525000.0,123,6,1,5.0,7,1,47,72194,5,1,1,1498
3783,138,2017,101,526000.0,110,20,1,5.0,2,1,139,56740,6,4,1,1197
3784,138,2019,101,655000.0,184,17,1,7.0,7,1,126,72490,5,1,1,1493
3785,116,2018,51,459000.0,52,9,1,5.0,2,1,72,35828,4,4,1,1197
3786,138,2015,178,1450000.0,252,0,0,5.0,7,1,6,57088,5,1,1,1968
3787,116,2020,196,865000.0,96,30,0,5.0,8,1,259,70382,5,4,1,1496
3788,86,2022,43,550000.0,65,20,1,5.0,2,1,151,20000,5,4,1,1197
3789,138,2018,203,1125000.0,93,9,0,5.0,8,1,80,17000,5,1,1,1582
3790,86,2020,274,1500000.0,184,16,0,5.0,7,1,113,30000,5,4,1,1451
3791,57,2012,75,261000.0,73,8,1,5.0,2,1,61,70000,5,4,1,1198
3792,110,2019,182,950000.0,102,20,0,7.0,4,1,146,65202,5,4,1,1462
3793,9,2013,140,485000.0,73,20,1,7.0,4,1,146,72000,5,4,1,1373
3794,65,2021,36,510000.0,41,20,1,5.0,2,1,163,45313,3,0,1,998
3795,86,2015,287,2500000.0,253,21,0,5.0,8,1,171,40000,5,1,1,2143
3796,86,2014,248,664000.0,215,17,1,7.0,7,1,131,120000,5,1,1,2179
3797,57,2014,52,284000.0,60,20,1,5.0,2,1,154,54235,4,4,2,1197
3798,116,2018,43,520000.0,67,20,0,5.0,2,1,151,52777,6,4,1,1197
3799,116,2018,87,590000.0,100,9,1,5.0,2,1,83,26000,2,4,1,1197
3800,138,2018,189,655000.0,76,28,1,5.0,8,1,221,77937,4,4,1,1598
3801,116,2021,97,699000.0,57,29,1,5.0,8,1,244,40663,6,4,1,1199
3802,9,2015,51,395000.0,52,9,1,5.0,2,1,72,40000,2,4,1,1197
3803,116,2011,140,217000.0,73,30,1,5.0,8,1,249,115500,2,4,1,1496
3804,116,2015,330,940000.0,163,28,0,5.0,8,1,223,67000,2,4,1,1798
3805,116,2016,142,886999.9999999999,134,9,1,5.0,7,1,68,16312,4,4,1,1591
3806,86,2016,101,480000.0,73,20,1,5.0,8,1,159,60000,5,4,2,1197
3807,86,2014,179,425000.0,62,8,1,7.0,4,1,62,90000,5,4,1,1497
3808,116,2018,51,495000.0,52,9,1,5.0,2,1,72,67000,2,0,1,1197
3809,86,2015,219,550000.0,96,20,1,5.0,8,1,144,80000,5,4,2,1373
3810,86,2011,26,137000.0,38,9,1,5.0,2,1,82,60000,5,4,1,1086
3811,66,2015,203,565000.0,73,8,0,5.0,8,1,58,34253,2,4,1,1497
3812,138,2019,157,1290000.0,148,13,0,5.0,7,1,99,27000,2,4,1,1497
3813,57,2017,42,355000.0,39,20,0,5.0,2,1,142,64000,2,4,2,998
3814,138,2015,101,386000.0,52,9,1,5.0,8,1,81,67827,4,4,1,1197
3815,86,2018,101,514000.0,110,20,1,5.0,2,1,139,79094,6,4,1,1197
3816,57,2012,174,325000.0,77,9,1,5.0,8,1,80,64589,4,4,2,1591
3817,116,2015,101,508000.0,120,9,1,5.0,2,1,84,88309,2,4,1,1197
3818,116,2018,69,567000.0,101,20,1,5.0,2,1,158,66688,2,4,2,1197
3819,8,2022,101,670000.0,110,20,1,5.0,2,1,139,20000,5,4,1,1197
3820,116,2018,218,760000.0,95,20,0,5.0,8,1,144,60653,4,4,1,1462
3821,138,2022,384,3350000.0,245,13,0,7.0,4,1,98,70000,5,1,1,2199
3822,116,2017,51,398000.0,52,9,1,5.0,2,1,72,86527,6,4,1,1197
3823,138,2017,101,485000.0,73,8,1,5.0,8,1,54,67000,2,4,1,1199
3824,86,2009,75,135000.0,73,8,1,5.0,2,1,61,70000,5,4,3,1198
3825,110,2013,103,300000.0,123,6,0,5.0,7,1,47,70000,5,4,3,1499
3826,51,2018,101,525000.0,73,8,1,5.0,8,1,54,70311,5,4,1,1199
3827,14,2016,48,375000.0,50,29,1,5.0,2,1,242,54000,2,4,1,1199
3828,86,2009,192,130000.0,73,8,1,5.0,8,1,58,80000,5,4,3,1497
3829,116,2017,103,595000.0,100,8,1,5.0,7,1,64,52000,5,1,1,1498
3830,86,2010,28,200000.0,22,20,1,5.0,2,1,163,20000,5,4,1,1061
3831,86,2019,87,531000.0,100,9,1,5.0,2,1,83,80000,5,1,1,1396
3832,116,2009,28,150000.0,22,20,1,5.0,2,1,163,110000,5,4,3,1061
3833,110,2021,87,1625000.0,197,17,0,4.0,7,1,128,15000,2,1,1,2184
3834,138,2019,36,503000.0,41,20,1,5.0,2,1,163,69821,6,0,1,998
3835,110,2021,93,861999.9999999999,117,29,1,5.0,2,1,225,12754,6,4,1,1199
3836,138,2017,261,880000.0000000001,130,30,1,5.0,8,1,248,69000,5,4,1,1798
3837,86,2014,29,272000.0,26,20,1,5.0,2,1,163,98390,5,4,1,998
3838,14,2016,219,627000.0,96,20,0,5.0,8,1,144,84195,5,4,1,1373
3839,110,2018,266,2850000.0,132,21,0,5.0,8,1,172,17000,5,4,1,1991
3840,116,2017,43,428000.0,67,20,1,5.0,2,1,151,77184,2,4,1,1197
3841,86,2012,189,175000.0,79,29,1,5.0,8,1,234,40000,5,4,1,1368
3842,116,2017,51,414000.0,52,9,1,5.0,2,1,72,82848,2,4,1,1197
3843,55,2019,48,510000.0,50,29,0,5.0,2,1,242,30000,5,4,1,1199
3844,86,2016,82,550000.0,70,8,1,5.0,2,1,61,50000,5,4,1,1199
3845,86,2022,306,2341000.0,179,30,0,7.0,4,1,256,40000,5,1,1,2393
3846,86,2013,33,170000.0,22,20,1,5.0,2,1,138,70000,5,4,1,998
3847,138,2017,101,450000.0,110,20,1,5.0,2,1,139,47688,2,4,1,1197
3848,138,2009,233,110000.0,120,30,1,5.0,8,1,248,100000,5,4,3,1798
3849,138,2014,66,200000.0,55,24,1,5.0,2,1,198,90000,5,1,2,1461
3850,9,2006,28,33000.0,22,20,1,5.0,2,1,163,40000,5,4,1,998
3851,86,2018,43,350000.0,103,17,1,6.0,2,1,120,40000,5,4,2,1198
3852,138,2016,157,410000.0,173,27,1,5.0,7,1,208,50000,5,1,1,1461
3853,86,2012,261,500000.0,131,30,1,5.0,8,1,248,30000,5,4,2,1798
3854,116,2018,101,543000.0,110,20,0,5.0,2,1,139,106711,6,4,2,1197
3855,86,2017,87,514000.0,100,9,1,5.0,2,1,83,83741,6,4,1,1197
3856,86,2014,265,1150000.0,271,0,0,5.0,7,1,7,50000,5,1,1,1968
3857,116,2018,181,747000.0,76,31,1,5.0,8,1,269,105792,2,1,1,1498
3858,116,2019,101,593000.0,110,20,1,5.0,2,1,139,88750,6,4,1,1197
3859,86,2014,248,900000.0,215,17,1,7.0,7,1,131,70000,5,1,1,2179
3860,86,2018,101,539000.0,120,9,1,5.0,2,1,84,89972,2,4,1,1197
3861,86,2014,177,335000.0,76,31,1,5.0,8,1,269,50000,5,4,1,1598
3862,14,2019,81,594000.0,69,8,1,5.0,2,1,61,36785,2,4,2,1199
3863,138,2019,203,910000.0,93,9,1,5.0,8,1,80,48000,4,4,1,1368
3864,138,2023,308,6000000.0,258,21,0,5.0,8,1,171,7000,2,4,1,1496
3865,86,2021,94,760000.0,105,27,0,7.0,4,1,215,50000,5,4,1,999
3866,86,2016,101,490000.00000000006,140,20,1,5.0,7,1,162,40000,5,1,1,1248
3867,138,2017,87,521000.0,100,9,1,5.0,2,1,83,59000,2,4,1,1197
3868,86,2019,183,1400000.0,165,12,0,5.0,7,1,94,70000,5,4,1,1368
3869,86,2019,157,900000.0,148,13,1,5.0,7,1,99,110000,5,1,1,1493
3870,86,2015,209,950000.0,168,17,1,7.0,7,1,124,100000,5,1,1,2179
3871,116,2017,386,5500000.0,292,21,0,7.0,7,1,182,30000,2,1,2,2987
3872,138,2020,189,765000.0,76,28,1,5.0,8,1,221,48000,5,4,1,999
3873,116,2017,101,555000.0,52,9,1,5.0,8,1,81,22424,6,4,1,1197
3874,110,2017,101,477000.0,52,9,1,5.0,8,1,81,58147,4,4,1,1197
3875,57,2015,51,341000.0,52,9,1,5.0,2,1,72,67000,5,4,1,1197
3876,86,2019,42,476000.0,39,20,0,5.0,2,1,142,112479,6,4,1,998
3877,14,2018,101,611000.0,103,20,0,5.0,8,1,159,25494,6,4,1,1197
3878,138,2016,142,790000.0,134,9,0,5.0,7,1,68,78000,2,1,2,1582
3879,138,2016,87,513000.0,100,9,1,5.0,2,1,83,51276,4,4,2,1197
3880,138,2017,142,825000.0,134,9,1,5.0,7,1,68,85000,2,1,1,1582
3881,14,2018,82,584000.0,70,8,1,5.0,2,1,61,75402,4,4,2,1199
3882,138,2014,261,665000.0,131,30,1,5.0,8,1,248,109000,4,4,1,1798
3883,138,2021,360,6350000.0,284,1,0,5.0,8,1,14,14500,2,4,1,1998
3884,9,2017,375,4600000.0,303,0,0,7.0,7,1,8,76000,2,1,2,2967
3885,14,2017,93,475000.0,60,8,1,5.0,8,1,54,34000,5,4,1,1198
3886,86,2015,101,330000.0,52,9,1,5.0,8,1,81,80000,5,4,2,1197
3887,86,2018,101,635000.0,73,8,0,5.0,8,1,54,60000,5,1,1,1498
3888,116,2014,163,399000.0,247,24,1,5.0,7,1,201,60000,5,1,1,1461
3889,138,2014,101,420000.0,73,20,1,5.0,8,1,159,59000,5,4,2,1197
3890,138,2016,102,460000.0,123,6,1,5.0,7,1,47,99000,2,1,1,1498
3891,138,2021,185,2375000.0,164,12,0,5.0,7,1,94,17000,4,4,1,1368
3892,9,2018,218,720000.0,95,20,1,5.0,8,1,144,79982,4,4,1,1462
3893,116,2017,203,846000.0000000001,73,8,0,5.0,8,1,58,67047,6,4,1,1497
3894,86,2012,270,500000.0,133,31,1,5.0,8,1,262,50000,5,1,1,1968
3895,86,2017,101,471000.0,110,20,1,5.0,2,1,139,85782,6,4,1,1197
3896,86,2016,101,446000.0,110,20,1,5.0,2,1,139,99547,6,4,1,1197
3897,14,2018,40,365000.0,37,27,0,5.0,2,1,210,30000,2,4,1,999
3898,86,2017,42,354000.0,51,20,1,5.0,2,1,142,69455,6,4,1,998
3899,138,2022,131,1650000.0,120,31,0,5.0,7,1,266,14000,2,4,1,1498
3900,138,2019,102,877999.9999999999,123,6,0,5.0,7,1,47,40738,6,4,1,1497
3901,116,2015,252,1910000.0,127,21,0,5.0,8,1,171,76000,2,4,1,1796
3902,86,2020,68,525000.0,103,20,1,5.0,2,1,158,30000,5,4,1,1197
3903,86,2020,102,830000.0000000001,123,6,1,5.0,7,1,47,50000,5,1,1,1498
3904,86,2012,196,200000.0,73,24,1,5.0,8,1,200,90000,5,4,2,1498
3905,14,2022,237,1345000.0,112,8,0,5.0,8,1,58,10700,5,4,1,1498
3906,86,2022,237,1345000.0,112,8,0,5.0,8,1,58,10000,5,4,1,1498
3907,138,2017,29,350000.0,26,20,1,5.0,2,1,163,80000,5,4,2,998
3908,8,2018,375,5495000.0,303,0,0,7.0,7,1,8,36000,2,1,1,2967
3909,86,2018,351,2300000.0,199,6,0,7.0,7,1,48,70000,5,1,1,3198
3910,116,2015,298,1600000.0,187,30,0,7.0,7,1,252,60000,2,1,1,2982
3911,116,2018,266,2890000.0,132,21,0,5.0,8,1,172,34000,2,4,1,1991
3912,138,2016,203,746000.0,73,8,1,5.0,8,1,58,48430,6,4,1,1497
3913,116,2018,102,639000.0,123,6,1,5.0,7,1,47,93671,6,1,1,1498
3914,138,2015,298,1449000.0,187,30,0,7.0,7,1,252,100000,5,1,2,2982
3915,8,2018,218,736000.0,95,20,0,5.0,8,1,144,108665,4,4,2,1462
3916,116,2022,51,749000.0,57,29,1,5.0,2,1,242,17447,2,0,1,1199
3917,116,2019,167,693000.0,171,27,1,5.0,7,1,208,100579,6,1,2,1461
3918,86,2013,66,275000.0,55,24,0,5.0,2,1,198,80000,5,4,1,1198
3919,138,2019,31,475000.0,48,9,1,5.0,2,1,75,65039,6,4,1,1086
3920,57,2017,351,2300000.0,199,6,0,7.0,7,1,48,60000,2,1,1,3198
3921,86,2010,26,150000.0,38,9,1,5.0,2,1,82,50000,5,4,4,1086
3922,14,2015,203,665000.0,73,8,0,5.0,8,1,58,65000,2,4,1,1497
3923,138,2011,77,225000.0,85,9,1,5.0,2,1,83,84000,2,4,3,1197
3924,14,2021,317,3500000.0,197,30,0,7.0,7,1,252,35000,6,4,1,2694
3925,86,2018,101,850000.0,140,20,1,5.0,7,1,162,80000,5,1,1,1248
3926,138,2023,170,1985000.0,142,30,1,5.0,7,1,254,16500,2,4,1,1462
3927,8,2019,317,3100000.0,197,30,1,7.0,7,1,252,40000,5,1,2,2755
3928,56,2016,203,550000.0,73,8,1,5.0,8,1,58,50500,5,4,1,1497
3929,8,2016,101,285000.0,84,29,1,5.0,8,1,245,90000,5,4,2,1193
3930,86,2010,191,300000.0,72,8,0,5.0,8,1,58,80000,5,4,2,1497
3931,116,2011,25,185000.0,30,9,1,5.0,2,1,76,40462,2,4,2,1086
3932,116,2018,68,525000.0,103,20,1,5.0,2,1,158,40000,2,4,1,1197
3933,86,2013,101,375000.0,73,20,1,5.0,8,1,159,150000,5,1,1,1248
3934,138,2020,203,1012000.0,93,9,1,5.0,8,1,80,47761,2,4,1,1497
3935,8,2020,153,1350000.0,140,9,1,5.0,7,1,68,80488,4,1,1,1493
3936,86,2020,24,400000.0,29,20,1,4.0,2,1,155,70000,5,0,1,998
3937,138,2022,281,1930000.0,220,29,1,7.0,7,1,236,17204,2,1,1,1956
3938,116,2017,51,525000.0,52,9,0,5.0,2,1,72,66000,2,4,1,1197
3939,116,2019,40,425000.0,37,27,1,5.0,2,1,210,41900,2,4,1,799
3940,57,2019,51,525000.0,52,9,1,5.0,2,1,72,45000,2,4,1,1197
3941,9,2013,84,375000.0,61,31,1,5.0,2,1,264,52000,2,4,1,1198
3942,86,2021,223,2100000.0,140,9,0,7.0,7,1,66,40000,5,1,1,1493
3943,116,2015,93,410000.0,60,8,1,5.0,8,1,54,64000,2,4,1,1198
3944,116,2018,43,435000.0,103,17,1,6.0,7,1,120,76500,5,0,1,1198
3945,110,2016,203,645000.0,73,8,1,5.0,8,1,58,48000,5,4,1,1497
3946,138,2019,98,775000.0,156,29,0,5.0,7,1,237,42000,2,4,1,1198
3947,14,2014,157,375000.0,173,27,1,5.0,7,1,208,50000,2,4,2,1598
3948,57,2017,102,650000.0,123,6,1,5.0,7,1,47,55000,2,4,2,1496
3949,86,2010,177,205000.0,76,31,1,5.0,8,1,269,90000,5,4,2,1598
3950,138,2015,345,2390000.0,267,21,0,5.0,8,1,174,72000,2,4,1,1991
3951,110,2018,39,529000.0,87,17,1,6.0,7,1,119,33091,6,4,2,1198
3952,86,2018,47,300000.0,36,27,1,5.0,2,1,210,40838,5,4,1,799
3953,138,2015,250,2400000.0,127,21,0,5.0,8,1,171,56000,2,4,1,1796
3954,116,2018,306,1678000.0,179,30,1,7.0,4,1,256,71914,2,1,1,2393
3955,116,2017,69,499000.0,101,20,1,5.0,2,1,158,67043,2,4,1,1197
3956,116,2021,150,3275000.0,172,22,0,5.0,7,1,191,18000,2,4,1,1998
3957,116,2011,140,207000.0,73,30,1,5.0,8,1,249,100010,2,4,1,1496
3958,86,2016,45,390000.0,44,20,0,5.0,2,1,142,70000,5,4,2,998
3959,116,2015,203,603000.0,73,8,1,5.0,8,1,58,56857,2,4,1,1497
3960,86,2014,329,1400000.0,174,30,0,5.0,8,1,246,120000,5,4,1,2494
3961,138,2015,385,3150000.0,292,21,0,7.0,7,1,176,92000,5,1,1,2987
3962,138,2019,377,5000000.0,199,21,0,5.0,8,1,174,45000,2,1,1,1950
3963,57,2019,307,1725000.0,180,30,0,8.0,4,1,256,68000,6,1,1,2755
3964,8,2020,278,5240000.0,215,21,0,5.0,7,1,179,36000,2,4,1,1991
3965,57,2012,388,1600000.0,288,1,0,5.0,8,1,16,67000,2,4,2,2979
3966,14,2017,261,1250000.0,131,30,1,5.0,8,1,248,37000,2,4,1,1798
3967,116,2021,303,1925000.0,184,16,0,6.0,7,1,114,9150,2,4,1,1451
3968,86,2012,77,250000.0,85,9,1,5.0,2,1,83,100000,5,1,3,1396
3969,86,2022,101,935000.0,71,8,0,5.0,8,1,54,10000,5,4,1,1199
3970,116,2013,183,551000.0,101,20,1,7.0,4,1,146,116059,5,0,1,1462
3971,86,2022,43,506000.0,65,20,1,5.0,2,1,151,18254,2,4,1,1197
3972,9,2016,345,6300000.0,307,14,0,5.0,7,1,107,61200,2,1,1,2993
3973,138,2016,93,422000.0,60,8,1,5.0,8,1,54,108133,6,4,1,1198
3974,9,2014,183,631000.0,101,20,1,7.0,4,1,146,66198,2,4,1,1462
3975,116,2017,101,590000.0,110,20,1,5.0,2,1,139,49000,5,4,1,1197
3976,86,2017,51,499000.0,52,9,0,5.0,2,1,72,89733,6,4,1,1197
3977,86,2022,69,785000.0,101,20,0,5.0,2,1,158,20000,5,4,1,1197
3978,116,2014,101,325000.0,86,9,1,5.0,2,1,83,90360,2,1,2,1396
3979,110,2017,257,3600000.0,298,14,0,5.0,7,1,103,44000,2,4,1,1999
3980,110,2020,196,925000.0,96,30,0,5.0,8,1,259,26000,2,4,1,1496
3981,116,2016,219,645000.0,96,20,1,5.0,8,1,144,68000,5,4,1,1373
3982,57,2018,218,760000.0,95,20,1,5.0,8,1,144,60000,5,4,1,1462
3983,138,2020,328,4200000.0,156,1,0,5.0,8,1,11,20000,2,4,1,1998
3984,14,2021,203,1245000.0,73,8,1,5.0,8,1,58,8000,5,4,1,1497
3985,86,2014,157,500000.0,173,27,1,5.0,7,1,208,120000,5,1,1,1461
3986,86,2015,29,280000.0,26,20,1,5.0,2,1,163,70000,5,0,1,998
3987,48,2009,191,115000.0,72,8,1,5.0,8,1,58,90000,5,4,3,1497
3988,55,2018,102,600000.0,123,6,1,5.0,7,1,47,70000,5,1,1,1498
3989,138,2021,256,1650000.0,220,29,1,5.0,7,1,228,70000,5,1,1,1956
3990,138,2021,100,852999.9999999999,126,9,1,5.0,7,1,79,14445,6,4,2,998
3991,116,2019,98,861000.0,156,29,0,5.0,7,1,237,29847,6,4,2,1198
3992,86,2011,177,275000.0,76,31,1,5.0,8,1,269,80000,5,4,2,1598
3993,110,2014,51,418000.0,52,9,0,5.0,2,1,72,88443,2,4,1,1197
3994,116,2011,26,190000.0,38,9,1,5.0,2,1,82,82892,4,4,2,1197
3995,14,2023,87,1850000.0,197,17,0,4.0,7,1,128,14500,4,1,1,2184
3996,138,2015,101,519000.00000000006,120,9,1,5.0,2,1,84,59549,2,4,1,1197
3997,86,2015,29,320000.0,26,20,1,5.0,2,1,163,70000,5,0,1,998
3998,116,2019,36,501000.0,41,20,1,5.0,2,1,163,64228,6,0,2,998
3999,86,2022,69,700000.0,101,20,1,5.0,2,1,158,10000,5,4,1,1197
4000,86,2018,102,600000.0,123,6,1,5.0,7,1,47,60000,5,1,2,1498
4001,57,2018,98,675000.0,156,29,0,5.0,7,1,237,32000,5,4,1,1198
4002,86,2019,68,550000.0,103,20,1,5.0,2,1,158,20000,5,4,1,1197
4003,57,2016,36,345000.0,41,20,1,5.0,2,1,163,65000,2,0,1,998
4004,138,2021,36,541000.0,41,20,1,5.0,2,1,163,23900,2,0,1,998
4005,57,2023,20,430000.0,23,20,1,5.0,2,1,138,2900,2,4,1,998
4006,9,2022,101,860000.0,127,9,1,5.0,7,1,79,15000,2,4,1,1197
4007,57,2022,31,530000.0,48,9,1,5.0,2,1,75,11200,2,4,1,1086
4008,138,2023,101,1070000.0,139,13,1,5.0,7,1,100,1900,2,4,1,998
4009,116,2010,26,173000.0,38,9,1,5.0,2,1,82,70098,2,4,1,1197
4010,8,2021,98,707000.0,118,24,1,5.0,7,1,197,30498,2,4,1,999
4011,57,2021,101,819999.9999999999,71,8,0,5.0,8,1,54,33000,2,4,1,1199
4012,9,2021,94,827999.9999999999,113,27,1,5.0,7,1,211,7243,4,4,1,999
4013,116,2023,99,1255000.0,139,20,1,5.0,7,1,141,7867,2,4,1,1462
4014,86,2018,101,690000.0,140,20,1,5.0,7,1,162,110000,5,1,2,1248
4015,84,2022,94,616000.0,105,27,1,7.0,4,1,215,49650,2,4,1,999
4016,9,2022,281,2099000.0,220,29,1,6.0,7,1,236,5301,2,1,1,1956
4017,138,2019,100,800000.0,126,9,1,5.0,7,1,79,21366,2,4,1,998
4018,57,2021,186,2450000.0,165,12,0,5.0,7,1,94,40099,2,1,1,1956
4019,86,2015,101,315000.0,73,6,1,5.0,8,1,46,100000,5,1,1,1498
4020,86,2015,101,315000.0,73,6,1,5.0,8,1,46,100000,5,1,1,1498
4021,138,2015,203,650000.0,73,8,1,5.0,8,1,58,48000,2,4,1,1497
4022,138,2020,358,7800000.0,295,21,0,5.0,7,1,181,29000,2,1,1,1950
4023,86,2017,29,310000.0,26,20,1,5.0,2,1,163,120000,5,0,1,998
4024,9,2019,98,825000.0,156,29,0,5.0,7,1,237,58000,5,4,1,1198
4025,110,2016,93,485000.0,60,8,1,5.0,8,1,54,58000,2,4,1,1198
4026,86,2015,93,350000.0,60,8,1,5.0,8,1,54,50000,5,4,1,1198
4027,66,2019,93,795000.0,60,8,0,5.0,8,1,54,32000,2,4,1,1199
4028,84,2020,301,4090000.0,177,1,0,5.0,8,1,11,9900,2,1,1,1995
4029,138,2017,68,470000.0,103,20,1,5.0,2,1,158,3721,4,4,1,1197
4030,57,2020,62,625000.0,59,9,1,5.0,2,1,73,16564,2,4,1,1197
4031,9,2019,356,7290000.000000001,305,1,0,5.0,7,1,20,34000,2,1,1,2993
4032,116,2022,67,794000.0,108,29,1,5.0,7,1,238,15992,2,4,1,1199
4033,138,2015,23,266000.0,28,20,1,5.0,2,1,138,91380,2,4,1,998
4034,9,2017,266,2390000.0,132,21,0,5.0,8,1,172,50000,2,4,1,1991
4035,116,2017,20,296000.0,23,20,1,5.0,2,1,138,47231,2,4,2,998
4036,138,2018,317,3090000.0,197,30,0,7.0,7,1,252,20500,2,1,1,2755
4037,9,2018,101,607000.0,140,20,1,5.0,7,1,162,89908,5,1,1,1248
4038,138,2018,276,4000000.0,215,21,0,5.0,7,1,179,60000,2,1,1,2143
4039,138,2018,201,2750000.0,170,1,0,5.0,7,1,17,34000,2,1,1,1995
4040,116,2022,93,740000.0,109,30,1,5.0,2,1,253,30000,5,4,1,1197
4041,110,2013,88,115000.0,64,5,1,5.0,2,1,42,120000,5,1,1,1248
4042,138,2010,26,167000.0,38,9,1,5.0,2,1,82,99100,5,4,1,1086
4043,8,2019,183,1475000.0,165,12,0,5.0,7,1,94,22000,2,4,1,1368
4044,138,2017,201,1995000.0,170,1,0,5.0,7,1,17,22120,4,1,1,1995
4045,116,2020,248,1265000.0,215,17,1,7.0,7,1,131,30120,2,1,1,2179
4046,116,2023,94,835000.0,105,27,0,7.0,4,1,215,4000,2,4,1,999
4047,138,2021,100,1095000.0,126,9,1,5.0,7,1,79,14800,2,1,1,1493
4048,138,2020,275,1950000.0,145,8,0,5.0,8,1,60,8120,2,4,1,1799
4049,57,2012,101,309000.0,86,9,1,5.0,2,1,83,54650,2,4,1,1197
4050,110,2010,26,205000.0,38,9,1,5.0,2,1,82,99343,2,4,1,1086
4051,138,2020,183,1698999.9999999998,165,12,1,5.0,7,1,94,22800,2,1,1,1956
4052,116,2014,29,303000.0,26,20,1,5.0,2,1,163,37961,2,4,2,998
4053,138,2016,20,264000.0,23,20,1,5.0,2,1,138,76751,5,4,2,998
4054,110,2021,159,1541000.0,151,16,0,5.0,7,1,111,24788,2,4,1,1349
4055,55,2010,283,400000.0,147,23,0,5.0,7,1,194,90000,5,4,2,2360
4056,116,2017,20,308000.0,23,20,1,5.0,2,1,138,70036,2,4,1,998
4057,8,2019,248,1000000.0,215,17,1,7.0,7,1,131,45500,2,1,2,2179
4058,9,2022,286,5700000.0,217,0,0,5.0,7,1,7,16000,2,4,1,1984
4059,110,2012,77,240000.0,85,9,1,5.0,2,1,83,75000,5,4,1,1197
4060,116,2012,390,2450000.0,208,21,0,5.0,8,1,184,19000,5,4,1,3498
4061,138,2014,148,1290000.0,134,21,0,5.0,2,1,168,40000,2,1,2,2143
4062,138,2019,317,3250000.0,268,11,0,5.0,8,1,91,20000,5,4,1,1999
4063,8,2013,203,440000.00000000006,73,8,0,5.0,8,1,58,61000,2,4,2,1497
4064,116,2013,248,670000.0,120,30,1,7.0,4,1,255,126000,5,1,1,2494
4065,86,2018,219,800000.0,96,20,0,5.0,8,1,144,30000,5,4,1,1373
4066,116,2019,182,921000.0,102,20,1,7.0,4,1,146,77293,5,4,1,1462
4067,57,2013,101,310000.0,73,20,1,5.0,8,1,159,110000,5,4,1,1197
4068,116,2019,20,358000.0,23,20,1,5.0,2,1,138,25502,2,4,1,998
4069,116,2016,42,390000.0,51,20,0,5.0,2,1,142,57120,2,4,1,998
4070,57,2016,307,1350000.0,180,30,0,8.0,4,1,256,97000,2,1,1,2755
4071,138,2017,29,345000.0,26,20,1,5.0,2,1,163,51868,4,4,1,998
4072,140,2010,26,208000.0,38,9,1,5.0,2,1,82,52725,2,4,1,1197
4073,86,2014,68,320000.0,103,20,1,5.0,2,1,158,50000,5,1,1,1248
4074,116,2012,26,210000.0,38,9,1,5.0,2,1,82,84929,2,4,1,1197
4075,138,2017,103,675000.0,100,8,1,5.0,7,1,64,42000,5,4,1,1199
4076,116,2019,204,1100000.0,129,20,0,6.0,4,1,165,21515,2,4,1,1462
4077,86,2015,355,1200000.0,270,0,0,5.0,8,1,4,50000,5,1,2,1968
4078,9,2020,278,5200000.0,215,21,0,5.0,7,1,179,42000,2,4,1,1991
4079,57,2019,48,440000.00000000006,50,29,1,5.0,2,1,242,53000,2,4,1,1199
4080,138,2016,45,385000.0,44,20,0,5.0,2,1,142,71000,5,4,1,998
4081,116,2019,93,720000.0,60,8,0,5.0,8,1,54,48000,2,4,1,1199
4082,138,2018,101,540000.0,110,20,1,5.0,2,1,139,56000,2,4,1,1197
4083,86,2018,101,825000.0,140,20,1,5.0,7,1,162,60000,5,1,1,1248
4084,86,2021,93,720000.0,117,29,1,5.0,2,1,225,50000,5,4,1,1199
4085,138,2016,29,230000.0,26,20,1,5.0,2,1,163,120000,5,0,1,998
4086,86,2011,52,200000.0,60,20,1,5.0,2,1,154,50000,5,4,2,1197
4087,55,2022,183,1160000.0,101,20,1,7.0,4,1,146,30000,5,0,1,1462
4088,138,2023,69,723000.0,101,20,1,5.0,2,1,158,3819,4,4,1,1197
4089,138,2020,99,806000.0,129,9,0,5.0,2,1,83,7825,6,4,1,1197
4090,55,2016,203,700000.0,73,8,1,5.0,8,1,58,70000,5,4,2,1497
4091,116,2019,42,507000.0,39,20,0,5.0,2,1,142,27436,6,4,1,998
4092,57,2013,140,499000.0,73,20,1,7.0,4,1,146,40673,2,4,1,1373
4093,86,2022,203,1300000.0,92,9,1,5.0,8,1,80,60000,5,1,1,1493
4094,138,2018,69,639000.0,101,20,0,5.0,2,1,158,33100,5,4,1,1197
4095,86,2009,219,130000.0,103,20,1,5.0,8,1,156,80000,5,4,2,1586
4096,110,2019,20,331000.0,23,20,1,5.0,2,1,138,57929,6,4,1,998
4097,9,2022,101,790000.0,130,9,1,5.0,2,1,83,8500,2,4,1,1197
4098,86,2011,192,376000.0,73,8,1,5.0,8,1,58,60000,5,4,1,1497
4099,86,2018,266,2650000.0,132,21,0,5.0,8,1,172,40000,5,1,1,2143
4100,86,2013,70,310000.0,73,20,1,5.0,2,1,158,120000,5,4,2,1197
4101,86,2018,266,2650000.0,132,21,0,5.0,8,1,172,40000,5,1,1,2143
4102,106,2011,283,570000.0,147,23,0,5.0,7,1,194,76000,2,4,1,2360
4103,9,2021,182,1065000.0,102,20,1,7.0,4,1,146,35000,2,0,1,1462
4104,33,2015,203,570000.0,73,8,1,5.0,8,1,58,19681,5,4,1,1497
4105,110,2012,144,150000.0,63,6,1,5.0,8,1,50,68866,5,4,2,1596
4106,86,2018,101,690000.0,140,20,1,5.0,7,1,162,100000,5,1,2,1248
4107,86,2016,219,550000.0,96,20,0,5.0,8,1,144,70000,5,4,2,1373
4108,116,2016,42,419000.00000000006,51,20,0,5.0,2,1,142,53338,2,4,1,998
4109,57,2017,93,506000.0,60,8,1,5.0,8,1,54,41558,4,4,1,1198
4110,86,2011,15,130000.0,22,20,1,5.0,2,1,136,10000,5,4,2,796
4111,9,2017,101,528000.0,110,20,1,5.0,2,1,139,25403,2,4,2,1197
4112,8,2014,203,608000.0,73,8,1,5.0,8,1,58,52800,4,4,1,1497
4113,138,2019,307,1750000.0,180,30,1,7.0,4,1,256,60000,5,1,1,2393
4114,116,2012,68,300000.0,103,20,1,5.0,2,1,158,92543,2,4,1,1197
4115,138,2015,355,1500000.0,270,0,0,5.0,8,1,4,28000,2,1,1,1968
4116,116,2011,26,178000.0,38,9,1,5.0,2,1,82,95525,2,4,2,1197
4117,57,2020,157,1325000.0,148,13,1,5.0,7,1,99,3200,2,1,1,1493
4118,138,2022,307,2600000.0,180,30,0,7.0,4,1,256,9000,2,4,1,2694
4119,138,2022,186,3100000.0,165,12,0,5.0,7,1,94,31000,2,1,1,1956
4120,116,2022,99,945000.0,139,20,1,5.0,7,1,141,23000,2,4,1,1462
4121,138,2023,69,700000.0,101,20,1,5.0,2,1,158,2700,2,4,1,1197
4122,138,2015,51,399000.0,52,9,1,5.0,2,1,72,30000,2,4,1,1197
4123,8,2017,102,556000.0,123,6,0,5.0,7,1,47,130000,5,4,2,1497
4124,86,2016,248,894999.9999999999,215,17,1,7.0,7,1,131,60000,5,1,1,1997
4125,57,2009,15,89999.0,26,2,1,5.0,2,1,30,12400,2,4,2,995
4126,84,2014,84,333000.0,61,31,1,5.0,2,1,264,79000,4,1,2,1498
4127,116,2020,275,1400000.0,145,8,0,5.0,8,1,60,32000,2,4,3,1799
4128,9,2011,83,324000.0,61,31,1,5.0,2,1,264,39368,2,4,1,1198
4129,116,2013,101,359000.0,86,9,1,5.0,2,1,83,49597,2,4,1,1197
4130,138,2011,342,950000.0,196,21,0,5.0,8,1,174,70000,2,4,2,1796
4131,116,2016,23,348000.0,28,20,0,5.0,2,1,138,34174,2,4,1,998
4132,9,2021,43,532000.0,65,20,1,5.0,2,1,151,11171,6,4,1,1197
4133,138,2014,381,1925000.0,300,0,0,7.0,7,1,8,68000,5,1,1,2967
4134,116,2010,192,228000.0,73,8,1,5.0,8,1,58,62545,4,4,1,1497
4135,57,2016,36,295000.0,41,20,1,5.0,2,1,163,94480,2,4,1,998
4136,116,2017,13,297000.0,27,20,1,5.0,2,1,137,19299,2,4,1,796
4137,86,2010,191,350000.0,72,8,1,5.0,8,1,58,60000,5,4,1,1497
4138,138,2017,142,1000000.0,134,9,0,5.0,7,1,68,34000,5,1,2,1582
4139,110,2020,51,360000.0,57,29,1,5.0,2,1,242,30000,5,4,1,1199
4140,138,2017,265,1850000.0,271,0,0,5.0,7,1,7,55000,5,1,1,1968
4141,86,2020,101,580000.0,103,20,0,5.0,8,1,159,120000,5,4,1,1197
4142,138,2017,103,650000.0,123,6,1,5.0,7,1,47,70000,5,4,2,1499
4143,86,2019,274,1430000.0,184,16,0,5.0,7,1,113,40000,5,4,2,1451
4144,86,2014,172,415000.00000000006,77,9,0,5.0,8,1,80,120000,5,1,2,1582
4145,86,2009,26,95000.0,38,9,1,5.0,2,1,82,70000,5,4,2,1197
4146,138,2023,101,1250000.0,123,20,0,5.0,7,1,148,1500,2,4,1,998
4147,86,2020,274,1600000.0,184,16,0,5.0,7,1,113,30000,5,4,1,1451
4148,138,2016,203,661000.0,73,8,0,5.0,8,1,58,53464,2,4,1,1497
4149,116,2016,51,398000.0,52,9,1,5.0,2,1,72,43216,5,4,2,1197
4150,138,2014,274,350000.0,241,29,1,7.0,7,1,239,70000,5,1,1,2179
4151,138,2022,51,700000.0,57,29,1,5.0,2,1,242,16372,4,0,1,1199
4152,116,2018,51,457000.0,52,9,1,5.0,2,1,72,14515,4,4,1,1197
4153,86,2019,203,1000000.0,93,9,0,5.0,8,1,80,30000,5,4,1,1591
4154,116,2012,70,295000.0,73,20,1,5.0,2,1,158,85617,4,4,1,1197
4155,86,2021,370,3450000.0,231,16,0,6.0,7,1,112,70000,5,1,1,1996
4156,9,2010,28,196000.0,26,20,1,5.0,2,1,163,76605,2,4,1,998
4157,55,2021,157,925000.0,148,13,1,5.0,7,1,99,20000,5,4,2,1497
4158,138,2022,101,1100000.0,139,13,1,5.0,7,1,100,10000,5,4,1,998
4159,86,2015,35,110000.0,38,2,1,5.0,2,1,24,70000,5,1,1,936
4160,86,2017,51,380000.0,52,9,1,5.0,2,1,72,80000,5,1,3,1186
4161,57,2023,87,1875000.0,197,17,0,4.0,7,1,128,4900,5,1,1,2184
4162,57,2017,68,435000.0,103,20,1,5.0,2,1,158,55000,2,4,1,1197
4163,55,2021,157,925000.0,148,13,1,5.0,7,1,99,20000,5,4,2,1497
4164,138,2018,345,10300000.0,307,14,0,5.0,7,1,107,35000,5,1,0,2993
4165,138,2014,44,2000000.0,62,22,0,4.0,2,1,188,22000,2,4,2,1598
4166,57,2019,101,740000.0,73,8,0,5.0,8,1,54,26000,5,4,1,1199
4167,116,2018,13,308000.0,27,20,1,5.0,2,1,137,21387,5,4,1,796
4168,138,2018,69,509000.0,101,20,1,5.0,2,1,158,64568,2,4,1,1197
4169,57,2022,131,1725000.0,120,31,0,5.0,7,1,266,25000,6,4,1,999
4170,8,2012,69,305000.0,101,20,1,5.0,2,1,158,73568,2,4,1,1197
4171,138,2014,68,349000.0,103,20,1,5.0,2,1,158,87755,2,4,1,1197
4172,116,2021,183,1920000.0,165,12,0,5.0,7,1,94,34000,2,1,1,1956
4173,116,2021,101,901000.0,130,9,0,5.0,2,1,85,25319,6,4,1,998
4174,57,2022,87,1575000.0,197,17,1,4.0,7,1,128,11000,4,4,1,1997
4175,9,2020,43,651000.0,67,20,0,5.0,2,1,151,23051,2,4,1,1197
4176,138,2021,274,1900000.0,184,16,0,5.0,7,1,113,4200,2,4,1,1451
4177,86,2012,70,300000.0,73,20,1,5.0,2,1,158,80000,5,4,3,1197
4178,86,2021,31,530000.0,48,9,1,5.0,2,1,75,20000,5,4,1,1086
4179,38,2018,307,1575000.0,180,30,1,8.0,4,1,256,70123,2,1,1,2393
4180,28,2016,203,735000.0,73,8,0,5.0,8,1,58,71156,2,4,1,1497
4181,86,2021,62,701000.0,59,9,0,5.0,2,1,73,10000,5,4,1,1197
4182,86,2015,140,550000.0,73,20,1,7.0,4,1,146,80000,5,1,1,1248
4183,8,2009,238,120000.0,96,5,1,5.0,8,1,40,30000,5,4,1,1368
4184,110,2017,32,490000.00000000006,60,8,0,5.0,2,1,56,36000,5,4,1,1198
4185,55,2017,40,205000.0,37,27,1,5.0,2,1,210,50000,5,4,3,799
4186,8,2022,100,1013000.0,169,17,1,5.0,7,1,130,30211,6,1,1,1497
4187,138,2019,101,615000.0,73,8,1,5.0,8,1,54,40000,5,4,1,1199
4188,84,2016,101,433000.0,110,20,1,5.0,2,1,139,72368,2,4,2,1197
4189,116,2018,103,607000.0,100,8,1,5.0,7,1,64,51260,4,1,2,1498
4190,138,2013,32,310000.0,60,8,1,5.0,2,1,56,30000,5,4,2,1198
4191,138,2018,87,564000.0,100,9,1,5.0,2,1,83,79166,2,4,1,1197
4192,8,2016,328,1500000.0,178,1,0,5.0,8,1,12,120000,5,1,2,1995
4193,138,2021,101,524000.0,45,4,1,7.0,4,1,35,10512,4,4,1,1198
4194,8,2016,328,1500000.0,178,1,0,5.0,8,1,12,110000,5,1,2,1995
4195,55,2015,82,345000.0,70,8,1,5.0,2,1,61,70000,5,4,2,1199
4196,110,2017,142,690000.0,134,9,1,5.0,7,1,68,30000,5,4,1,1591
4197,86,2021,93,730000.0,117,29,1,5.0,2,1,225,50000,5,4,1,1199
4198,86,2017,102,540000.0,123,6,1,5.0,7,1,47,100000,5,1,1,1498
4199,86,2014,15,210000.0,32,9,1,5.0,2,1,69,40000,5,4,1,814
4200,8,2018,142,935000.0,134,9,1,5.0,7,1,68,74000,4,1,1,1396
4201,8,2015,101,380000.0,73,6,1,5.0,8,1,46,60000,5,1,1,1498
4202,86,2019,255,1450000.0,219,29,1,5.0,7,1,228,120000,5,1,1,1956
4203,57,2011,26,200000.0,38,9,1,5.0,2,1,82,9545,5,4,1,1197
4204,86,2022,87,1730000.0,197,17,0,4.0,7,1,128,20000,5,4,1,1997
4205,110,2018,102,791000.0,123,6,1,5.0,7,1,47,36002,2,4,1,1497
4206,110,2021,101,779000.0,110,20,0,5.0,2,1,139,30854,2,4,2,1197
4207,50,2018,101,650000.0,103,20,1,5.0,8,1,159,45000,2,1,1,1248
4208,86,2019,69,482000.0,101,20,1,5.0,2,1,158,52654,5,4,1,1197
4209,116,2019,31,562000.0,48,9,1,5.0,2,1,75,34151,2,0,1,1086
4210,138,2017,40,310000.0,37,27,1,5.0,2,1,210,29000,2,4,1,999
4211,138,2019,203,892000.0,73,8,1,5.0,8,1,58,31873,2,4,1,1497
4212,110,2015,174,530000.0,77,9,1,5.0,8,1,80,24000,5,4,1,1591
4213,116,2016,101,549000.0,110,20,1,5.0,2,1,139,52129,2,4,1,1197
4214,116,2009,191,235000.0,72,8,1,5.0,8,1,58,82000,5,4,2,1497
4215,116,2015,219,595000.0,96,20,1,5.0,8,1,144,64000,5,4,1,1373
4216,9,2016,385,3850000.0,292,21,0,7.0,7,1,176,75000,2,1,1,2987
4217,138,2020,93,586000.0,106,27,1,7.0,4,1,215,50000,2,4,1,999
4218,9,2018,201,2025000.0,170,1,0,5.0,7,1,17,63000,2,1,1,1995
4219,110,2014,45,385000.0,44,20,0,5.0,2,1,142,63000,5,4,1,998
4220,14,2014,274,545000.0,241,29,1,7.0,7,1,239,79000,5,1,1,2179
4221,138,2012,32,295000.0,60,8,1,5.0,2,1,56,64000,4,4,1,1198
4222,138,2019,369,4975000.0,202,15,0,5.0,8,1,109,50236,5,4,1,2487
4223,138,2017,377,3950000.0,199,21,0,5.0,8,1,174,28000,2,1,1,1950
4224,9,2022,47,489000.0,36,27,1,5.0,2,1,210,6624,5,4,1,999
4225,86,2013,93,326000.0,60,8,1,5.0,8,1,54,48077,5,4,2,1198
4226,9,2016,304,1549000.0,188,0,0,5.0,8,1,3,36000,2,1,1,1968
4227,138,2016,87,547000.0,100,9,1,5.0,2,1,83,71355,5,4,1,1197
4228,9,2019,62,614000.0,59,9,0,5.0,2,1,73,76282,2,4,1,1197
4229,8,2018,398,5300000.0,279,11,0,5.0,8,1,93,40000,2,1,2,2993
4230,86,2017,51,445000.0,52,9,1,5.0,2,1,72,25091,2,4,1,1197
4231,116,2018,266,2200000.0,132,21,0,5.0,8,1,172,80000,2,1,1,2143
4232,116,2013,25,285000.0,38,9,1,5.0,2,1,82,42857,2,4,1,1197
4233,86,2017,101,600000.0,184,17,1,7.0,7,1,126,70000,5,1,1,1493
4234,57,2016,354,2350000.0,278,1,0,5.0,8,1,14,96000,2,1,1,1995
4235,138,2021,274,1675000.0,184,16,0,5.0,7,1,113,66999,2,4,1,1451
4236,110,2021,84,875000.0,61,31,0,5.0,2,1,264,69000,2,4,1,1197
4237,138,2018,266,2850000.0,132,21,0,5.0,8,1,172,33000,5,1,1,2143
4238,116,2014,261,695000.0,131,30,0,5.0,8,1,248,65000,2,4,1,1798
4239,57,2018,101,725000.0,110,20,0,5.0,2,1,139,49000,5,4,1,1197
4240,116,2010,342,790000.0,250,21,0,2.0,0,1,174,80000,2,4,2,3498
4241,116,2014,248,975000.0,123,30,1,7.0,4,1,255,88000,5,1,2,2494
4242,57,2014,101,500000.0,73,20,1,5.0,8,1,159,74000,5,1,1,1248
4243,110,2020,274,1650000.0,184,16,0,5.0,7,1,113,23000,5,4,1,1451
4244,116,2015,20,253000.0,23,20,1,5.0,2,1,138,32192,4,4,1,998
4245,138,2017,101,496000.0,101,20,1,5.0,8,1,159,53930,6,4,1,1197
4246,86,2017,102,510000.0,123,6,1,5.0,7,1,47,70000,5,4,2,1497
4247,110,2015,203,554000.0,73,8,1,5.0,8,1,58,47121,2,4,2,1497
4248,138,2014,298,1425000.0,187,30,0,7.0,7,1,252,65000,2,1,1,2982
4249,138,2017,87,485000.0,100,9,1,5.0,2,1,83,39000,5,4,2,1197
4250,86,2023,164,1425000.0,143,20,1,5.0,7,1,149,20000,5,0,1,1462
4251,86,2016,101,377000.0,52,9,1,5.0,8,1,81,150000,5,1,1,1120
4252,86,2009,28,100000.0,26,20,1,5.0,2,1,163,110000,5,4,3,1061
4253,86,2017,351,2250000.0,199,6,0,7.0,7,1,48,70000,5,1,2,3198
4254,86,2016,87,425000.0,100,9,1,5.0,2,1,83,80000,5,4,2,1197
4255,116,2016,68,415000.00000000006,103,20,1,5.0,2,1,158,40000,5,4,2,1197
4256,138,2021,134,1580000.0,120,28,0,5.0,7,1,218,20000,5,4,1,999
4257,57,2011,36,165000.0,41,20,1,5.0,2,1,163,74000,5,4,2,1197
4258,9,2018,360,3550000.0,284,1,0,5.0,8,1,14,62000,2,1,2,1995
4259,55,2009,49,86000.0,67,20,1,5.0,2,1,158,80000,5,4,1,1298
4260,86,2014,140,560000.0,73,20,1,7.0,4,1,146,100000,5,1,2,1248
4261,116,2020,101,634000.0,110,20,1,5.0,2,1,139,23256,4,4,1,1197
4262,9,2022,43,525000.0,65,20,1,5.0,2,1,151,29120,6,4,1,1197
4263,57,2018,102,660000.0,123,6,1,5.0,7,1,47,62000,5,1,1,1498
4264,86,2017,101,562000.0,103,20,1,5.0,8,1,159,90513,2,1,1,1248
4265,138,2018,142,1114000.0,134,9,1,5.0,7,1,68,49396,2,1,1,1582
4266,55,2008,261,100000.0,131,30,1,5.0,8,1,248,120000,5,4,2,1798
4267,138,2019,13,344000.0,27,20,1,5.0,2,1,137,18475,6,4,1,796
4268,138,2018,381,4750000.0,300,0,0,7.0,7,1,8,100000,5,1,2,2967
4269,116,2019,31,530000.0,48,9,1,5.0,2,1,75,27792,6,0,1,1086
4270,9,2019,360,4500000.0,284,1,0,5.0,8,1,14,55000,2,4,1,1998
4271,138,2011,191,278000.0,72,8,1,5.0,8,1,58,72000,5,4,1,1497
4272,8,2021,334,3050000.0,237,17,0,7.0,7,1,115,25000,5,1,1,2157
4273,110,2017,142,690000.0,134,9,1,5.0,7,1,68,40000,5,4,1,1591
4274,86,2014,140,550000.0,73,20,1,7.0,4,1,146,150000,5,1,1,1248
4275,86,2020,217,819999.9999999999,94,20,0,5.0,8,1,144,80000,5,4,1,1462
4276,86,2011,83,210000.0,61,31,1,5.0,2,1,264,120000,5,4,2,1598
4277,86,2013,248,399000.0,215,17,1,7.0,7,1,131,60000,5,1,1,2179
4278,86,2018,203,720000.0,73,8,1,5.0,8,1,58,70000,5,4,1,1497
4279,57,2014,51,340000.0,52,9,1,5.0,2,1,72,57100,2,4,1,1197
4280,86,2021,24,457000.0,29,20,1,4.0,2,1,155,45623,6,0,1,998
4281,86,2015,103,380000.0,123,6,1,5.0,7,1,47,100000,5,4,3,999
4282,110,2019,101,653000.0,103,20,0,5.0,8,1,159,7660,6,4,1,1197
4283,116,2016,101,426000.0,52,9,1,5.0,8,1,81,35272,2,1,1,1186
4284,9,2021,47,465000.00000000006,37,27,0,5.0,2,1,210,8526,2,4,1,999
4285,138,2011,101,245000.00000000003,86,9,1,5.0,2,1,83,62929,2,4,1,1197
4286,86,2010,15,80000.0,22,20,1,5.0,2,1,136,30000,5,0,2,796
4287,110,2017,68,432000.0,103,20,1,5.0,2,1,158,53127,4,4,2,1197
4288,57,2018,149,844999.9999999999,73,20,1,7.0,4,1,146,42000,2,4,1,1373
4289,86,2017,102,580000.0,123,6,1,5.0,7,1,47,20000,5,1,1,1498
4290,57,2013,28,235000.0,22,20,1,5.0,2,1,163,57000,2,4,1,998
4291,138,2013,29,270000.0,26,20,1,5.0,2,1,163,44000,2,4,1,998
4292,116,2015,102,625000.0,123,6,0,5.0,7,1,47,64000,2,4,1,1496
4293,116,2014,284,1050000.0,159,28,0,5.0,8,1,220,49000,2,4,1,1798
4294,86,2022,93,740000.0,109,30,1,5.0,2,1,253,30000,5,4,1,1197
4295,138,2017,284,1049000.0,159,28,1,5.0,8,1,220,37000,4,4,0,1395
4296,138,2018,87,570000.0,100,9,1,5.0,2,1,83,30000,2,4,2,1197
4297,86,2012,32,275000.0,60,8,1,5.0,2,1,56,90000,5,4,1,1198
4298,86,2014,7,250000.0,20,20,1,4.0,2,1,134,40000,5,4,2,796
4299,138,2019,183,1365000.0,165,12,0,5.0,7,1,94,64336,6,4,1,1368
4300,57,2016,84,429000.0,61,31,1,5.0,2,1,264,83425,2,4,1,1199
4301,138,2014,165,2190000.0,283,14,0,5.0,7,1,106,85000,2,1,3,2179
4302,116,2016,101,544000.0,73,20,1,5.0,8,1,159,66181,2,1,1,1248
4303,116,2019,14,336000.0,24,20,1,5.0,2,1,137,25486,2,4,2,796
4304,138,2017,287,3050000.0,253,21,0,5.0,8,1,171,35000,5,4,1,1991
4305,86,2016,69,449000.0,101,20,1,5.0,2,1,158,25489,2,4,1,1197
4306,138,2021,353,3800000.0,206,6,0,7.0,7,1,48,40000,2,1,2,1996
4307,9,2018,101,503000.0,110,20,1,5.0,2,1,139,85363,4,4,1,1197
4308,116,2009,219,125000.0,103,20,1,5.0,8,1,156,110000,5,4,3,1586
4309,116,2014,103,350000.0,123,6,1,5.0,7,1,47,40000,5,1,1,1498
4310,55,2018,345,9600000.0,307,14,0,5.0,7,1,107,40000,5,4,1,2995
4311,138,2023,87,1755000.0,49,20,0,4.0,7,1,152,1500,6,4,1,1462
4312,116,2009,219,125000.0,103,20,1,5.0,8,1,156,110000,5,4,3,1586
4313,116,2011,57,100000.0,60,6,1,5.0,2,1,51,80000,5,4,2,1196
4314,86,2022,101,850000.0,101,20,1,5.0,8,1,159,20000,5,0,1,1197
4315,138,2023,99,1200000.0,139,20,1,5.0,7,1,141,20000,5,4,1,1462
4316,138,2012,77,275000.0,85,9,1,5.0,2,1,83,62000,2,4,2,1197
4317,86,2010,252,425000.0,127,21,0,5.0,8,1,171,50000,5,4,4,1796
4318,86,2014,101,350000.0,73,20,1,5.0,8,1,159,90000,5,1,2,1248
4319,110,2011,26,221000.0,38,9,1,5.0,2,1,82,67985,2,4,1,1197
4320,57,2020,103,827999.9999999999,100,8,1,5.0,7,1,64,89722,2,1,1,1498
4321,86,2017,102,600000.0,123,6,1,5.0,7,1,47,80000,5,1,1,1498
4322,116,2020,307,1556000.0,180,30,0,7.0,4,1,256,49647,2,4,2,2694
4323,9,2020,94,517000.0,105,27,1,7.0,4,1,215,110490,6,4,1,999
4324,138,2012,129,325000.0,67,20,1,5.0,8,1,159,78000,2,4,2,1197
4325,57,2017,29,371000.0,26,20,1,5.0,2,1,163,51165,4,4,1,998
4326,138,2022,24,475000.0,29,20,1,5.0,2,1,155,14000,5,4,1,998
4327,116,2015,51,406000.0,52,9,1,5.0,2,1,72,50576,2,4,1,1197
4328,138,2021,204,1090000.0,130,20,1,6.0,4,1,165,55000,5,4,1,1462
4329,9,2019,100,890000.0,126,9,0,5.0,7,1,79,70000,5,4,1,998
4330,86,2009,28,100000.0,22,20,1,5.0,2,1,163,80000,5,4,2,1061
4331,14,2014,345,1890000.0,267,21,0,5.0,8,1,174,65000,2,4,1,1991
4332,138,2015,125,485000.0,110,17,1,7.0,7,1,116,90000,5,1,3,2523
4333,138,2016,209,840000.0,168,17,1,7.0,7,1,124,71000,2,1,1,1997
4334,86,2019,203,900000.0,73,8,0,5.0,8,1,58,60000,5,4,1,1497
4335,86,2021,101,950000.0,139,13,1,5.0,7,1,100,20000,5,4,1,1197
4336,86,2011,174,418000.0,77,9,1,5.0,8,1,80,60000,5,4,1,1591
4337,116,2019,142,1195000.0,134,9,1,5.0,7,1,68,38000,5,1,1,1582
4338,57,2023,370,4640000.0,231,16,0,6.0,7,1,112,7000,5,1,0,1996
4339,86,2022,84,1044000.0,61,31,0,5.0,2,2,264,20000,5,4,1,999
4340,110,2014,15,260000.0,32,9,1,5.0,2,2,69,85582,5,4,2,814
4341,86,2023,101,955000.0,127,9,1,5.0,7,2,79,10000,5,4,1,1197
4342,110,2017,101,671000.0,110,20,1,5.0,2,2,139,50750,5,4,1,1197
4343,86,2022,87,1900000.0,197,17,0,4.0,7,2,128,10000,5,4,1,1997
4344,138,2021,101,1178000.0,139,13,1,5.0,7,2,100,10000,5,4,1,998
4345,138,2017,42,489000.0,39,20,0,5.0,2,2,142,66366,6,4,1,998
4346,8,2022,203,1541000.0,93,9,0,5.0,8,2,80,5000,5,4,1,998
4347,138,2017,45,465000.00000000006,44,20,1,5.0,2,2,142,72544,4,4,1,998
4348,66,2021,79,728000.0,81,6,1,5.0,2,2,51,29154,4,4,1,1194
4349,84,2018,48,530000.0,50,29,0,5.0,2,2,242,70000,5,4,1,1199
4350,9,2021,12,466000.0,34,4,1,5.0,2,2,36,33730,5,4,1,999
4351,9,2020,47,457000.0,37,27,1,5.0,2,2,210,51113,2,4,1,999
4352,86,2013,83,350000.0,61,31,1,5.0,2,2,264,40000,5,1,2,1199
4353,86,2009,28,290000.0,22,20,1,5.0,2,2,163,40000,5,4,1,1061
4354,86,2020,201,3800000.0,170,1,0,5.0,7,2,17,60000,5,1,1,1995
4355,14,2014,36,375000.0,41,20,1,5.0,2,2,163,64500,2,4,1,998
4356,138,2020,36,600000.0,41,20,1,5.0,2,2,163,40000,5,4,1,998
4357,86,2018,183,1400000.0,165,12,1,5.0,7,2,94,80000,5,1,1,1956
4358,86,2019,183,1900000.0,165,12,1,5.0,7,2,94,50000,5,1,1,1956
4359,86,2020,101,740000.0,130,9,1,5.0,2,2,83,40000,5,4,1,998
4360,138,2020,101,766000.0,59,9,0,5.0,8,2,67,39886,4,4,2,1197
4361,138,2014,157,440000.00000000006,173,27,1,5.0,7,2,208,107588,5,1,1,1461
4362,110,2017,51,519000.00000000006,52,9,1,5.0,2,2,72,36621,5,4,1,1197
4363,86,2020,303,1600000.0,184,16,1,6.0,7,2,114,80000,5,1,1,1956
4364,57,2022,25,525000.0,29,20,1,5.0,2,2,155,18900,5,4,1,998
4365,138,2019,157,1108000.0,148,13,1,5.0,7,2,99,70754,6,1,1,1493
4366,57,2020,24,420000.0,29,20,1,5.0,2,2,155,59832,5,4,1,998
4367,110,2017,101,605000.0,103,20,1,5.0,8,2,159,60068,4,4,2,1197
4368,116,2018,13,326000.0,27,20,1,5.0,2,2,137,41261,2,4,1,796
4369,138,2020,102,950000.0,123,6,1,5.0,7,2,47,32209,5,4,1,1497
4370,14,2018,82,639000.0,70,8,1,5.0,2,2,61,75747,2,4,1,1199
4371,138,2018,87,712000.0,100,9,1,5.0,2,2,83,49241,5,4,2,1197
4372,86,2018,325,3000000.0,292,21,0,5.0,7,2,181,100000,5,1,2,2143
4373,138,2016,351,2250000.0,199,6,0,7.0,7,2,48,119422,5,1,1,3198
4374,9,2021,69,670000.0,101,20,1,5.0,2,2,158,33488,5,4,1,1197
4375,86,2021,87,1650000.0,197,17,1,4.0,7,2,128,30000,5,4,1,1997
4376,138,2022,93,875000.0,117,29,1,5.0,2,2,225,21000,4,4,1,1199
4377,57,2018,183,1600000.0,165,12,1,5.0,7,2,94,56545,5,1,1,1956
4378,9,2017,84,675000.0,61,31,1,5.0,2,2,264,64000,5,4,1,999
4379,138,2018,101,533000.0,61,31,1,5.0,8,2,260,71413,5,4,2,999
4380,110,2020,47,487000.0,37,27,1,5.0,2,2,210,31920,4,4,2,799
4381,8,2019,201,3390000.0,170,1,0,5.0,7,2,17,46000,2,1,1,1995
4382,110,2022,24,526000.0,29,20,1,5.0,2,2,155,9939,2,4,2,998
4383,9,2022,101,926000.0,110,20,1,5.0,2,2,139,7156,4,4,1,1197
4384,138,2018,196,850000.0,96,30,1,5.0,8,2,259,20608,2,4,1,1496
4385,57,2019,101,725000.0,103,20,1,5.0,8,2,159,92000,2,4,2,1197
4386,110,2018,42,501000.0,39,20,0,5.0,2,2,142,67553,2,4,2,998
4387,138,2017,101,577000.0,73,20,1,5.0,8,2,159,95286,4,4,1,1197
4388,116,2015,248,894999.9999999999,215,17,1,7.0,7,2,131,66000,2,1,1,2179
4389,116,2019,51,521000.0,52,9,1,5.0,2,2,72,35929,6,4,1,1197
4390,57,2016,209,650000.0,103,8,1,7.0,7,2,55,136035,2,4,1,1497
4391,116,2013,140,670000.0,73,20,1,7.0,4,2,146,93997,5,1,1,1248
4392,86,2018,189,775000.0,76,28,1,5.0,8,2,221,60000,5,4,1,1598
4393,110,2019,101,980000.0,140,20,1,5.0,7,2,162,52220,2,1,1,1248
4394,138,2019,218,830000.0000000001,95,20,1,5.0,8,2,144,61659,4,4,2,1462
4395,138,2020,101,750000.0,101,20,1,5.0,8,2,159,65000,5,4,1,1197
4396,110,2018,43,450000.0,103,17,1,6.0,2,2,120,120000,5,1,1,1198
4397,86,2017,68,600000.0,103,20,1,5.0,2,2,158,110000,5,1,2,1248
4398,110,2017,14,302000.0,28,20,1,5.0,2,2,137,78969,5,4,1,796
4399,116,2021,62,736000.0,59,9,1,5.0,2,2,73,38939,4,4,2,1197
4400,57,2019,43,480000.0,67,20,1,5.0,2,2,151,88637,2,4,1,1197
4401,110,2021,101,967000.0,130,9,1,5.0,2,2,83,19070,4,4,1,998
4402,116,2020,24,432000.0,29,20,1,5.0,2,2,155,68556,6,4,1,998
4403,110,2019,79,600000.0,81,6,1,5.0,2,2,51,44356,3,4,1,1194
4404,116,2016,101,610000.0,101,20,1,5.0,8,2,159,73143,4,4,1,1197
4405,8,2012,263,1250000.0,213,32,0,5.0,7,2,278,146769,5,1,1,1985
4406,116,2018,55,337000.0,45,4,1,5.0,2,2,34,67527,5,4,1,1198
4407,116,2019,31,527000.0,48,9,0,5.0,2,2,75,79467,2,4,1,1086
4408,138,2014,354,1750000.0,278,1,0,5.0,8,2,14,103174,5,1,1,1995
4409,138,2017,84,549000.0,61,31,1,5.0,2,2,264,103046,4,4,3,1199
4410,58,2017,91,270000.0,64,5,1,5.0,2,2,44,85110,3,4,2,1172
4411,106,2011,188,285000.0,78,29,1,5.0,8,2,234,114000,5,1,1,1248
4412,84,2017,162,975000.0,158,27,1,5.0,7,2,207,70000,5,1,1,1461
4413,9,2018,87,725000.0,100,9,1,5.0,2,2,83,72000,5,1,1,1396
4414,86,2023,101,955000.0,127,9,1,5.0,7,2,79,20000,5,4,1,1197
4415,138,2022,233,1850000.0,148,13,0,6.0,4,2,97,32000,4,1,1,1493
4416,86,2023,101,1010000.0,127,9,1,5.0,7,2,79,20000,5,4,1,1197
4417,8,2021,157,1750000.0,148,13,0,5.0,7,2,99,22500,5,4,1,1497
4418,110,2016,87,621000.0,100,9,1,5.0,2,2,83,54708,2,4,1,1197
4419,9,2017,101,633000.0,110,20,1,5.0,2,2,139,78031,2,4,1,1197
4420,138,2022,360,6900000.0,284,1,0,5.0,8,2,14,32000,2,1,1,1995
4421,116,2019,51,515000.00000000006,52,9,1,5.0,2,2,72,24337,6,4,2,1197
4422,9,2019,101,679000.0,110,20,1,5.0,2,2,139,82243,5,4,1,1197
4423,86,2022,153,1388000.0,140,9,1,5.0,7,2,68,20000,5,4,1,1497
4424,138,2017,43,609000.0,67,20,0,5.0,2,2,151,104701,2,4,2,1197
4425,116,2021,99,1000000.0,139,30,1,5.0,7,2,258,54000,2,4,2,1462
4426,110,2021,69,590000.0,101,20,1,5.0,2,2,158,118937,5,4,1,1197
4427,110,2017,68,570000.0,103,20,1,5.0,2,2,158,105133,5,1,1,1248
4428,86,2023,296,2650000.0,184,16,0,5.0,7,2,113,10000,5,4,1,1451
4429,14,2018,101,679000.0,103,20,0,5.0,8,2,159,36290,4,4,1,1197
4430,9,2018,87,640000.0,100,9,1,5.0,2,2,83,29084,5,4,1,1197
4431,138,2020,42,475000.0,39,20,1,5.0,2,2,142,66911,5,4,1,998
4432,86,2011,191,430000.0,72,8,0,5.0,8,2,58,110000,5,4,1,1497
4433,110,2022,164,1700000.0,142,20,1,5.0,7,2,149,7033,2,4,1,1462
4434,55,2021,131,1950000.0,120,31,1,5.0,7,2,266,40000,5,4,1,1498
4435,9,2014,248,700000.0,215,17,1,7.0,7,2,131,80000,5,1,2,2179
4436,57,2018,51,675000.0,52,9,0,5.0,2,2,72,22000,4,4,1,1197
4437,138,2018,55,430000.0,45,4,1,5.0,2,2,34,70200,5,4,1,1198
4438,116,2019,40,420000.0,37,27,1,5.0,2,2,210,60004,5,4,1,999
4439,86,2020,36,580000.0,41,20,1,5.0,2,2,163,60000,5,4,1,1197
4440,86,2013,26,334000.0,38,9,1,5.0,2,2,82,57078,4,4,2,1086
4441,116,2014,52,402000.0,60,20,1,5.0,2,2,154,63789,2,4,1,1197
4442,86,2016,35,240000.0,38,2,1,5.0,2,2,24,120000,5,1,1,936
4443,116,2018,218,734000.0,95,20,0,5.0,8,2,144,118207,6,1,2,1248
4444,138,2017,202,795000.0,71,8,1,5.0,8,2,58,53000,2,4,1,1497
4445,116,2016,101,570000.0,110,20,1,5.0,2,2,139,105224,2,4,2,1197
4446,138,2021,31,551000.0,48,9,1,5.0,2,2,75,20837,6,4,2,1086
4447,86,2010,77,280000.0,85,9,1,5.0,2,2,83,100000,5,4,2,1197
4448,9,2021,12,463000.0,34,4,1,5.0,2,2,36,24021,5,4,1,799
4449,57,2016,219,625000.0,96,20,1,5.0,8,2,144,61000,5,4,1,1373
4450,86,2013,268,800000.0,274,32,0,5.0,8,2,272,120000,5,1,2,1984
4451,8,2008,105,200000.0,6,6,1,5.0,8,2,49,64000,5,4,2,1596
4452,86,2011,15,170000.0,22,20,1,5.0,2,2,136,120000,5,4,1,796
4453,86,2022,131,1950000.0,120,31,1,5.0,7,2,266,30000,5,4,1,1498
4454,138,2018,13,325000.0,27,20,1,5.0,2,2,137,49000,5,4,1,796
4455,116,2018,247,750000.0,204,17,1,7.0,4,2,121,115000,5,1,1,1497
4456,86,2016,11,275000.0,24,20,1,5.0,2,2,137,50000,5,4,1,796
4457,86,2021,12,447000.0,34,4,1,5.0,2,2,36,18569,4,4,1,999
4458,138,2018,51,578000.0,52,9,1,5.0,2,2,72,98455,5,1,1,1186
4459,138,2015,179,600000.0,76,28,0,5.0,8,2,221,85000,5,1,1,1498
4460,14,2016,101,524000.0,61,31,1,5.0,8,2,260,97921,4,4,1,1198
4461,86,2020,12,402000.0,34,4,1,5.0,2,2,36,19205,4,4,2,999
4462,110,2019,68,667000.0,103,20,1,5.0,2,2,158,122000,5,1,2,1248
4463,9,2018,43,552000.0,67,20,1,5.0,2,2,151,97644,6,4,1,1197
4464,110,2010,26,265000.0,38,9,1,5.0,2,2,82,82000,5,4,1,1197
4465,116,2013,70,443000.0,73,20,1,5.0,2,2,158,70607,2,1,2,1248
4466,116,2016,174,721000.0,77,9,0,5.0,8,2,80,71144,5,4,1,1591
4467,138,2022,203,1550000.0,93,9,0,5.0,8,2,80,2373,2,4,1,1497
4468,86,2021,101,1092000.0,130,9,0,5.0,2,2,83,56753,6,4,1,998
4469,110,2018,101,890000.0,140,20,1,5.0,7,2,162,72000,5,1,1,1248
4470,79,2018,101,550000.0,110,20,1,5.0,2,2,139,64487,3,4,2,1197
4471,116,2017,101,609000.0,110,20,1,5.0,2,2,139,95783,4,4,1,1197
4472,9,2019,316,1450000.0,224,29,0,7.0,4,2,229,60000,5,1,2,2179
4473,110,2021,204,1100000.0,130,20,1,6.0,4,2,165,59108,2,4,1,1462
4474,86,2019,287,3800000.0,253,21,0,5.0,8,2,171,50000,5,1,2,1950
4475,116,2020,176,1199000.0,157,24,1,5.0,7,2,196,31500,2,4,2,1330
4476,138,2015,248,844999.9999999999,215,17,1,7.0,7,2,131,128193,2,1,1,2179
4477,138,2018,203,1013000.0,93,9,1,5.0,8,2,80,87810,6,1,1,1582
4478,116,2017,142,1008000.0,134,9,1,5.0,7,2,68,64951,2,4,2,1591
4479,110,2012,25,260000.0,30,9,1,5.0,2,2,76,50000,5,4,2,1086
4480,8,2017,142,1124000.0,134,9,1,5.0,7,2,68,97161,5,1,1,1582
4481,9,2017,101,609000.0,61,31,1,5.0,8,2,260,67805,6,4,1,1198
4482,138,2014,178,1450000.0,252,0,0,5.0,7,2,6,158000,5,1,2,1968
4483,116,2014,20,272000.0,23,20,1,5.0,2,2,138,70435,5,4,2,998
4484,110,2020,274,1500000.0,184,16,1,5.0,7,2,113,49287,2,1,1,1956
4485,110,2018,31,522000.0,48,9,0,5.0,2,2,75,84759,2,4,2,1086
4486,9,2017,101,623000.0,110,20,1,5.0,2,2,139,74538,2,4,2,1197
4487,138,2010,198,585000.0,163,17,1,8.0,7,2,124,53000,5,1,1,2179
4488,110,2017,14,298000.0,28,20,1,5.0,2,2,137,79024,5,4,2,796
4489,138,2016,30,400000.0,39,20,1,5.0,2,2,142,80000,5,1,1,793
4490,138,2019,377,4980000.0,199,21,0,5.0,8,2,174,56000,5,1,1,1950
4491,9,2018,142,1080000.0,134,9,1,5.0,7,2,68,62125,2,1,1,1582
4492,116,2014,74,520000.0,103,30,1,5.0,2,2,250,95596,2,1,1,1364
4493,138,2019,51,680000.0,52,9,1,5.0,2,2,72,18500,2,4,1,1197
4494,138,2016,68,500000.0,103,20,1,5.0,2,2,158,144000,5,1,2,1248
4495,14,2021,237,1199000.0,112,8,1,5.0,8,2,58,55200,5,4,1,1498
4496,96,2016,87,498000.00000000006,100,9,1,5.0,2,2,83,188058,3,1,1,1396
4497,110,2016,87,633000.0,100,9,1,5.0,2,2,83,71779,5,4,1,1197
4498,110,2015,203,562000.0,73,8,1,5.0,8,2,58,101176,5,4,3,1497
4499,138,2016,30,475000.0,39,20,1,5.0,2,2,142,75000,5,1,1,793
4500,110,2017,82,601000.0,70,8,1,5.0,2,2,61,66676,2,4,1,1199
4501,116,2018,13,352000.0,27,20,1,5.0,2,2,137,2236,5,4,1,796
4502,14,2019,335,2395000.0,238,17,0,7.0,7,2,115,62000,5,1,1,2157
4503,116,2012,26,300000.0,38,9,1,5.0,2,2,82,74754,5,4,2,1086
4504,9,2018,101,720000.0,110,20,1,5.0,2,2,139,66244,5,4,1,1197
4505,116,2022,47,541000.0,36,27,1,5.0,2,2,210,17341,5,4,1,999
4506,138,2018,51,514000.0,52,9,1,5.0,2,2,72,44675,5,4,1,1197
4507,57,2022,93,780000.0,109,20,1,5.0,2,2,139,30829,2,4,1,1197
4508,86,2015,101,400000.0,84,29,1,5.0,8,2,245,100000,5,4,2,1193
4509,9,2019,218,995000.0,95,20,1,5.0,8,2,144,53800,5,1,1,1498
4510,138,2017,142,940000.0,134,9,1,5.0,7,2,68,122000,5,1,1,1396
4511,138,2017,248,1490000.0,215,17,1,7.0,7,2,131,107220,5,1,1,2179
4512,138,2015,203,580000.0,73,8,1,5.0,8,2,58,129000,5,1,1,1498
4513,116,2017,386,6695000.0,292,21,0,7.0,7,2,182,60000,4,1,1,2987
4514,116,2018,10,375000.0,33,4,1,5.0,2,2,36,83829,5,4,1,999
4515,86,2017,265,3000000.0,271,0,0,5.0,7,2,7,70000,5,1,1,1968
4516,138,2013,32,314000.0,60,8,1,5.0,2,2,56,52996,5,4,2,1198
4517,116,2021,47,556000.0,37,27,0,5.0,2,2,210,16105,5,4,2,999
4518,8,2016,252,2850000.0,127,21,1,5.0,8,2,171,151901,5,1,1,2148
4519,138,2021,101,787000.0,110,20,1,5.0,2,2,139,15680,6,4,1,1197
4520,9,2019,69,595000.0,101,20,0,5.0,2,2,158,55065,5,4,1,1197
4521,116,2016,72,400000.0,73,30,1,5.0,2,2,251,120000,5,1,2,1364
4522,138,2021,51,771000.0,57,29,0,5.0,2,2,242,15518,4,4,2,1199
4523,110,2018,101,790000.0,73,8,0,5.0,8,2,54,39907,5,1,1,1498
4524,116,2017,87,655000.0,100,9,1,5.0,2,2,83,45560,6,4,1,1197
4525,140,2012,26,336000.0,38,9,1,5.0,2,2,82,42096,5,4,1,1197
4526,30,2015,266,1775000.0,132,21,0,5.0,8,2,172,70500,5,1,2,2143
4527,116,2018,203,832000.0,73,8,1,5.0,8,2,58,63886,5,4,1,1497
4528,3,2017,316,1025000.0,224,29,1,7.0,4,2,229,95600,5,1,1,2179
4529,116,2013,345,1995000.0,267,21,0,5.0,8,2,174,101000,5,1,1,2143
4530,138,2015,345,2650000.0,267,21,0,5.0,8,2,174,61000,5,1,1,2143
4531,138,2016,213,2450000.0,264,1,0,5.0,7,2,17,95000,5,1,1,1995
4532,8,2017,180,2550000.0,252,0,0,5.0,7,2,6,97000,5,1,1,1968
4533,110,2016,68,595000.0,103,20,1,5.0,2,2,158,61000,5,1,1,1248
4534,57,2017,51,625000.0,52,9,0,5.0,2,2,72,18000,5,4,1,1197
4535,57,2016,51,599000.0,52,9,0,5.0,2,2,72,63000,5,4,1,1197
4536,110,2018,101,615000.0,110,20,1,5.0,2,2,139,52617,4,4,2,1197
4537,138,2019,42,514000.0,51,20,1,5.0,2,2,142,51865,5,4,1,998
4538,138,2017,180,2375000.0,252,0,1,5.0,7,2,6,93000,5,1,1,1968
4539,110,2015,69,458000.0,101,20,1,5.0,2,2,158,110410,2,4,1,1197
4540,14,2017,219,700000.0,96,20,0,5.0,8,2,144,55846,4,4,1,1373
4541,9,2020,47,515000.00000000006,37,27,1,5.0,2,2,210,47000,5,4,1,999
4542,9,2018,102,822000.0000000001,123,6,1,5.0,7,2,47,39914,5,4,1,1497
4543,7,2010,25,265000.0,30,9,1,5.0,2,2,76,73000,5,4,1,1086
4544,138,2016,87,579000.0,100,9,1,5.0,2,2,83,88048,5,4,1,1197
4545,110,2013,26,318000.0,38,9,1,5.0,2,2,82,92278,4,4,2,1197
4546,116,2003,195,435000.0,41,30,1,8.0,7,2,257,260000,5,1,1,2446
4547,14,2016,203,643000.0,73,8,1,5.0,8,2,58,92960,2,4,1,1497
4548,138,2020,93,750000.0,117,29,1,5.0,2,2,225,63000,5,4,1,1199
4549,9,2021,94,825000.0,113,27,0,5.0,7,2,211,20000,5,4,1,999
4550,45,2022,186,2675000.0,165,12,0,5.0,7,2,94,7000,2,4,1,1368
4551,114,2022,25,610000.0,29,20,0,5.0,2,2,155,4600,2,4,1,998
4552,76,2021,203,1090000.0,73,8,1,5.0,8,2,58,22800,2,4,1,1497
4553,86,2006,105,100000.0,6,6,1,5.0,8,2,49,150000,5,1,1,1399
4554,138,2020,101,625000.0,73,20,1,5.0,8,2,160,10000,5,4,1,1197
4555,86,2010,57,185000.0,60,6,1,5.0,2,2,51,70000,5,4,2,1196
4556,116,2020,13,357000.0,27,20,1,5.0,2,2,137,44790,5,4,1,796
4557,138,2022,24,547000.0,29,20,1,5.0,2,2,155,14213,4,4,1,998
4558,57,2018,101,800000.0,140,20,1,5.0,7,2,162,102000,2,1,2,1248
4559,138,2012,26,311000.0,38,9,1,5.0,2,2,82,40724,5,4,3,1197
4560,116,2017,101,570000.0,110,20,1,5.0,2,2,139,55724,5,4,2,1197
4561,86,2010,129,300000.0,67,20,1,5.0,8,2,159,100000,5,4,1,1298
4562,116,2017,14,332000.0,28,20,1,5.0,2,2,137,85396,4,4,1,796
4563,86,2016,101,510000.0,110,20,1,5.0,2,2,139,50000,5,4,2,1197
4564,110,2016,11,325000.0,24,20,1,5.0,2,2,137,27136,2,4,1,796
4565,138,2019,80,644000.0,104,6,1,5.0,2,2,52,44591,6,4,1,1194
4566,8,2021,291,8200000.0,253,21,0,4.0,1,2,171,6000,5,4,1,2996
4567,86,2018,43,528000.0,67,20,1,5.0,2,2,151,20034,2,4,1,1197
4568,86,2012,25,260000.0,30,9,1,5.0,2,2,76,50000,5,4,2,1086
4569,138,2022,233,1150000.0,148,13,1,7.0,4,2,97,47529,2,4,1,1497
4570,9,2017,101,740000.0,110,20,0,5.0,2,2,139,46739,2,4,1,1197
4571,86,2012,172,410000.0,77,9,1,5.0,8,2,80,150000,5,1,2,1582
4572,57,2019,45,599000.0,44,20,0,5.0,2,2,143,62000,5,4,1,998
4573,116,2021,204,1125000.0,130,20,1,6.0,4,2,165,45000,5,4,1,1462
4574,44,2020,237,1299000.0,112,8,0,5.0,8,2,58,36000,5,4,1,1498
4575,86,2019,203,1050000.0,73,8,1,5.0,8,2,58,40000,5,4,1,1497
4576,110,2020,10,416000.0,33,4,1,5.0,2,2,36,15850,2,4,1,999
4577,86,2017,101,642000.0,103,20,0,5.0,8,2,159,62535,5,4,1,1197
4578,110,2018,101,849000.0,140,20,1,5.0,7,2,162,94600,2,1,1,1248
4579,8,2013,101,434000.0,101,20,1,5.0,8,2,159,80375,5,4,2,1197
4580,116,2012,32,276000.0,60,8,1,5.0,2,2,56,97935,2,4,3,1198
4581,102,2019,87,710000.0,100,9,1,5.0,2,2,83,38300,2,4,1,1197
4582,9,2017,101,580000.0,110,20,1,5.0,2,2,139,81917,6,4,1,1197
4583,110,2016,101,575000.0,110,20,1,5.0,2,2,139,69000,2,4,1,1197
4584,116,2016,51,498000.00000000006,52,9,1,5.0,2,2,72,43566,2,4,2,1197
4585,138,2015,87,533000.0,100,9,1,5.0,2,2,83,94201,5,4,2,1197
4586,9,2017,101,699000.0,110,20,0,5.0,2,2,139,50000,5,4,1,1197
4587,110,2019,48,520000.0,50,29,1,5.0,2,2,242,40689,6,4,1,1199
4588,110,2018,101,720000.0,73,8,1,5.0,8,2,54,35849,2,4,1,1199
4589,16,2021,274,1800000.0,184,16,1,5.0,7,2,113,15833,6,1,1,1956
4590,86,2011,241,380000.0,125,28,1,5.0,8,2,219,90000,5,1,2,1968
4591,57,2019,87,749000.0,100,9,1,5.0,2,2,83,62000,4,4,1,1197
4592,86,2017,23,330000.0,28,20,1,5.0,2,2,138,40000,5,4,3,998
4593,9,2021,281,2195000.0,220,29,0,6.0,7,2,236,20000,2,1,1,1956
4594,86,2022,60,700000.0,57,29,1,5.0,2,2,243,10000,5,4,1,1199
4595,138,2016,87,645000.0,100,9,1,5.0,2,2,83,69552,5,4,1,1197
4596,57,2018,40,391000.0,37,27,0,5.0,2,2,210,97610,4,4,1,999
4597,14,2012,203,509000.0,73,8,0,5.0,8,2,58,74914,4,4,2,1497
4598,50,2022,256,2275000.0,220,29,0,5.0,7,2,228,41000,5,1,1,1956
4599,116,2015,87,516000.0,100,9,1,5.0,2,2,83,101887,2,4,2,1197
4600,138,2012,28,312000.0,22,20,1,5.0,2,2,163,42217,2,4,2,998
4601,57,2019,183,1975000.0,165,12,0,5.0,7,2,94,63000,5,4,1,1368
4602,116,2016,42,434000.0,51,20,0,5.0,2,2,142,80315,4,4,2,998
4603,110,2013,28,375000.0,22,20,1,5.0,2,2,163,55000,4,4,1,998
4604,84,2019,55,432000.0,45,4,1,5.0,2,2,34,64447,5,4,1,1198
4605,110,2019,62,688000.0,59,9,0,5.0,2,2,73,76947,4,4,1,1197
4606,14,2018,10,350000.0,33,4,1,5.0,2,2,36,23110,5,4,1,799
4607,110,2018,51,496000.0,52,9,1,5.0,2,2,72,40235,5,4,2,1197
4608,57,2017,68,630000.0,103,20,1,5.0,2,2,158,48992,5,4,1,1197
4609,57,2019,51,685000.0,52,9,0,5.0,2,2,72,21000,5,4,1,1197
4610,9,2021,223,3200000.0,276,3,0,5.0,7,2,33,30465,2,1,1,1997
4611,86,2022,42,630000.0,51,20,1,5.0,2,2,142,50000,5,0,1,998
4612,86,2015,179,550000.0,62,8,1,7.0,4,2,62,90000,5,4,2,1497
4613,110,2014,179,520000.0,62,8,1,7.0,4,2,62,136083,2,1,1,1498
4614,8,2007,181,250000.0,73,8,1,5.0,8,2,58,90000,5,4,2,1497
4615,86,2019,101,1000000.0,140,20,1,5.0,7,2,162,100000,5,1,1,1248
4616,116,2018,43,496000.0,67,20,1,5.0,2,2,151,39817,6,4,2,1197
4617,14,2017,219,788000.0,96,20,1,5.0,8,2,144,54063,4,1,1,1248
4618,9,2021,101,995000.0,130,9,1,5.0,2,2,85,37000,2,4,1,998
4619,84,2013,51,416000.0,52,9,1,5.0,2,2,72,67372,5,4,1,1197
4620,116,2019,14,344000.0,24,20,1,5.0,2,2,137,76685,4,4,1,796
4621,138,2014,70,450000.0,73,20,1,5.0,2,2,158,115595,2,1,1,1248
4622,8,2019,84,523000.00000000006,61,31,1,5.0,2,2,264,89956,4,4,2,999
4623,86,2011,129,340000.0,67,20,1,5.0,8,2,159,120000,5,1,2,1248
4624,116,2019,51,520000.0,52,9,1,5.0,2,2,72,87189,5,4,1,1197
4625,110,2019,69,628000.0,101,20,1,5.0,2,2,158,42662,2,4,1,1197
4626,138,2014,68,525000.0,103,20,1,5.0,2,2,158,69000,5,1,1,1248
4627,116,2019,31,514000.0,48,9,0,5.0,2,2,75,63002,5,4,1,1086
4628,138,2018,312,1700000.0,182,31,0,5.0,8,2,263,120000,5,1,1,1968
4629,110,2008,155,290000.0,73,9,1,5.0,8,2,80,108000,5,4,1,1599
4630,138,2020,248,950000.0,205,17,1,7.0,4,2,121,110000,5,1,2,1497
4631,84,2018,203,900000.0,93,9,1,5.0,8,2,80,40022,3,4,2,1591
4632,151,2019,101,750000.0,110,20,1,5.0,2,2,139,81000,5,1,1,1248
4633,86,2011,189,300000.0,79,29,1,5.0,8,2,234,70000,5,1,1,1248
4634,110,2019,101,980000.0,184,17,1,7.0,7,2,126,46000,5,1,1,1493
4635,9,2018,69,675000.0,101,20,0,5.0,2,2,158,45911,5,4,1,1197
4636,86,2016,203,616000.0,73,8,1,5.0,8,2,58,87335,2,4,1,1497
4637,56,2004,120,550000.0,31,20,1,8.0,7,2,150,15600,5,4,3,1298
4638,110,2018,102,814000.0,123,6,1,5.0,7,2,47,41108,2,4,2,1497
4639,9,2019,101,750000.0,110,20,1,5.0,2,2,139,35545,5,4,1,1197
4640,86,2017,101,450000.0,52,9,1,5.0,8,2,81,120000,5,1,1,1120
4641,110,2016,51,498000.00000000006,52,9,1,5.0,2,2,72,54631,2,4,1,1197
4642,66,2015,219,650000.0,96,20,1,5.0,8,2,144,107000,5,1,1,1248
4643,116,2019,51,527000.0,52,9,1,5.0,2,2,72,38471,5,4,2,1197
4644,110,2015,29,329000.0,26,20,1,5.0,2,2,163,72393,2,4,2,998
4645,57,2015,57,350000.0,60,6,1,5.0,2,2,51,58000,5,4,1,1196
4646,116,2018,31,541000.0,48,9,1,5.0,2,2,75,20266,2,4,1,1086
4647,86,2012,101,340000.0,86,9,1,5.0,2,2,83,120000,5,1,3,1396
4648,86,2008,25,185000.0,30,9,1,5.0,2,2,76,90000,5,4,2,1086
4649,57,2017,142,1125000.0,134,9,1,5.0,7,2,68,84910,5,1,1,1582
4650,138,2020,202,1000000.0,71,8,1,5.0,8,2,58,70000,5,4,1,1497
4651,86,2018,43,450000.0,103,17,1,5.0,2,2,120,120000,5,1,2,1198
4652,116,2016,101,445000.0,52,9,1,5.0,8,2,81,120000,5,1,2,1120
4653,138,2018,142,1195000.0,134,9,1,5.0,7,2,68,109000,2,1,1,1582
4654,138,2016,45,440000.00000000006,44,20,1,5.0,2,2,142,44000,5,4,1,998
4655,116,2019,45,503000.0,44,20,1,5.0,2,2,143,44363,6,4,1,998
4656,116,2018,101,702000.0,103,20,0,5.0,8,2,159,39461,2,4,1,1197
4657,86,2012,338,1175000.0,173,21,0,5.0,8,2,174,120000,5,1,2,2148
4658,9,2018,101,690000.0,110,20,1,5.0,2,2,139,59126,2,4,1,1197
4659,116,2018,51,520000.0,52,9,1,5.0,2,2,72,65331,5,4,1,1197
4660,110,2017,101,699000.0,110,20,1,5.0,2,2,139,45000,5,4,1,998
4661,116,2013,69,436000.00000000006,101,20,1,5.0,2,2,158,41378,5,4,2,1197
4662,86,2013,189,250000.0,79,29,1,5.0,8,2,234,120000,5,1,1,1248
4663,110,2014,203,502000.0,73,8,1,5.0,8,2,58,124781,2,4,1,1497
4664,116,2016,69,510000.0,101,20,1,5.0,2,2,158,63313,5,4,1,1197
4665,116,2016,101,660000.0,110,20,1,5.0,2,2,139,62535,5,1,1,1248
4666,110,2017,101,599000.0,110,20,1,5.0,2,2,139,89581,5,4,1,1197
4667,86,2011,144,250000.0,63,6,1,5.0,8,2,50,120000,5,1,2,1399
4668,9,2017,317,3400000.0,268,11,0,5.0,8,2,91,78866,5,1,1,1999
4669,55,2014,279,750000.0,133,31,0,5.0,8,2,262,120000,5,1,2,1968
4670,66,2018,248,1595000.0,215,17,1,7.0,7,2,131,58000,5,1,1,2179
4671,57,2012,36,310000.0,41,20,1,5.0,2,2,163,90000,5,4,1,998
4672,9,2017,101,675000.0,110,20,1,5.0,2,2,139,59000,6,4,1,998
4673,138,2013,396,3500000.0,281,11,0,4.0,8,2,93,66000,5,1,1,2993
4674,86,2011,315,1200000.0,227,21,0,5.0,7,2,183,100000,5,1,3,2987
4675,110,2019,24,392000.0,29,20,1,5.0,2,2,155,99003,2,4,1,998
4676,116,2019,24,401000.0,29,20,1,5.0,2,2,155,76003,5,4,1,998
4677,86,2017,265,4200000.0,271,0,0,5.0,7,2,7,70000,5,1,1,1968
4678,116,2017,101,581000.0,110,20,1,5.0,2,2,139,101863,5,4,3,1197
4679,138,2018,181,909000.0,76,31,0,5.0,8,2,269,107344,2,1,1,1498
4680,86,2011,315,2400000.0,227,21,0,5.0,7,2,183,100000,5,1,3,2987
4681,110,2018,51,543000.0,52,9,1,5.0,2,2,72,56129,5,4,1,1197
4682,110,2019,149,1100000.0,73,20,1,7.0,4,2,146,70599,2,1,1,1248
4683,138,2018,101,743000.0,73,8,0,5.0,8,2,54,97208,2,1,1,1498
4684,110,2020,189,997000.0,76,28,1,5.0,8,2,221,53509,4,4,2,999
4685,138,2017,183,1599000.0,165,12,1,5.0,7,2,94,52000,5,1,1,1956
4686,138,2021,101,811000.0,130,9,1,5.0,2,2,83,97621,5,4,1,1197
4687,110,2009,26,250000.0,38,9,1,5.0,2,2,82,113000,5,4,1,1086
4688,110,2008,114,650000.0,13,30,1,8.0,4,2,255,152000,5,1,1,2494
4689,138,2018,153,975000.0,136,20,1,5.0,7,2,157,78000,5,1,1,1248
4690,138,2011,297,1199000.0,260,0,0,5.0,8,2,3,93000,5,1,1,1968
4691,116,2001,390,999000.0,207,21,1,5.0,8,2,184,48000,5,4,1,2987
4692,18,2013,154,525000.0,60,2,1,7.0,4,2,27,55000,5,1,1,1248
4693,138,2012,129,420000.0,67,20,1,5.0,8,2,159,131852,5,1,1,1248
4694,86,2021,68,600000.0,103,20,1,5.0,2,2,158,20000,5,4,1,1197
4695,9,2019,157,996000.0,173,27,1,5.0,7,2,208,44416,5,1,1,1461
4696,110,2012,32,311000.0,60,8,1,5.0,2,2,56,69408,2,4,3,1198
4697,8,2022,131,1700000.0,120,31,1,5.0,7,2,266,10000,5,4,1,999
4698,9,2016,101,572000.0,110,20,1,5.0,2,2,139,78911,2,4,2,1197
4699,110,2017,55,307000.0,45,4,1,5.0,2,2,34,85298,6,4,1,1198
4700,138,2014,203,454000.0,73,8,1,5.0,8,2,58,60529,4,4,1,1497
4701,116,2017,189,775000.0,76,28,1,5.0,8,2,221,115276,2,1,2,1498
4702,86,2019,101,850000.0,140,20,0,5.0,7,2,162,60000,5,1,1,1248
4703,138,2020,167,907000.0,171,27,1,5.0,7,2,208,30241,5,4,1,1498
4704,86,2019,31,509000.0,48,9,1,5.0,2,2,75,24197,2,4,1,1086
4705,86,2022,187,4800000.0,253,21,0,5.0,7,2,177,20000,5,4,1,1332
4706,138,2021,101,940000.0,130,9,1,5.0,2,2,85,44981,4,4,1,998
4707,66,2011,53,227000.0,55,24,1,5.0,2,2,198,85497,2,1,2,1461
4708,86,2022,286,6200000.0,217,0,0,5.0,7,2,7,20000,5,4,1,1984
4709,86,2019,101,650000.0,110,20,1,5.0,2,2,139,30000,5,4,1,1197
4710,57,2017,68,580000.0,103,20,1,5.0,2,2,158,80000,5,1,1,1248
4711,138,2017,32,595000.0,60,8,0,5.0,2,2,56,41000,5,4,1,1198
4712,8,2017,142,1100000.0,134,9,0,5.0,7,2,68,73000,5,1,1,1582
4713,86,2022,101,770000.0,101,20,1,5.0,8,2,159,40000,5,4,1,1197
4714,110,2018,68,695000.0,103,20,1,5.0,2,2,158,27000,2,4,1,1197
4715,116,2018,48,496000.0,50,29,1,5.0,2,2,242,57380,2,4,3,1199
4716,116,2018,242,1261000.0,148,9,0,5.0,8,2,70,81334,4,1,1,1582
4717,86,2022,101,875000.0,101,20,1,5.0,8,2,159,70000,5,0,1,1197
4718,110,2021,96,928000.0,154,29,1,5.0,7,2,237,32483,5,1,1,1497
4719,9,2016,101,803999.9999999999,140,20,1,5.0,7,2,162,71220,5,1,2,1248
4720,8,2021,101,1100000.0,139,13,1,5.0,7,2,100,17459,3,4,1,998
4721,138,2023,99,1275000.0,139,20,1,5.0,7,2,141,6517,2,4,1,1462
4722,8,2018,142,950000.0,134,9,1,5.0,7,2,68,70427,2,1,1,1396
4723,57,2018,23,400000.0,24,20,0,5.0,2,2,138,52306,2,4,1,998
4724,138,2015,177,550000.0,76,31,0,5.0,8,2,269,111670,2,1,1,1498
4725,86,2019,36,475000.0,41,20,1,5.0,2,2,163,40000,5,4,1,998
4726,116,2017,101,720000.0,120,9,1,5.0,2,2,84,67000,5,1,1,1396
4727,9,2018,360,4050000.0,284,1,0,5.0,8,2,14,77000,5,1,1,1995
4728,8,2016,348,3875000.0,234,1,0,5.0,7,2,20,71000,5,1,1,2993
4729,116,2012,203,417000.0,73,8,1,5.0,8,2,58,88471,4,4,3,1497
4730,116,2018,51,532000.0,52,9,1,5.0,2,2,72,88479,4,1,1,1186
4731,9,2020,204,1150000.0,130,20,1,6.0,4,2,165,39000,5,4,1,1462
4732,9,2018,181,944000.0,76,31,0,5.0,8,2,269,50003,2,1,1,1498
4733,86,2017,51,501000.0,52,9,1,5.0,2,2,72,82163,2,4,1,1197
4734,138,2022,93,850000.0,109,20,1,5.0,2,2,139,40000,5,4,1,1197
4735,86,2016,69,472000.0,101,20,1,5.0,2,2,158,108560,5,4,1,1197
4736,8,2014,248,860000.0,215,17,1,7.0,7,2,131,70000,5,1,1,2179
4737,14,2021,12,469000.00000000006,34,4,1,5.0,2,2,36,28292,4,4,1,999
4738,116,2017,11,289000.0,24,20,1,5.0,2,2,137,117467,2,4,1,796
4739,66,2019,101,690000.0,110,20,1,5.0,2,2,139,65000,5,4,1,1197
4740,110,2012,26,321000.0,38,9,1,5.0,2,2,82,60541,4,4,1,1197
4741,116,2015,103,575000.0,123,6,1,5.0,7,2,47,60000,5,4,1,999
4742,138,2019,203,890000.0,73,8,1,5.0,8,2,58,76355,5,4,1,1497
4743,86,2021,24,525000.0,29,20,0,5.0,2,2,155,60000,5,4,1,998
4744,86,2019,163,900000.0,173,24,1,5.0,7,2,201,50000,5,1,1,1461
4745,116,2019,274,1650000.0,184,16,1,5.0,7,2,113,96000,5,1,1,1956
4746,110,2020,100,1120000.0,169,17,1,5.0,7,2,130,63000,5,1,1,1497
4747,9,2020,62,599000.0,59,9,1,5.0,2,2,73,40000,5,4,1,1197
4748,86,2021,100,1020000.0,126,9,1,5.0,7,2,79,30000,5,4,1,998
4749,116,2014,101,443000.0,101,20,1,5.0,8,2,159,101543,2,4,1,1197
4750,9,2016,101,644000.0,110,20,1,5.0,2,2,139,66424,2,4,1,1197
4751,86,2020,151,750000.0,135,20,1,5.0,7,2,157,120000,5,4,1,1462
4752,84,2018,48,519000.00000000006,50,29,1,5.0,2,2,242,33433,5,4,1,1199
4753,110,2016,87,695000.0,100,9,1,5.0,2,2,83,72169,5,1,1,1396
4754,14,2018,203,981000.0,73,8,0,5.0,8,2,58,48175,4,4,1,1497
4755,140,2014,45,425000.0,44,20,1,5.0,2,2,142,73452,5,4,1,998
4756,138,2020,274,1537000.0,184,16,0,5.0,7,2,113,54807,4,4,1,1451
4757,9,2017,13,323000.0,27,20,1,5.0,2,2,137,47118,2,4,1,796
4758,55,2017,98,700000.0,156,29,1,5.0,7,2,237,100000,5,4,1,1198
4759,138,2021,98,809000.0,118,24,1,5.0,7,2,197,41192,6,4,1,999
4760,86,2019,255,1785000.0000000002,219,29,1,5.0,7,2,228,70000,5,1,1,1956
4761,110,2016,351,2650000.0,199,6,0,7.0,7,2,48,105264,5,1,1,3198
4762,14,2012,244,1195000.0,168,8,0,5.0,7,2,57,70000,5,4,1,2354
4763,110,2017,168,4800000.0,283,14,0,5.0,7,2,106,50380,5,1,1,1999
4764,138,2010,188,245000.00000000003,78,29,1,5.0,8,2,234,80000,5,1,2,1248
4765,57,2016,45,425000.0,44,20,1,5.0,2,2,142,51000,4,4,1,998
4766,116,2017,40,385000.0,37,27,1,5.0,2,2,210,31846,5,4,1,999
4767,66,2015,51,545000.0,52,9,1,5.0,2,2,72,63000,5,1,1,1120
4768,138,2015,87,588000.0,100,9,1,5.0,2,2,83,114676,2,1,2,1396
4769,116,2019,87,747000.0,100,9,1,5.0,2,2,83,82662,5,1,1,1396
4770,86,2014,23,280000.0,28,20,1,5.0,2,2,138,50000,5,4,2,998
4771,116,2019,94,633000.0,105,27,1,7.0,4,2,215,66518,4,4,1,999
4772,116,2017,203,814000.0,73,8,1,5.0,8,2,58,57927,2,4,1,1497
4773,86,2019,218,900000.0,95,20,1,5.0,8,2,144,40000,5,4,1,1462
4774,86,2021,51,605000.0,57,29,1,5.0,2,2,242,16115,2,4,1,1199
4775,110,2009,25,270000.0,38,9,1,5.0,2,2,82,50829,3,4,2,1197
4776,86,2019,62,622000.0,59,9,1,5.0,2,2,73,25467,2,4,1,1197
4777,116,2020,13,317000.0,27,20,1,5.0,2,2,137,71071,4,4,1,796
4778,116,2016,174,795000.0,77,9,1,5.0,8,2,80,55000,5,4,1,1591
4779,138,2017,87,602000.0,100,9,1,5.0,2,2,83,55563,2,4,2,1197
4780,84,2015,51,575000.0,52,9,0,5.0,2,2,72,54000,5,4,1,1197
4781,86,2019,87,675000.0,100,9,1,5.0,2,2,83,70000,5,4,2,1197
4782,8,2017,268,1999000.0,274,32,0,5.0,8,2,272,54000,5,1,1,1969
4783,57,2016,102,750000.0,123,6,0,5.0,7,2,47,41000,5,4,1,1496
4784,86,2011,77,350000.0,85,9,1,5.0,2,2,83,70000,5,4,2,1197
4785,110,2020,101,749000.0,110,20,1,5.0,2,2,139,62500,4,4,1,1197
4786,86,2021,31,550000.0,48,9,1,5.0,2,2,75,20000,5,4,1,1086
4787,138,2016,87,599000.0,100,9,1,5.0,2,2,83,60350,2,4,1,1197
4788,110,2015,87,570000.0,100,9,1,5.0,2,2,83,52266,2,4,1,1197
4789,9,2018,218,894999.9999999999,95,20,1,5.0,8,2,144,58431,5,1,1,1248
4790,116,2017,203,1011000.0,73,8,0,5.0,8,2,58,41372,5,4,1,1497
4791,116,2014,13,267000.0,27,20,1,5.0,2,2,137,46863,5,4,2,796
4792,116,2014,207,570000.0,73,24,0,5.0,8,2,200,66500,5,4,1,1498
4793,116,2014,26,369000.0,38,9,1,5.0,2,2,82,49374,5,4,2,1086
4794,86,2012,179,360000.0,76,28,1,5.0,8,2,221,120000,5,1,2,1598
4795,116,2021,51,605000.0,57,29,1,5.0,2,2,242,62832,4,4,1,1199
4796,116,2016,87,585000.0,100,9,1,5.0,2,2,83,61155,5,4,2,1197
4797,110,2014,160,1798999.9999999998,244,1,0,5.0,2,2,9,75000,5,1,1,1995
4798,116,2021,69,723000.0,101,20,1,5.0,2,2,158,12045,5,4,2,1197
4799,138,2020,217,894999.9999999999,94,20,1,5.0,8,2,144,60700,4,4,1,1462
4800,138,2013,250,1350000.0,127,21,0,5.0,8,2,171,85000,5,1,1,2143
4801,51,2020,181,1320000.0,73,8,0,5.0,8,2,58,44276,5,4,1,1497
4802,8,2015,297,1999000.0,260,0,0,5.0,8,2,3,99000,5,1,1,1968
4803,8,2015,355,2499000.0,270,0,0,5.0,8,2,4,78000,5,1,1,1968
4804,138,2013,365,1700000.0,210,11,0,5.0,8,2,92,70000,5,1,2,2179
4805,138,2013,365,1800000.0,210,11,0,5.0,8,2,92,70000,5,1,1,2179
4806,138,2013,365,1750000.0,210,11,0,5.0,8,2,92,70000,5,1,1,2179
4807,138,2021,14,429000.0,28,20,1,5.0,2,2,137,22264,4,4,1,796
4808,138,2018,43,376000.0,67,20,1,5.0,2,2,151,103763,5,4,1,1197
4809,14,2012,263,1015000.0,216,32,0,5.0,7,2,278,109000,5,1,1,1985
4810,116,2012,26,312000.0,38,9,1,5.0,2,2,82,49043,5,4,2,1197
4811,110,2017,42,492000.0,39,20,0,5.0,2,2,142,70666,2,4,2,998
4812,8,2011,316,3700000.0,297,14,0,5.0,7,2,107,128000,5,1,1,2993
4813,116,2018,101,800000.0,103,20,0,5.0,8,2,159,65815,2,1,1,1248
4814,66,2010,15,165000.0,22,20,1,5.0,2,2,136,79000,5,4,1,796
4815,86,2020,101,831000.0,110,20,0,5.0,2,2,139,48580,2,4,1,1197
4816,138,2018,87,691000.0,100,9,1,5.0,2,2,83,44646,2,4,1,1197
4817,110,2008,36,175000.0,41,20,1,5.0,2,2,163,71963,2,4,1,998
4818,110,2017,51,493000.0,52,9,1,5.0,2,2,72,26678,2,4,2,1197
4819,138,2015,203,599000.0,73,8,1,5.0,8,2,58,152000,5,1,1,1498
4820,66,2016,351,2395000.0,199,6,0,7.0,7,2,48,101000,5,1,1,2198
4821,116,2012,35,320000.0,38,2,1,5.0,2,2,24,41000,5,1,1,936
4822,138,2018,317,3150000.0,197,30,1,7.0,7,2,252,109000,5,1,1,2755
4823,138,2017,189,825000.0,76,28,1,5.0,8,2,221,83000,5,1,1,1498
4824,9,2012,52,375000.0,60,20,1,5.0,2,2,154,80000,5,1,1,1248
4825,8,2011,70,323000.0,73,20,1,5.0,2,2,158,94514,5,1,3,1248
4826,116,2015,101,487000.0,101,20,1,5.0,8,2,159,67037,5,4,1,1197
4827,110,2004,198,290000.0,163,17,1,8.0,7,2,124,120000,5,1,1,2179
4828,138,2019,93,709000.0,109,30,1,5.0,2,2,253,35540,2,4,2,1197
4829,84,2019,162,983000.0,158,27,1,5.0,7,2,207,47627,2,1,1,1461
4830,138,2009,261,450000.0,131,30,0,5.0,8,2,248,98000,5,4,1,1794
4831,116,2018,87,672000.0,100,9,1,5.0,2,2,83,55943,5,4,1,1197
4832,138,2018,142,1350000.0,134,9,0,5.0,7,2,68,71000,5,1,1,1582
4833,86,2018,42,457000.0,39,20,0,5.0,2,2,142,117924,5,4,1,998
4834,138,2013,28,311000.0,26,20,1,5.0,2,2,163,92195,2,4,1,998
4835,116,2003,319,150000.0,182,9,0,5.0,8,2,77,40000,5,4,3,2359
4836,9,2018,69,623000.0,101,20,0,5.0,2,2,158,49009,2,4,1,1197
4837,8,2020,101,1090000.0,140,13,0,5.0,7,2,100,31650,2,4,1,998
4838,138,2022,233,1600000.0,148,13,1,7.0,4,2,97,20000,5,4,1,1353
4839,86,2009,26,200000.0,38,9,1,5.0,2,2,82,70000,5,4,1,1197
4840,8,2018,203,925000.0,93,9,0,5.0,8,2,80,39000,2,1,1,1582
4841,86,2022,101,1150000.0,170,17,0,5.0,7,2,130,10000,5,4,1,1197
4842,138,2018,142,1150000.0,134,9,0,5.0,7,2,68,93615,2,1,1,1582
4843,138,2022,307,2550000.0,180,30,1,7.0,4,2,256,6400,5,4,1,2694
4844,86,2022,217,894999.9999999999,94,20,1,5.0,8,2,144,16727,2,4,2,1462
4845,110,2019,142,1009000.0,134,9,1,5.0,7,2,68,63334,5,4,3,1591
4846,110,2021,98,1050000.0,119,24,1,5.0,7,2,197,14000,2,4,1,999
4847,9,2018,43,441000.0,67,20,1,5.0,2,2,151,96540,5,4,1,1197
4848,138,2018,196,759000.0,96,30,0,5.0,8,2,259,92585,5,4,1,1496
4849,116,2014,103,425000.0,123,6,1,5.0,7,2,47,53861,5,4,1,1499
4850,116,2012,28,306000.0,22,20,1,5.0,2,2,163,65761,5,4,2,998
4851,50,2015,181,600000.0,76,31,1,5.0,8,2,269,67000,5,1,2,1498
4852,116,2018,183,1385000.0,165,12,1,5.0,7,2,94,122100,4,1,2,1956
4853,14,2017,101,736000.0,103,20,0,5.0,8,2,159,53873,2,1,1,1248
4854,86,2019,101,840000.0,140,20,1,5.0,7,2,162,60000,5,1,1,1248
4855,110,2013,70,426000.0,73,20,1,5.0,2,2,158,89197,5,1,2,1248
4856,86,2020,10,305000.0,33,4,1,5.0,2,2,36,30000,5,4,1,799
4857,86,2018,87,629000.0,100,9,1,5.0,2,2,83,70000,5,4,1,1197
4858,57,2021,101,869000.0,110,20,0,5.0,2,2,139,28700,4,4,1,1197
4859,138,2022,239,1850000.0,116,31,0,5.0,8,2,270,20000,5,4,2,999
4860,116,2012,25,300000.0,38,9,1,5.0,2,2,82,91629,2,4,1,1197
4861,138,2021,80,850000.0,104,6,1,5.0,2,2,52,30000,5,1,1,1499
4862,79,2022,101,869999.9999999999,110,20,1,5.0,2,2,139,7058,3,4,1,1197
4863,138,2017,101,775000.0,103,20,0,5.0,8,2,159,86500,5,1,1,1248
4864,14,2015,93,416000.0,60,8,1,5.0,8,2,54,76438,4,4,2,1198
4865,8,2017,142,1025000.0,134,9,1,5.0,7,2,68,24489,6,4,2,1591
4866,86,2022,69,790000.0,101,20,0,5.0,2,2,158,20000,5,4,1,1197
4867,116,2017,174,855000.0000000001,77,9,1,5.0,8,2,80,110600,2,1,1,1582
4868,9,2019,101,649000.0,110,20,1,5.0,2,2,139,63840,5,4,2,1197
4869,110,2009,26,230000.0,38,9,1,5.0,2,2,82,74000,5,4,1,1197
4870,116,2021,51,599000.0,57,29,1,5.0,2,2,242,21314,6,4,1,1199
4871,138,2017,203,900000.0,93,9,0,5.0,8,2,80,40007,2,1,1,1582
4872,110,2015,101,622000.0,73,20,1,5.0,8,2,159,89997,5,1,2,1248
4873,138,2014,32,362000.0,60,8,1,5.0,2,2,56,64736,2,4,1,1198
4874,138,2013,178,1295000.0,252,0,0,5.0,7,2,6,105000,5,1,1,1968
4875,86,2020,151,964000.0,135,20,1,5.0,7,2,157,40687,2,4,1,1462
4876,9,2012,147,395000.0,88,6,0,5.0,8,2,49,33000,5,4,2,1499
4877,116,2016,45,460000.0,44,20,0,5.0,2,2,142,57000,5,4,1,998
4878,86,2006,114,400000.0,13,30,1,8.0,4,2,255,120000,5,1,2,2494
4879,9,2019,157,1325000.0,148,13,1,5.0,7,2,99,88000,5,1,1,1493
4880,86,2009,26,215000.0,38,9,1,5.0,2,2,82,80000,5,4,3,1197
4881,110,2020,100,1050000.0,126,9,1,5.0,7,2,79,49500,5,4,1,998
4882,14,2020,47,465000.00000000006,37,27,1,5.0,2,2,210,15985,5,4,1,999
4883,110,2015,203,574000.0,73,8,1,5.0,8,2,58,85871,2,4,2,1497
4884,116,2012,26,295000.0,38,9,1,5.0,2,2,82,73665,5,4,1,1197
4885,8,2020,389,26000000.0,307,14,0,5.0,7,2,105,31614,2,4,1,2995
4886,9,2021,97,707000.0,57,29,1,5.0,8,2,244,70380,2,4,1,1199
4887,110,2016,87,605000.0,100,9,1,5.0,2,2,83,73202,5,4,1,1197
4888,49,2016,101,565000.0,73,8,0,5.0,8,2,54,80000,5,4,1,1199
4889,138,2017,68,608000.0,103,20,1,5.0,2,2,158,58006,2,1,1,1248
4890,150,2019,68,725000.0,103,20,0,5.0,2,2,158,64000,5,4,1,1197
4891,138,2014,32,369000.0,60,8,1,5.0,2,2,56,50670,5,4,2,1198
4892,86,2020,31,508000.0,48,9,0,5.0,2,2,75,41058,5,4,2,1086
4893,138,2013,157,360000.0,173,27,1,5.0,7,2,208,120000,5,1,1,1461
4894,116,2014,34,399000.0,22,20,1,5.0,2,2,164,56367,5,4,2,998
4895,57,2019,100,920000.0,126,9,1,5.0,7,2,79,41000,5,4,1,998
4896,9,2019,87,740000.0,100,9,1,5.0,2,2,83,40000,5,4,1,1197
4897,66,2016,51,625000.0,52,9,0,5.0,2,2,72,16000,5,4,1,1197
4898,116,2016,45,450000.0,44,20,0,5.0,2,2,142,69900,5,4,1,998
4899,116,2016,203,650000.0,73,8,1,5.0,8,2,58,120000,5,4,1,1497
4900,116,2016,48,450000.0,50,29,1,5.0,2,2,242,95000,5,4,1,1199
4901,8,2018,210,2445000.0,144,0,0,5.0,8,2,1,35000,2,1,1,1968
4902,138,2014,203,675000.0,73,8,0,5.0,8,2,58,66000,5,4,1,1497
4903,116,2016,219,652000.0,96,20,1,5.0,8,2,144,67905,6,1,1,1248
4904,86,2019,31,496000.0,48,9,1,5.0,2,2,75,19348,5,4,1,1086
4905,14,2017,93,650000.0,60,8,1,5.0,8,2,54,35000,5,4,1,1198
4906,86,2017,174,789000.0,77,9,1,5.0,8,2,80,30811,2,4,1,1591
4907,86,2019,45,458000.0,44,20,1,5.0,2,2,143,73227,6,4,2,998
4908,138,2010,188,200000.0,78,29,1,5.0,8,2,234,80000,5,1,2,1248
4909,138,2012,32,311000.0,60,8,1,5.0,2,2,56,90184,4,4,1,1198
4910,9,2021,151,1000000.0,135,20,1,5.0,7,2,157,30000,5,4,1,1462
4911,86,2016,174,613000.0,77,9,1,5.0,8,2,80,66039,4,4,1,1591
4912,86,2017,101,390000.0,52,9,1,5.0,8,2,81,120000,5,1,2,1186
4913,116,2013,203,517000.0,73,8,1,5.0,8,2,58,89205,2,4,2,1497
4914,86,2020,100,999000.0,126,9,1,5.0,7,2,79,50000,5,4,1,998
4915,86,2018,101,740000.0,110,20,0,5.0,2,2,139,80000,5,4,1,1197
4916,143,2020,274,1650000.0,184,16,1,5.0,7,2,113,29000,5,1,1,1956
4917,86,2012,213,1320000.0,264,1,0,5.0,7,2,17,90000,5,1,1,1995
4918,110,2011,189,220000.00000000003,79,29,1,5.0,8,2,234,120000,5,1,1,1248
4919,138,2015,91,420000.0,84,5,1,5.0,2,2,38,100000,5,1,2,1248
4920,53,2017,101,550000.0,110,20,0,5.0,2,2,139,56962,3,4,1,1197
4921,86,2015,179,550000.0,76,28,0,5.0,8,2,221,90000,5,1,1,1498
4922,138,2018,84,502000.0,61,31,1,5.0,2,2,264,101739,2,4,1,999
4923,86,2019,48,552000.0,50,29,1,5.0,2,2,242,69049,6,4,1,1199
4924,110,2018,101,830000.0000000001,140,20,1,5.0,7,2,162,110000,5,1,1,1248
4925,14,2017,101,579000.0,73,8,1,5.0,8,2,54,56242,6,4,1,1199
4926,57,2018,248,1215000.0,215,17,1,7.0,7,2,131,124281,4,1,1,1997
4927,138,2019,100,950000.0,126,9,1,5.0,7,2,79,38000,5,4,1,998
4928,110,2018,208,1021000.0,167,17,1,7.0,7,2,124,84249,5,1,1,2179
4929,138,2018,267,2595000.0,255,1,0,5.0,8,2,11,45000,4,1,1,1995
4930,138,2013,101,421000.0,101,20,1,5.0,8,2,159,122117,2,4,2,1197
4931,116,2019,102,869999.9999999999,123,6,1,5.0,7,2,47,108632,2,1,1,1498
4932,138,2017,354,4500000.0,278,1,0,5.0,8,2,14,10700,5,1,1,1995
4933,8,2017,103,677000.0,123,6,1,5.0,7,2,47,116988,4,1,1,1498
4934,152,2014,203,725000.0,73,8,0,5.0,8,2,58,60000,5,4,1,1497
4935,86,2018,93,650000.0,60,8,1,5.0,8,2,54,120000,5,1,1,1498
4936,110,2016,142,980000.0,134,9,1,5.0,7,2,68,92000,5,1,1,1582
4937,86,2019,247,1100000.0,204,17,1,7.0,4,2,121,80000,5,1,1,1497
4938,116,2009,233,290000.0,120,30,1,5.0,8,2,248,90000,5,0,2,1798
4939,86,2014,119,350000.0,47,28,1,5.0,2,2,216,110000,5,1,2,1199
4940,116,2011,53,290000.0,55,24,1,5.0,2,2,198,70000,5,4,1,1198
4941,84,2018,48,590000.0,50,29,1,5.0,2,2,242,72761,5,1,1,1047
4942,116,2013,26,299000.0,38,9,1,5.0,2,2,82,72473,2,4,1,1197
4943,66,2022,99,1252000.0,139,20,1,5.0,7,2,141,18030,4,4,1,1462
4944,148,2018,101,875000.0,73,8,1,5.0,8,2,54,63000,5,1,1,1498
4945,116,2016,82,550000.0,70,8,0,5.0,2,2,61,40404,4,4,1,1199
4946,14,2018,203,970000.0,73,8,0,5.0,8,2,58,96407,2,4,1,1497
4947,86,2017,51,590000.0,52,9,1,5.0,2,2,72,20000,5,4,1,1197
4948,116,2017,203,771000.0,73,8,1,5.0,8,2,58,53456,2,4,1,1497
4949,138,2016,13,257000.0,27,20,1,5.0,2,2,137,91603,2,4,2,796
4950,110,2021,93,767000.0,109,30,1,5.0,2,2,253,28246,6,4,1,1197
4951,116,2013,196,260000.0,73,27,1,5.0,8,2,214,171000,5,1,3,1461
4952,110,2021,51,581000.0,57,29,1,5.0,2,2,242,30224,4,4,1,1199
4953,86,2017,203,1025000.0,73,8,1,5.0,8,2,58,70000,5,1,1,1498
4954,86,2013,101,400000.0,86,9,1,5.0,2,2,83,120000,5,1,3,1396
4955,8,2017,101,750000.0,140,20,1,5.0,7,2,162,120000,5,1,2,1248
4956,86,2020,189,1000000.0,76,28,1,5.0,8,2,221,80000,5,1,2,1498
4957,144,2019,284,2150000.0,159,28,0,5.0,8,2,220,49000,5,4,1,1798
4958,86,2019,87,660000.0,100,9,1,5.0,2,2,83,70000,5,4,1,1197
4959,138,2014,103,662000.0,123,6,1,5.0,7,2,47,85838,5,1,1,1498
4960,9,2016,58,395000.0,54,24,1,5.0,2,2,199,68000,5,4,1,1198
4961,116,2018,42,514000.0,39,20,0,5.0,2,2,142,38607,2,4,2,998
4962,138,2019,87,772000.0,100,9,0,5.0,2,2,83,48934,5,4,2,1197
4963,110,2018,87,680000.0,100,9,1,5.0,2,2,83,73000,5,4,1,1197
4964,110,2014,13,254000.0,27,20,1,5.0,2,2,137,31933,5,4,2,796
4965,9,2013,28,311000.0,26,20,1,5.0,2,2,163,54959,5,4,1,998
4966,9,2014,365,2150000.0,210,11,0,5.0,8,2,92,49000,5,1,1,2993
4967,116,2017,203,1015000.0,73,8,0,5.0,8,2,58,59261,6,4,1,1497
4968,138,2019,210,2850000.0,144,0,0,5.0,8,2,1,42000,5,1,1,1968
4969,110,2014,69,461000.00000000006,101,20,1,5.0,2,2,158,73889,2,4,1,1197
4970,138,2019,47,372000.0,37,27,1,5.0,2,2,210,44363,4,4,2,799
4971,8,2011,342,1450000.0,196,21,0,5.0,8,2,174,54000,5,1,1,2143
4972,8,2017,174,802999.9999999999,77,9,1,5.0,8,2,80,50151,4,4,1,1591
4973,86,2010,25,220000.00000000003,30,9,1,5.0,2,2,76,120000,5,3,1,1086
4974,116,2012,264,1150000.0,274,32,0,5.0,8,2,272,92000,5,1,1,2400
4975,138,2017,379,2995000.0,273,11,0,5.0,8,2,92,51000,2,1,1,1999
4976,9,2018,350,6950000.0,285,21,0,5.0,7,2,181,70000,5,4,1,2996
4977,9,2019,100,900000.0,126,9,1,5.0,7,2,79,72253,3,4,1,998
4978,106,2015,248,1400000.0,215,17,1,7.0,7,2,131,51757,3,1,1,2179
4979,57,2012,35,295000.0,38,2,1,5.0,2,2,24,46000,5,4,1,1199
4980,138,2022,256,1965000.0,220,29,1,5.0,7,2,228,24648,4,1,1,1956
4981,86,2013,29,306000.0,26,20,1,5.0,2,2,163,61201,2,4,1,998
4982,110,2021,256,2015000.0,220,29,1,5.0,7,2,228,23000,5,1,1,1956
4983,110,2016,29,366000.0,26,20,1,5.0,2,2,163,46563,4,4,2,998
4984,110,2016,87,645000.0,100,9,1,5.0,2,2,83,41085,5,4,1,1197
4985,56,2010,57,299000.0,60,6,1,5.0,2,2,51,90000,5,1,1,1399
4986,138,2013,101,423000.00000000006,86,9,1,5.0,2,2,83,50260,2,4,1,1197
4987,57,2010,57,295000.0,60,6,1,5.0,2,2,51,55000,5,4,1,1196
4988,110,2014,42,328000.0,51,20,1,5.0,2,2,142,107913,5,4,2,998
4989,116,2017,69,565000.0,101,20,1,5.0,2,2,158,52858,2,4,1,1197
4990,14,2014,328,2250000.0,263,1,0,5.0,8,2,11,50000,5,1,1,1995
4991,86,2016,40,299000.0,37,27,1,5.0,2,2,210,41832,2,4,2,999
4992,116,2014,54,299000.0,44,4,1,5.0,2,2,34,61000,5,4,1,1198
4993,111,2012,240,490000.00000000006,124,28,0,5.0,8,2,219,136700,2,1,1,1968
4994,116,2011,52,340000.0,60,20,1,5.0,2,2,154,44000,5,4,1,1197
4995,116,2003,319,150000.0,182,9,0,5.0,8,2,77,40000,5,4,3,2359
4996,138,2021,93,650000.0,106,27,0,7.0,4,2,215,45430,2,4,1,999
4997,138,2022,131,1650000.0,120,31,0,5.0,7,2,266,10000,5,4,1,999
4998,116,2021,98,750000.0,118,24,1,5.0,7,2,197,50000,5,4,1,999
4999,8,2015,248,700000.0,215,17,1,7.0,7,2,131,89178,2,1,1,1997
5000,9,2014,69,466000.0,101,20,1,5.0,2,2,158,52507,2,4,1,1197
5001,138,2019,101,587000.0,61,31,1,5.0,8,2,260,47495,5,4,1,999
5002,138,2017,10,220000.00000000003,33,4,1,5.0,2,2,36,50000,5,4,2,799
5003,116,2019,69,677000.0,101,20,0,5.0,2,2,158,89899,5,4,1,1197
5004,86,2017,40,334000.0,37,27,1,5.0,2,2,210,39992,5,4,2,999
5005,86,2009,18,150000.0,22,20,1,5.0,2,2,163,80000,5,3,2,1061
5006,116,2013,28,315000.0,26,20,1,5.0,2,2,163,89791,4,4,1,998
5007,55,2006,28,115000.0,26,20,1,5.0,2,2,163,83000,5,4,1,998
5008,110,2015,51,389000.0,52,9,1,5.0,2,2,72,114071,2,4,2,1197
5009,116,2015,29,347000.0,26,20,1,5.0,2,2,163,66445,2,4,2,998
5010,86,2021,131,1450000.0,120,31,0,5.0,7,2,266,30000,5,4,1,999
5011,138,2018,103,800000.0,100,8,1,5.0,7,2,64,96615,5,1,1,1498
5012,86,2020,157,1550000.0,148,13,1,5.0,7,2,99,60000,5,1,1,1493
5013,86,2016,101,350000.0,73,20,1,5.0,8,2,159,120000,5,1,2,1248
5014,86,2016,101,320000.0,52,9,1,5.0,8,2,81,90000,5,1,2,1120
5015,57,2021,183,3000000.0,165,12,1,5.0,7,2,94,24001,5,1,1,1956
5016,138,2011,70,345000.0,73,20,1,5.0,2,2,158,76000,5,4,1,1197
5017,86,2022,62,750000.0,59,9,1,5.0,2,2,73,30000,5,4,1,1197
5018,57,2021,183,3000000.0,165,12,1,5.0,7,2,94,37821,5,1,1,1956
5019,141,2019,274,1698999.9999999998,184,16,0,5.0,7,2,113,42000,5,4,1,1451
5020,110,2016,69,489000.0,101,20,1,5.0,2,2,158,64685,4,4,2,1197
5021,9,2015,29,331000.0,26,20,1,5.0,2,2,163,71003,2,4,2,998
5022,86,2021,204,1200000.0,130,20,1,6.0,4,2,165,10000,5,4,1,1462
5023,110,2013,101,401000.0,86,9,1,5.0,2,2,83,122617,2,1,1,1396
5024,116,2015,26,347000.0,38,9,1,5.0,2,2,82,93593,4,4,1,1086
5025,66,2012,77,410000.0,85,9,1,5.0,2,2,83,76000,5,4,2,1197
5026,116,2020,87,764000.0,100,9,1,5.0,2,2,83,51216,5,4,1,1197
5027,110,2021,153,1400000.0,140,9,1,5.0,7,2,68,36714,2,4,1,1497
5028,110,2021,93,831000.0,117,29,1,5.0,2,2,225,61626,5,1,1,1497
5029,116,2016,101,535000.0,110,20,1,5.0,2,2,139,47741,2,4,2,1197
5030,84,2014,51,465000.00000000006,52,9,1,5.0,2,2,72,63000,5,4,1,1197
5031,110,2020,47,415000.00000000006,37,27,1,5.0,2,2,210,60894,6,4,1,999
5032,86,2008,181,230000.0,73,8,1,5.0,8,2,58,70000,5,4,2,1497
5033,57,2012,26,320000.0,38,9,1,5.0,2,2,82,51000,5,4,1,1086
5034,86,2016,48,400000.0,50,29,1,5.0,2,2,242,110000,5,4,1,1199
5035,8,2022,101,1200000.0,127,9,1,5.0,7,2,79,10000,5,4,1,1197
5036,9,2011,213,1100000.0,264,1,0,5.0,7,2,17,95000,5,1,1,1995
5037,9,2018,218,850000.0,95,20,1,5.0,8,2,144,66000,2,1,1,1498
5038,56,2011,198,390000.0,163,17,1,7.0,7,2,124,80642,5,1,1,2179
5039,138,2018,142,1225000.0,134,9,0,5.0,7,2,68,70000,5,1,1,1582
5040,57,2020,101,749000.0,110,20,1,5.0,2,2,139,15700,6,4,1,1197
5041,86,2018,142,1001000.0,134,9,1,5.0,7,2,68,81764,4,4,1,1591
5042,138,2018,203,781000.0,93,9,1,5.0,8,2,80,95933,5,4,1,1368
5043,57,2019,183,1650000.0,165,12,1,5.0,7,2,94,23000,5,4,1,1368
5044,138,2015,82,426000.0,70,8,1,5.0,2,2,61,85589,5,4,2,1199
5045,110,2017,87,616000.0,100,9,1,5.0,2,2,83,72793,2,4,2,1197
5046,138,2013,172,490000.00000000006,77,9,0,5.0,8,2,80,92000,5,1,1,1582
5047,116,2014,69,428000.0,101,20,1,5.0,2,2,158,95255,5,4,2,1197
5048,116,2019,307,2275000.0,180,30,1,8.0,4,2,256,59000,2,1,1,2393
5049,110,2018,101,670000.0,110,20,0,5.0,2,2,139,89242,6,4,1,1197
5050,86,2012,32,337000.0,60,8,1,5.0,2,2,56,40503,2,4,1,1198
5051,8,2022,203,1350000.0,93,9,1,5.0,8,2,80,20000,5,1,1,1493
5052,138,2018,101,611000.0,73,8,1,5.0,8,2,54,96863,4,4,1,1199
5053,57,2021,103,975000.0,99,8,1,5.0,7,2,64,30300,4,4,1,1199
5054,86,2017,203,825000.0,73,8,1,5.0,8,2,58,40000,5,4,2,1497
5055,86,2014,93,400000.0,60,8,1,5.0,8,2,54,120000,5,1,1,1498
5056,106,2013,248,900000.0,215,17,1,7.0,7,2,131,27892,3,1,1,2179
5057,86,2020,68,650000.0,103,20,1,5.0,2,2,158,90000,5,4,1,1197
5058,86,2009,18,225000.0,22,20,1,5.0,2,2,163,100000,5,3,1,1061
5059,57,2014,51,400000.0,52,9,1,5.0,2,2,72,73000,2,4,2,1197
5060,86,2022,237,2250000.0,111,8,0,5.0,8,2,59,30000,5,4,1,1498
5061,138,2018,101,707000.0,103,20,0,5.0,8,2,159,32152,6,4,1,1197
5062,110,2015,68,576000.0,103,20,1,5.0,2,2,158,58241,2,1,1,1248
5063,86,2014,140,560000.0,73,20,1,7.0,4,2,146,120000,5,1,2,1248
5064,8,2013,203,456000.0,73,8,1,5.0,8,2,58,94141,2,4,2,1497
5065,116,2017,101,685000.0,103,20,0,5.0,8,2,159,59411,6,4,1,1197
5066,86,2016,279,1205000.0,133,31,1,5.0,8,2,262,17105,5,4,1,1390
5067,9,2018,219,975000.0,96,20,1,5.0,8,2,144,37100,5,1,2,1248
5068,116,2012,26,289000.0,38,9,1,5.0,2,2,82,103211,4,4,2,1197
5069,138,2012,28,290000.0,26,20,1,5.0,2,2,163,113543,4,4,2,998
5070,8,2010,198,425000.0,163,17,1,7.0,7,2,124,120000,5,1,2,2179
5071,138,2012,129,407000.0,67,20,1,5.0,8,2,159,99334,4,1,1,1248
5072,116,2014,158,300000.0,121,6,1,5.0,8,2,49,156126,2,1,1,1498
5073,110,2017,142,1195000.0,134,9,0,5.0,7,2,68,68000,2,1,2,1582
5074,86,2014,93,390000.0,60,8,1,5.0,8,2,54,100000,5,4,2,1198
5075,110,2008,25,225000.0,30,9,1,5.0,2,2,76,54000,5,4,1,1086
5076,86,2019,101,650000.0,73,20,1,5.0,8,2,160,110000,5,1,2,1248
5077,138,2010,111,250000.0,10,5,1,5.0,8,2,40,110000,5,4,2,1368
5078,116,2011,174,475000.0,77,9,1,5.0,8,2,80,76000,5,4,1,1396
5079,86,2020,207,700000.0,73,24,1,5.0,8,2,200,60000,5,1,2,1461
5080,116,2017,101,559000.0,110,20,1,5.0,2,2,139,71974,5,4,1,1197
5081,116,2016,101,789000.0,140,20,1,5.0,7,2,162,105562,5,1,1,1248
5082,86,2015,248,950000.0,215,17,1,7.0,7,2,131,110000,5,1,2,2179
5083,110,2023,99,1297000.0,139,20,1,5.0,7,2,141,1330,4,4,1,1462
5084,110,2021,101,750000.0,71,8,1,5.0,8,2,54,30973,5,4,2,1199
5085,86,2011,26,330000.0,38,9,0,5.0,2,2,82,100000,5,4,2,1197
5086,116,2018,87,691000.0,100,9,1,5.0,2,2,83,9351,5,4,1,1197
5087,142,2017,163,775000.0,247,24,1,5.0,7,2,201,46000,5,4,1,1598
5088,138,2013,13,214000.0,27,20,1,5.0,2,2,137,56133,5,4,2,796
5089,116,2013,20,232000.0,23,20,1,5.0,2,2,138,92370,2,4,1,998
5090,116,2012,140,425000.0,73,30,1,5.0,8,2,249,68000,2,4,1,1496
5091,138,2014,20,281000.0,23,20,1,5.0,2,2,138,38313,4,4,1,998
5092,86,2019,101,600000.0,84,29,1,5.0,8,2,245,110000,5,1,1,1248
5093,86,2021,217,950000.0,94,20,1,5.0,8,2,144,10000,5,4,1,1462
5094,86,2015,174,600000.0,77,9,1,5.0,8,2,80,80000,5,4,2,1591
5095,55,2014,163,500000.0,247,24,1,5.0,7,2,201,120000,5,1,3,1461
5096,55,2015,177,555000.0,76,31,1,5.0,8,2,269,90000,5,1,2,1498
5097,138,2012,177,449000.0,76,31,1,5.0,8,2,269,87000,5,1,2,1598
5098,86,2018,101,640000.0,110,20,1,5.0,2,2,139,70000,5,4,2,1197
5099,116,2014,20,263000.0,23,20,1,5.0,2,2,138,53179,5,4,2,998
5100,57,2020,98,939000.0,156,29,1,5.0,7,2,237,48902,4,4,1,1198
5101,116,2012,172,455000.0,77,9,0,5.0,8,2,80,90000,5,1,3,1582
5102,9,2019,87,777000.0,100,9,0,5.0,2,2,83,45025,5,4,1,1197
5103,9,2017,101,701000.0,110,20,0,5.0,2,2,139,22356,5,4,1,1197
5104,138,2014,172,625000.0,77,9,0,5.0,8,2,80,96000,5,1,1,1582
5105,116,2019,42,478000.0,51,20,1,5.0,2,2,142,35564,2,4,2,998
5106,57,2016,88,465000.00000000006,64,5,1,5.0,2,2,42,72632,5,1,1,1248
5107,84,2015,140,472000.0,73,30,1,5.0,8,2,249,57349,2,4,1,1496
5108,116,2018,93,604000.0,60,8,1,5.0,8,2,54,31915,2,1,1,1498
5109,66,2012,264,1050000.0,203,32,0,5.0,8,2,272,80000,5,1,1,2400
5110,116,2010,28,273000.0,26,20,1,5.0,2,2,163,44094,2,4,1,998
5111,14,2008,114,499000.0,13,30,1,8.0,4,2,255,236000,5,1,1,2494
5112,138,2008,155,299000.0,73,9,1,5.0,8,2,80,75000,5,1,1,1493
5113,86,2009,240,425000.0,124,28,0,5.0,8,2,219,92000,5,1,1,1896
5114,57,2004,41,194000.0,55,29,1,5.0,2,2,230,148914,3,1,2,1405
5115,138,2020,24,499000.0,29,20,0,5.0,2,2,155,48000,5,4,1,998
5116,138,2022,131,1650000.0,120,31,0,5.0,7,2,266,10000,5,4,1,999
5117,108,2018,101,750000.0,73,8,1,5.0,8,2,54,33600,2,1,1,1498
5118,86,2018,196,724000.0,96,30,0,5.0,8,2,259,68950,2,4,2,1496
5119,116,2012,28,300000.0,26,20,1,5.0,2,2,163,47763,5,4,1,998
5120,138,2022,94,800000.0,105,27,1,7.0,4,2,215,8368,5,4,1,999
5121,116,2018,96,810000.0,154,29,1,5.0,7,2,237,51897,5,1,1,1497
5122,116,2014,93,459000.0,60,8,1,5.0,8,2,54,40274,4,4,2,1198
5123,86,2012,262,750000.0,255,1,0,5.0,8,2,11,90000,5,1,1,1995
5124,110,2016,69,497000.0,101,20,1,5.0,2,2,158,62648,2,4,1,1197
5125,9,2017,101,577000.0,110,20,1,5.0,2,2,139,58448,2,4,1,1197
5126,8,2022,62,670000.0,59,9,1,5.0,2,2,73,40000,5,4,1,1197
5127,86,2017,103,690000.0,123,6,1,5.0,7,2,47,88695,5,1,1,1498
5128,86,2021,274,1700000.0,184,16,1,5.0,7,2,113,20000,5,1,1,1956
5129,138,2014,101,252000.0,84,29,1,5.0,8,2,245,99840,3,1,1,1248
5130,86,2012,83,294000.0,61,31,1,5.0,2,2,264,120000,5,1,2,1199
5131,8,2023,232,1900000.0,123,9,1,5.0,8,2,80,10000,5,4,1,1482
5132,138,2022,239,1850000.0,116,31,0,5.0,8,2,270,20000,5,4,2,999
5133,86,2018,93,700000.0,60,8,0,5.0,8,2,54,20000,5,4,1,1199
5134,138,2021,203,1350000.0,73,8,0,5.0,8,2,58,31000,5,4,1,1497
5135,138,2018,48,470000.0,50,29,1,5.0,2,2,242,93407,2,4,2,1199
5136,116,2011,69,320000.0,101,20,1,5.0,2,2,158,75932,2,4,2,1197
5137,57,2015,84,650000.0,61,31,0,5.0,2,2,264,44000,2,4,1,1197
5138,110,2019,31,529000.0,48,9,0,5.0,2,2,75,62936,5,4,1,1086
5139,138,2016,87,646000.0,100,9,1,5.0,2,2,83,40841,2,4,1,1197
5140,86,2016,101,480000.0,73,20,1,5.0,8,2,159,150000,5,1,2,1248
5141,110,2017,87,607000.0,100,9,1,5.0,2,2,83,66561,5,4,1,1197
5142,57,2016,41,160000.0,55,29,1,5.0,2,2,231,114800,5,1,2,1396
5143,116,2016,42,374000.0,51,20,1,5.0,2,2,142,97726,5,4,1,998
5144,110,2019,102,817000.0,123,6,1,5.0,7,2,47,81462,5,4,1,1497
5145,86,2015,41,180000.0,55,29,1,5.0,2,2,231,120000,5,1,1,1396
5146,116,2019,69,680000.0,101,20,0,5.0,2,2,158,31286,4,4,1,1197
5147,138,2022,93,1000000.0,109,20,1,5.0,2,2,139,20000,5,4,1,1197
5148,138,2022,93,1000000.0,109,20,1,5.0,2,2,139,20000,5,4,1,1197
5149,8,2018,203,1080000.0,93,9,0,5.0,8,2,80,57600,5,4,1,1591
5150,116,2013,137,315000.0,67,2,1,5.0,8,2,29,54000,5,4,1,1199
5151,138,1985,7,160000.0,20,20,1,4.0,2,2,134,50000,5,4,2,796
5152,55,2020,101,760000.0,110,20,1,5.0,2,2,139,20000,5,4,1,1197
5153,138,2011,314,300000.0,221,29,1,7.0,4,2,226,100000,5,1,2,2179
5154,86,2017,203,825000.0,73,8,1,5.0,8,2,58,40000,5,4,2,1497
5155,9,2017,101,741000.0,103,20,0,5.0,8,2,159,49260,4,1,1,1248
5156,138,2015,42,365000.0,51,20,1,5.0,2,2,142,73069,5,4,1,998
5157,86,2013,70,410000.0,73,20,1,5.0,2,2,158,80000,5,4,1,1197
5158,138,2014,101,475000.0,101,20,1,5.0,8,2,159,78850,5,4,1,1197
5159,110,2016,87,561000.0,100,9,1,5.0,2,2,83,89224,5,4,2,1197
5160,86,2017,316,1200000.0,224,29,0,7.0,4,2,229,90000,5,1,2,2179
5161,138,2017,29,411000.00000000006,26,20,1,5.0,2,2,163,59084,2,4,2,998
5162,57,2016,29,460000.0,26,20,0,5.0,2,2,163,70000,5,4,1,998
5163,116,2013,28,309000.0,26,20,1,5.0,2,2,163,59730,5,4,2,998
5164,138,2015,203,594000.0,73,8,1,5.0,8,2,58,50933,4,4,1,1497
5165,86,2016,171,1800000.0,261,32,0,5.0,2,2,275,40000,5,1,2,1984
5166,116,2016,101,516000.0,101,20,1,5.0,8,2,159,94426,2,4,1,1197
5167,86,2019,316,1300000.0,224,29,1,7.0,4,2,229,50000,5,1,2,2179
5168,86,2013,248,680000.0,215,17,1,7.0,7,2,131,120000,5,1,2,2179
5169,86,2017,84,760000.0,61,31,0,5.0,2,2,264,80000,5,4,1,1197
5170,138,2012,179,499000.0,76,28,1,5.0,8,2,221,75000,5,1,1,1598
5171,138,2018,248,1300000.0,215,17,1,7.0,7,2,131,78500,5,1,1,1997
5172,116,2013,52,450000.0,60,20,1,5.0,2,2,154,56000,5,1,1,1248
5173,8,2014,88,295000.0,64,5,1,5.0,2,2,42,100000,5,1,1,1248
5174,138,2017,87,667000.0,100,9,0,5.0,2,2,83,32289,5,4,2,1368
5175,9,2018,98,790000.0,156,29,0,5.0,7,2,237,106467,2,4,1,1198
5176,57,2014,70,480000.0,73,20,1,5.0,2,2,158,75000,5,1,1,1248
5177,110,2014,203,464000.0,73,8,1,5.0,8,2,58,109832,2,4,2,1497
5178,116,2018,242,1228000.0,148,9,0,5.0,8,2,70,44123,5,4,1,1999
5179,86,2014,93,390000.0,60,8,1,5.0,8,2,54,100000,5,4,2,1198
5180,140,2017,101,801000.0,140,20,1,5.0,7,2,162,121129,5,1,2,1248
5181,86,2020,43,560000.0,67,20,1,5.0,2,2,151,40000,5,4,2,1197
5182,110,2016,39,420000.0,87,17,1,5.0,7,2,119,72607,4,1,1,1198
5183,110,2016,51,472000.0,52,9,1,5.0,2,2,72,28467,5,4,2,1197
5184,8,2017,189,750000.0,76,28,1,5.0,8,2,221,60000,5,4,1,1598
5185,8,2017,142,1098000.0,134,9,1,5.0,7,2,68,122474,2,1,1,1582
5186,53,2017,101,650000.0,110,20,0,5.0,2,2,139,37665,3,4,1,1197
5187,138,2017,363,4550000.0,291,32,0,7.0,7,2,276,152000,5,1,1,1969
5188,86,2014,29,320000.0,26,20,1,5.0,2,2,163,50000,5,4,2,998
5189,86,2018,93,680000.0,60,8,1,5.0,8,2,54,110000,5,1,1,1498
5190,86,2012,248,600000.0,215,17,1,7.0,7,2,131,120000,5,1,3,2179
5191,8,2016,359,2699000.0,209,0,0,5.0,8,2,4,45000,5,1,1,1968
5192,116,2016,51,499000.0,52,9,1,5.0,2,2,72,85000,5,1,1,1120
5193,138,2021,203,1250000.0,73,8,0,5.0,8,2,58,61000,5,4,1,1497
5194,110,2014,69,409000.0,101,20,1,5.0,2,2,158,94540,5,4,1,1197
5195,138,2018,142,991000.0,134,9,1,5.0,7,2,68,96620,2,4,1,1591
5196,55,2013,248,750000.0,123,30,1,8.0,4,2,255,90000,5,1,3,2494
5197,116,2016,51,496000.0,52,9,0,5.0,2,2,72,104436,5,4,2,1197
5198,14,2017,10,298000.0,33,4,1,5.0,2,2,36,28545,5,4,1,799
5199,110,2019,84,720000.0,61,31,1,5.0,2,2,264,66500,5,4,1,999
5200,86,2017,87,583000.0,100,9,1,5.0,2,2,83,80133,5,4,1,1197
5201,8,2011,250,1125000.0,127,21,0,5.0,8,2,171,106000,5,1,1,2143
5202,9,2020,151,982000.0,135,20,1,5.0,7,2,157,26852,4,4,1,1462
5203,86,2015,69,458000.0,101,20,1,5.0,2,2,158,59990,5,4,1,1197
5204,86,2015,248,950000.0,215,17,1,7.0,7,2,131,110000,5,1,2,2179
5205,138,2018,203,852999.9999999999,73,8,1,5.0,8,2,58,75135,4,1,1,1498
5206,86,2019,51,600000.0,52,9,1,5.0,2,2,72,50000,5,4,2,1197
5207,116,2010,235,390000.0,114,8,1,5.0,8,2,60,73000,5,4,1,1799
5208,86,2018,101,620000.0,110,20,1,5.0,2,2,139,70000,5,4,2,1197
5209,86,2006,220,400000.0,163,17,1,8.0,7,2,124,120000,5,1,1,2609
5210,86,2021,281,2200000.0,220,29,1,7.0,7,2,236,20000,5,1,1,1956
5211,86,2012,248,750000.0,120,30,1,7.0,4,2,255,120000,5,1,1,2494
5212,48,2013,248,975000.0,120,30,1,7.0,4,2,255,120000,5,1,2,2494
5213,86,2013,69,447000.0,101,20,1,5.0,2,2,158,50824,4,4,1,1197
5214,86,2013,70,410000.0,73,20,1,5.0,2,2,158,85507,5,1,2,1248
5215,86,2010,155,330000.0,73,9,1,5.0,8,2,80,70000,5,1,1,1493
5216,86,2014,52,372000.0,60,20,1,5.0,2,2,154,75773,2,4,2,1197
5217,116,2016,51,470000.0,52,9,1,5.0,2,2,72,62000,5,1,1,1120
5218,110,2012,26,297000.0,38,9,1,5.0,2,2,82,47004,4,4,1,1197
5219,86,2014,84,420000.0,61,31,1,5.0,2,2,264,110000,5,1,2,1498
5220,116,2013,70,406000.0,73,20,1,5.0,2,2,158,97085,2,1,2,1248
5221,116,2014,172,561000.0,77,9,1,5.0,8,2,80,87449,5,1,3,1582
5222,86,2016,52,350000.0,60,20,1,5.0,2,2,154,100000,5,1,1,1248
5223,116,2012,15,193000.0,22,20,1,5.0,2,2,136,53338,5,4,2,796
5224,86,2011,192,400000.0,73,8,1,5.0,8,2,58,120000,5,4,2,1497
5225,138,2019,87,765000.0,100,9,1,5.0,2,2,83,78000,5,1,1,1396
5226,145,2017,307,1999000.0,180,30,1,7.0,4,2,256,112000,5,1,1,2393
5227,138,2022,98,850000.0,118,24,1,5.0,7,2,197,10000,5,4,1,999
5228,8,2022,101,1000000.0,140,20,1,5.0,7,2,162,20000,5,4,1,1462
5229,138,2012,248,556000.0,215,17,1,7.0,7,2,131,89000,5,1,2,2179
5230,86,2008,15,100000.0,22,20,1,5.0,2,2,136,100000,5,4,2,796
5231,86,2021,182,1050000.0,102,20,1,7.0,4,2,146,20000,5,4,1,1462
5232,14,2022,98,909000.0,118,24,1,5.0,7,2,197,13918,5,4,1,999
5233,14,2020,98,734000.0,118,24,1,5.0,7,2,197,28839,4,4,1,999
5234,110,2017,45,450000.0,44,20,0,5.0,2,2,142,30000,5,4,1,998
5235,110,2018,10,356000.0,33,4,0,5.0,2,2,36,16097,2,4,1,999
5236,116,2021,84,835000.0,61,31,0,5.0,2,2,264,23683,4,4,1,999
5237,86,2023,306,3100000.0,179,30,1,7.0,4,2,256,10000,5,1,1,2393
5238,116,2013,20,233000.0,23,20,1,5.0,2,2,138,48471,5,4,2,998
5239,116,2013,20,221000.0,23,20,1,5.0,2,2,138,62437,5,4,2,998
5240,9,2018,95,549000.0,58,29,0,5.0,8,2,244,45000,5,4,1,1199
5241,116,2022,217,881000.0,94,20,1,5.0,8,2,144,15992,5,4,1,1462
5242,57,2018,11,325000.0,24,20,1,5.0,2,2,137,34000,5,4,1,796
5243,138,2008,26,250000.0,38,9,1,5.0,2,2,82,45000,5,4,1,1197
5244,57,2016,182,810000.0,102,20,1,7.0,4,2,146,90000,5,1,1,1498
5245,86,2018,98,1200000.0,156,29,0,5.0,7,2,237,40000,5,1,1,1497
5246,138,2022,69,650000.0,101,20,1,5.0,2,2,158,22907,2,4,1,1197
5247,116,2012,36,315000.0,41,20,1,5.0,2,2,163,79000,5,0,1,998
5248,138,2016,101,340000.0,52,9,1,5.0,8,2,81,90000,5,1,2,1120
5249,110,2019,14,333000.0,24,20,1,5.0,2,2,137,16903,5,4,2,796
5250,9,2018,65,568000.0,54,24,0,5.0,2,2,198,36874,5,4,1,1198
5251,86,2017,219,650000.0,96,20,0,5.0,8,2,144,60000,5,4,1,1373
5252,116,2012,28,329000.0,26,20,1,5.0,2,2,163,29994,4,4,2,998
5253,116,2019,87,806000.0,100,9,0,5.0,2,2,83,26416,5,4,2,1197
5254,86,2018,189,775000.0,76,28,1,5.0,8,2,221,70000,5,1,2,1498
5255,84,2018,103,655000.0,100,8,1,5.0,7,2,64,27581,5,4,2,1199
5256,86,2018,317,3250000.0,197,30,0,7.0,7,2,252,80000,5,1,1,2755
5257,138,2020,101,672000.0,103,20,1,5.0,8,2,159,88126,5,4,1,1197
5258,138,2019,100,981000.0,126,9,0,5.0,7,2,79,72563,5,4,1,998
5259,55,2013,15,220000.00000000003,32,9,1,5.0,2,2,69,90000,5,3,2,814
5260,138,2016,142,803999.9999999999,134,9,1,5.0,7,2,68,88060,5,4,1,1591
5261,138,2022,69,800000.0,101,20,1,5.0,2,2,158,20000,5,4,1,1197
5262,116,2015,248,950000.0,120,30,1,7.0,4,2,255,119000,2,1,2,2494
5263,86,2017,87,600000.0,100,9,1,5.0,2,2,83,60000,5,4,1,1197
5264,50,2020,353,3595000.0000000005,206,6,0,7.0,7,2,48,45000,4,1,1,1996
5265,8,2021,383,2650000.0,245,13,0,7.0,4,2,98,80000,5,1,2,2199
5266,8,2020,142,1475000.0,134,9,1,5.0,7,2,68,95315,5,1,1,1582
5267,86,2013,29,263000.0,26,20,1,5.0,2,2,163,100000,5,4,2,998
5268,110,2010,25,245000.00000000003,30,9,1,5.0,2,2,76,31000,5,4,1,1086
5269,116,2019,101,777000.0,140,20,1,5.0,7,2,162,109271,2,1,1,1248
5270,116,2019,43,507000.0,67,20,0,5.0,2,2,151,47844,6,4,2,1197
5271,86,2021,204,1050000.0,130,20,1,6.0,4,2,165,80000,5,4,2,1462
5272,9,2013,28,297000.0,26,20,1,5.0,2,2,163,62438,4,4,1,998
5273,138,2013,101,411000.00000000006,86,9,1,5.0,2,2,83,89318,5,4,3,1197
5274,8,2021,383,2600000.0,245,13,0,7.0,4,2,98,90000,5,1,2,2199
5275,86,2019,31,529000.0,48,9,0,5.0,2,2,75,29200,6,4,2,1086
5276,86,2020,274,1950000.0,184,16,0,5.0,7,2,113,40000,5,4,1,1451
5277,138,2019,246,916000.0,111,8,0,5.0,8,2,58,96940,5,4,1,1498
5278,8,2018,203,842000.0,93,9,1,5.0,8,2,80,65850,2,4,1,1591
5279,66,2011,26,290000.0,38,9,1,5.0,2,2,82,90000,5,4,1,1197
5280,116,2019,31,525000.0,48,9,0,5.0,2,2,75,38264,4,4,1,1086
5281,110,2018,157,894999.9999999999,173,27,0,5.0,7,2,208,47000,5,4,1,1498
5282,138,2019,317,3600000.0,197,30,0,7.0,7,2,252,77027,5,1,1,2755
5283,138,2009,203,385000.0,73,8,1,5.0,8,2,58,78000,5,4,1,1497
5284,9,2019,100,1000000.0,169,17,1,5.0,7,2,130,70000,5,1,2,1497
5285,8,2008,224,300000.0,97,28,1,5.0,8,2,220,112000,5,4,1,1781
5286,138,2013,172,515000.00000000006,77,9,1,5.0,8,2,80,138000,5,1,1,1582
5287,86,2010,57,299000.0,60,6,1,5.0,2,2,51,51000,5,1,1,1399
5288,110,2010,26,268000.0,38,9,1,5.0,2,2,82,83462,5,4,2,1197
5289,14,2021,47,483000.0,37,27,1,5.0,2,2,210,26494,4,4,1,999
5290,9,2011,213,1299000.0,264,1,0,5.0,7,2,17,82000,5,1,1,1995
5291,84,2018,101,618000.0,110,20,1,5.0,2,2,139,68101,2,4,1,1197
5292,86,2018,68,691000.0,103,20,0,5.0,2,2,158,99105,2,1,2,1248
5293,86,2016,142,1000000.0,134,9,1,5.0,7,2,68,90000,5,1,1,1582
5294,86,2017,219,653000.0,96,20,0,5.0,8,2,144,70424,2,4,2,1373
5295,138,2018,101,990000.0,140,20,0,5.0,7,2,162,98000,5,1,1,1248
5296,116,2014,203,537000.0,73,8,1,5.0,8,2,58,79189,5,1,2,1498
5297,86,2011,28,253000.0,22,20,1,5.0,2,2,163,115218,2,4,1,998
5298,86,2012,174,399000.0,77,9,1,5.0,8,2,80,120000,5,4,1,1591
5299,116,2015,69,471000.0,101,20,1,5.0,2,2,158,119106,5,4,2,1197
5300,55,2011,192,340000.0,73,8,1,5.0,8,2,58,60000,5,4,2,1497
5301,86,2017,68,659000.0,103,20,1,5.0,2,2,158,60000,5,1,1,1248
5302,86,2019,14,370000.0,28,20,1,5.0,2,2,137,80000,5,4,1,796
5303,138,2012,70,400000.0,73,20,1,5.0,2,2,158,143000,5,1,2,1248
5304,55,2018,68,700000.0,103,20,1,5.0,2,2,158,50000,5,1,1,1248
5305,14,2011,313,750000.0,168,31,0,5.0,8,2,263,105000,5,1,1,1968
5306,86,2016,307,2000000.0,180,30,0,7.0,4,2,256,110000,5,1,1,2755
5307,50,2011,192,360000.0,73,8,1,5.0,8,2,58,80000,5,4,1,1497
5308,116,2013,69,368000.0,101,20,1,5.0,2,2,158,121617,4,4,2,1197
5309,138,2015,177,556000.0,76,31,1,5.0,8,2,269,83825,2,4,2,1598
5310,8,2014,70,426000.0,73,20,1,5.0,2,2,158,92299,3,4,1,1197
5311,116,2018,101,961000.0,140,20,0,5.0,7,2,162,50643,6,1,2,1248
5312,116,2018,101,793000.0,184,17,1,7.0,7,2,126,110243,6,1,2,1493
5313,116,2012,250,990000.0,127,21,0,5.0,8,2,171,92721,5,1,1,2143
5314,138,2016,142,951000.0,134,9,0,5.0,7,2,68,93104,2,4,1,1591
5315,27,2008,261,300000.0,131,30,1,5.0,8,2,248,83858,3,4,3,1798
5316,116,2021,101,567000.0,45,4,1,7.0,4,2,35,48869,4,4,1,1198
5317,8,2017,20,298000.0,23,20,1,5.0,2,2,138,86555,2,4,1,998
5318,86,2011,177,350000.0,76,31,1,5.0,8,2,269,60000,5,4,2,1598
5319,116,2022,94,674000.0,105,27,1,7.0,4,2,215,39316,6,4,1,999
5320,14,2014,157,450000.0,173,27,1,5.0,7,2,208,110000,5,1,2,1461
5321,138,2016,66,270000.0,73,29,1,5.0,2,2,227,100000,5,1,2,1248
5322,86,2020,100,1000000.0,126,9,1,5.0,7,2,79,60000,5,4,1,998
5323,86,2016,248,1050000.0,215,17,1,7.0,7,2,131,100000,5,1,1,1997
5324,86,2012,241,450000.0,125,28,1,5.0,8,2,219,110000,5,1,2,1968
5325,138,2011,315,1725000.0,227,21,0,5.0,7,2,183,135000,5,1,1,2987
5326,14,2022,99,1175000.0,139,30,0,5.0,7,2,258,19500,2,4,1,1462
5327,64,2021,101,940000.0,73,8,0,5.0,8,2,54,22127,2,4,1,1199
5328,116,2015,13,251000.0,27,20,1,5.0,2,2,137,78010,2,4,2,796
5329,14,2021,102,988000.0,123,6,1,5.0,7,2,47,14087,4,4,1,1496
5330,8,2022,96,1157000.0,154,29,1,5.0,7,2,237,55253,2,1,1,1497
5331,116,2020,157,1598000.0,148,13,0,5.0,7,2,99,63008,6,4,1,1353
5332,116,2015,13,266000.0,27,20,1,5.0,2,2,137,73944,5,4,1,796
5333,14,2021,343,3275000.0,201,28,0,5.0,8,2,223,37000,5,4,1,1984
5334,110,2017,13,279000.0,27,20,1,5.0,2,2,137,52052,4,4,2,796
5335,138,2018,51,465000.00000000006,52,9,1,5.0,2,2,72,42399,5,4,2,1197
5336,86,2015,101,210000.0,73,20,1,5.0,8,2,159,50000,5,1,1,1248
5337,116,2020,36,549000.0,41,20,1,5.0,2,2,163,64584,6,0,1,998
5338,57,2014,39,345000.0,22,20,1,5.0,5,2,145,44000,5,4,1,1196
5339,138,2017,40,300000.0,37,27,0,5.0,2,2,210,101434,3,4,1,999
5340,116,2019,39,495000.0,21,20,1,5.0,5,2,145,13500,2,4,1,1197
5341,14,2017,101,475000.0,61,31,1,5.0,8,2,260,75000,5,1,2,1498
5342,138,2012,172,445000.0,77,9,1,5.0,8,2,80,75000,2,1,1,1582
5343,10,2010,191,165000.0,72,8,1,5.0,8,2,58,96402,3,4,1,1497
5344,123,2021,303,1491000.0,184,16,0,6.0,7,2,114,20225,3,4,1,1451
5345,110,2016,26,290000.0,38,9,1,5.0,2,2,82,55000,5,4,1,1086
5346,86,2021,96,860000.0,154,29,1,5.0,7,2,237,44641,2,4,1,1199
5347,110,2010,26,241000.0,38,9,1,5.0,2,2,82,83958,4,4,1,1197
5348,138,2006,198,121000.0,163,17,1,7.0,7,2,124,124406,3,1,3,2609
5349,9,2018,98,817000.0,156,29,0,5.0,7,2,237,35226,2,4,2,1198
5350,8,2011,26,330000.0,38,9,0,5.0,2,2,82,75552,4,4,2,1197
5351,118,2010,26,185000.0,38,9,1,5.0,2,2,82,107972,2,4,1,1197
5352,138,2019,101,568000.0,61,31,1,5.0,8,2,260,46451,5,4,1,999
5353,116,2021,38,470000.0,21,20,1,5.0,5,2,145,28220,3,4,1,1196
5354,9,2019,24,457000.0,29,20,0,5.0,2,2,155,77415,2,4,1,998
5355,9,2020,100,1022000.0,126,9,0,5.0,7,2,79,47314,6,4,1,998
5356,86,2017,47,312000.0,37,27,0,5.0,2,2,210,50000,5,4,1,999
5357,86,2012,57,117000.0,73,29,1,5.0,2,2,230,120000,5,1,2,1405
5358,8,2018,189,869999.9999999999,76,28,1,5.0,8,2,221,40000,5,1,1,1498
5359,138,2013,32,285000.0,60,8,1,5.0,2,2,56,80000,5,4,2,1198
5360,86,2018,317,2800000.0,197,30,1,7.0,7,2,252,120000,5,1,1,2755
5361,57,2020,39,520000.0,21,20,1,5.0,5,2,145,16415,2,4,1,1197
5362,86,2008,15,100000.0,22,20,1,5.0,2,2,136,110000,5,4,2,796
5363,57,2019,36,550000.0,41,20,0,5.0,2,2,163,30564,2,4,1,1197
5364,138,2011,57,185000.0,60,6,1,5.0,2,2,51,90000,5,1,2,1399
5365,116,2019,101,431000.0,45,4,1,7.0,4,2,35,62674,5,4,3,1198
5366,14,2018,81,631000.0,69,8,0,5.0,2,2,61,61710,4,4,1,1199
5367,138,2012,172,476000.0,77,9,0,5.0,8,2,80,95000,5,1,1,1582
5368,116,2017,142,1119000.0,134,9,0,5.0,7,2,68,99215,5,1,1,1582
5369,84,2019,98,1002000.0,156,29,0,5.0,7,2,237,46034,6,1,1,1497
5370,138,2014,140,685000.0,73,20,1,7.0,4,2,146,20000,4,4,1,1373
5371,110,2013,32,347000.0,60,8,1,5.0,2,2,56,60993,5,4,1,1198
5372,86,2015,248,650000.0,215,17,1,7.0,7,2,131,90000,5,1,2,2179
5373,110,2017,101,756000.0,103,20,1,5.0,8,2,159,71821,5,1,1,1248
5374,8,2021,274,1581000.0,184,16,1,5.0,7,2,113,2486,4,4,1,1451
5375,86,2006,235,230000.0,114,8,0,5.0,8,2,60,60000,5,4,3,1799
5376,116,2020,62,584000.0,59,9,1,5.0,2,2,73,12740,2,4,1,1197
5377,39,2018,51,400000.0,52,9,1,5.0,2,2,72,79079,3,1,2,1186
5378,138,2022,93,535000.0,117,29,1,5.0,2,2,225,28522,2,4,1,1199
5379,8,2018,268,2200000.0,274,32,0,5.0,8,2,272,46000,5,1,1,1969
5380,110,2016,39,310000.0,87,17,1,5.0,7,2,119,80000,5,1,1,1198
5381,116,2017,40,337000.0,37,27,1,5.0,2,2,210,29011,5,4,1,999
5382,110,2020,157,1259000.0,148,13,1,5.0,7,2,99,42372,2,4,1,1497
5383,57,2021,87,1400000.0,197,17,0,4.0,7,2,128,23147,3,4,2,1997
5384,8,2022,237,1291000.0,112,8,1,5.0,8,2,58,22310,2,1,1,1498
5385,86,2016,42,498000.00000000006,51,20,0,5.0,2,2,142,18732,2,4,1,998
5386,127,2016,140,470000.0,73,30,1,5.0,8,2,249,95417,3,1,1,1364
5387,110,2014,203,545000.0,73,8,0,5.0,8,2,58,62015,2,4,2,1497
5388,8,2018,102,894999.9999999999,123,6,0,5.0,7,2,47,54000,5,4,1,1496
5389,110,2019,40,427000.0,37,27,0,5.0,2,2,210,51237,5,4,2,999
5390,138,2017,101,559000.0,52,9,1,5.0,8,2,81,36140,2,4,1,1197
5391,86,2018,68,650000.0,103,20,1,5.0,2,2,158,80000,5,1,2,1248
5392,138,2016,42,443000.0,51,20,0,5.0,2,2,142,70895,5,4,2,998
5393,86,2018,51,480000.0,52,9,1,5.0,2,2,72,90000,5,1,1,1186
5394,86,2020,97,660000.0,57,29,1,5.0,8,2,244,60000,5,4,1,1199
5395,138,2007,36,145000.0,41,20,1,5.0,2,2,163,70237,5,4,1,998
5396,9,2007,25,165000.0,30,9,1,5.0,2,2,76,89592,5,4,1,1086
5397,138,2010,253,380000.0,137,2,1,5.0,8,2,26,79333,5,1,1,1991
5398,138,2014,101,450000.0,73,20,1,5.0,8,2,159,82144,5,1,1,1248
5399,86,2018,328,2300000.0,155,1,0,5.0,8,2,11,40000,5,1,1,1995
5400,9,2015,177,500000.0,76,31,0,5.0,8,2,269,129517,3,1,2,1498
5401,86,2019,31,531000.0,48,9,0,5.0,2,2,75,39881,2,4,1,1086
5402,86,2021,93,744000.0,117,29,1,5.0,2,2,225,12280,2,4,1,1199
5403,86,2011,189,200000.0,79,29,1,5.0,8,2,234,70000,5,1,1,1248
5404,116,2020,42,576000.0,39,20,1,5.0,2,2,142,49984,2,0,1,998
5405,138,2017,102,760000.0,123,6,0,5.0,7,2,47,51258,2,4,1,1497
5406,8,2012,32,273000.0,60,8,1,5.0,2,2,56,95178,2,4,2,1198
5407,57,2016,101,480000.0,61,31,1,5.0,8,2,260,62000,5,4,1,999
5408,138,2016,142,922000.0,134,9,1,5.0,7,2,68,119781,5,1,1,1582
5409,86,2021,93,746000.0,117,29,1,5.0,2,2,225,31750,6,4,2,1199
5410,57,2019,307,2400000.0,180,30,0,7.0,4,2,256,78000,2,1,1,2755
5411,138,2013,172,490000.00000000006,77,9,1,5.0,8,2,80,110000,5,1,1,1582
5412,138,2014,51,460000.0,52,9,0,5.0,2,2,72,73400,5,4,1,1197
5413,86,2018,48,490000.00000000006,50,29,0,5.0,2,2,242,40000,5,4,3,1199
5414,138,2020,248,1589000.0,215,17,0,7.0,7,2,131,49500,5,1,1,2179
5415,101,2022,203,930000.0,93,9,1,5.0,8,2,80,14991,3,4,1,1497
5416,71,2022,182,702000.0,102,20,1,7.0,4,2,146,32363,3,4,1,1462
5417,86,2013,172,465000.00000000006,77,9,1,5.0,8,2,80,60000,5,1,2,1582
5418,116,2002,31,50000.0,48,9,1,5.0,2,2,75,99750,3,4,2,999
5419,116,2021,189,1008000.0,76,28,1,5.0,8,2,221,15504,5,4,1,999
5420,138,2018,102,813000.0000000001,123,6,1,5.0,7,2,47,20858,4,4,1,1497
5421,86,2019,183,1485000.0,165,12,0,5.0,7,2,94,30000,5,4,1,1368
5422,56,2018,76,744000.0,90,17,1,6.0,7,2,128,90305,5,1,2,2498
5423,110,2017,142,989000.0,134,9,1,5.0,7,2,68,99128,4,1,1,1582
5424,86,2019,183,1485000.0,165,12,0,5.0,7,2,94,30000,5,4,1,1368
5425,86,2014,93,408000.0,60,8,1,5.0,8,2,54,52597,2,4,2,1198
5426,138,2015,68,400000.0,103,20,1,5.0,2,2,158,112921,3,1,3,1248
5427,8,2014,101,492000.0,73,20,1,5.0,8,2,159,73626,5,1,1,1248
5428,86,2018,40,446000.0,37,27,0,5.0,2,2,210,42964,4,4,1,999
5429,116,2016,219,500000.0,96,20,1,5.0,8,2,144,100000,5,1,2,1248
5430,86,2017,183,1103000.0,165,12,1,5.0,7,2,94,89906,2,1,1,1956
5431,110,2018,209,960000.0,168,17,1,7.0,7,2,124,80000,5,1,2,2179
5432,86,2019,101,550000.0,73,20,1,5.0,8,2,160,110000,5,1,1,1248
5433,138,2019,157,1500000.0,148,13,1,5.0,7,2,99,40000,5,1,1,1493
5434,86,2020,51,660000.0,57,29,0,5.0,2,2,242,40000,5,4,2,1199
5435,86,2015,101,365000.0,52,9,1,5.0,8,2,81,90000,5,1,1,1120
5436,86,2018,242,1450000.0,148,9,0,5.0,8,2,70,30000,5,1,1,1582
5437,57,2021,84,900000.0,61,31,0,5.0,2,2,264,45416,3,4,1,999
5438,50,2013,101,385000.0,86,9,1,5.0,2,2,83,64000,5,4,1,1197
5439,110,2021,274,1639000.0,184,16,0,5.0,7,2,113,16769,2,4,1,1451
5440,116,2021,98,765000.0,119,24,1,5.0,7,2,197,30580,2,4,1,999
5441,138,2018,168,4500000.0,283,14,0,5.0,7,2,106,47000,5,1,1,1999
5442,8,2021,96,991000.0,154,29,0,5.0,7,2,237,25596,4,4,2,1199
5443,86,2017,101,744000.0,140,20,1,5.0,7,2,162,89681,2,1,1,1248
5444,57,2018,182,825000.0,102,20,1,7.0,4,2,146,42000,5,4,1,1462
5445,14,2022,94,770000.0,105,27,0,7.0,4,2,215,29302,6,4,1,999
5446,116,2015,203,745000.0,73,8,0,5.0,8,2,58,41200,2,4,1,1497
5447,86,2021,256,1775000.0,220,29,1,5.0,7,2,228,70076,4,1,1,1956
5448,86,2018,102,765000.0,123,6,1,5.0,7,2,47,90114,2,1,1,1498
5449,86,2014,130,250000.0,52,17,1,9.0,7,2,116,80000,5,1,4,2523
5450,86,2019,157,835000.0,173,27,0,5.0,7,2,208,5933,4,4,1,1498
5451,86,2017,48,470000.0,50,29,1,5.0,2,2,242,30000,5,4,1,1199
5452,86,2011,33,200000.0,22,20,1,5.0,2,2,138,60000,5,4,1,998
5453,138,2013,297,1299000.0,260,0,0,5.0,8,2,3,66000,5,1,1,1968
5454,146,2007,224,249000.00000000003,97,28,1,5.0,8,2,220,110000,5,1,1,1896
5455,8,2007,320,279000.0,122,28,0,5.0,8,2,223,133000,5,1,1,2496
5456,147,2011,57,310000.0,60,6,1,5.0,2,2,51,61000,5,1,1,1399
5457,138,2021,47,418000.0,37,27,1,5.0,2,2,210,29828,4,4,1,999
5458,116,2015,15,257000.0,32,9,1,5.0,2,2,69,58321,5,4,3,814
5459,138,2012,264,799000.0,203,32,0,5.0,8,2,272,85000,5,1,1,1985
5460,138,2019,101,622000.0,73,8,1,5.0,8,2,54,37566,5,4,2,1199
5461,116,2016,13,238000.0,27,20,1,5.0,2,2,137,60610,5,4,2,796
5462,86,2011,83,365000.0,61,31,1,5.0,2,2,264,30000,5,4,1,1198
5463,138,2019,101,753000.0,110,20,0,5.0,2,2,139,32098,2,4,1,1197
5464,86,2015,203,520000.0,73,8,1,5.0,8,2,58,100000,5,1,1,1498
5465,110,2018,40,394000.0,37,27,0,5.0,2,2,210,48556,4,4,1,999
5466,138,2018,203,991000.0,93,9,0,5.0,8,2,80,76654,5,1,1,1582
5467,86,2021,153,1400000.0,140,9,1,5.0,7,2,68,50000,5,1,1,1493
5468,86,2019,101,773000.0,110,30,0,5.0,2,2,253,39014,5,4,1,1197
5469,8,2015,91,475000.0,84,5,1,5.0,2,2,37,105000,5,4,2,1368
5470,8,2010,253,465000.00000000006,137,2,1,5.0,8,2,26,95000,5,1,1,1991
5471,116,2010,292,1199000.0,186,30,1,7.0,7,2,252,122000,5,1,1,2982
5472,86,2022,101,1300000.0,170,17,0,5.0,7,2,130,10000,5,4,1,1197
5473,138,2020,351,3575000.0,199,6,0,7.0,7,2,48,45000,4,1,1,2198
5474,86,2017,102,700000.0,123,6,1,5.0,7,2,47,80000,5,1,1,1498
5475,86,2015,103,450000.0,123,6,1,5.0,7,2,47,120000,5,1,1,1498
5476,116,2020,353,3900000.0,206,6,0,7.0,7,2,48,44989,5,1,1,1996
5477,116,2016,15,289000.0,32,9,1,5.0,2,2,69,68336,4,4,2,814
5478,138,2013,69,403000.0,101,20,1,5.0,2,2,158,79202,4,4,1,1197
5479,116,2008,114,380000.0,13,30,1,8.0,4,2,255,150000,5,1,2,2494
5480,8,2018,82,617000.0,70,8,1,5.0,2,2,61,101883,4,1,2,1498
5481,86,2018,142,1192000.0,134,9,0,5.0,7,2,68,105405,6,1,1,1582
5482,86,2012,174,340000.0,77,9,1,5.0,8,2,80,120000,5,4,1,1591
5483,138,2021,84,925000.0,61,31,0,5.0,2,2,264,55053,5,4,1,999
5484,55,2022,93,850000.0,109,20,1,5.0,2,2,139,10000,5,4,1,1197
5485,116,2015,20,225000.0,23,20,1,5.0,2,2,138,111046,5,4,1,998
5486,110,2022,42,692000.0,51,20,1,5.0,2,2,142,1457,6,0,1,998
5487,138,2022,101,1180000.0,143,17,1,7.0,7,2,117,63752,6,1,1,1493
5488,138,2010,188,195000.0,78,29,1,5.0,8,2,234,80000,5,1,2,1248
5489,86,2018,101,420000.0,52,9,1,5.0,8,2,81,50000,5,1,1,1186
5490,70,2012,70,350000.0,73,20,1,5.0,2,2,158,91543,3,1,3,1248
5491,86,2019,101,590000.0,82,6,1,5.0,8,2,46,60000,5,1,1,1498
5492,86,2021,96,960000.0,154,29,1,5.0,7,2,237,30000,5,1,1,1497
5493,53,2017,101,750000.0,140,20,1,5.0,7,2,162,74320,3,1,1,1248
5494,55,2014,35,240000.0,38,2,1,5.0,2,2,24,70000,5,1,2,936
5495,110,2022,99,1260000.0,139,20,1,5.0,7,2,141,10000,5,4,1,1462
5496,14,2016,203,617000.0,73,8,1,5.0,8,2,58,53326,2,4,2,1497
5497,86,2019,101,770000.0,103,20,0,5.0,8,2,159,97112,5,1,1,1248
5498,86,2022,153,1800000.0,140,9,0,5.0,7,2,68,10000,5,4,1,1353
5499,116,2018,51,642000.0,52,9,0,5.0,2,2,72,8345,2,4,1,1197
5500,116,2014,29,318000.0,26,20,1,5.0,2,2,163,45852,5,4,2,998
5501,86,2016,84,620000.0,61,31,1,5.0,2,2,264,90000,5,1,1,1498
5502,86,2022,98,951000.0,119,24,0,5.0,7,2,197,12094,6,4,1,999
5503,86,2021,182,900000.0,102,20,0,7.0,4,2,146,20000,5,4,1,1462
5504,116,2021,223,1808000.0,140,9,1,6.0,7,2,66,30111,5,1,1,1493
5505,116,2018,69,669000.0,101,20,0,5.0,2,2,158,34840,5,4,1,1197
5506,86,2018,189,680000.0,76,28,0,5.0,8,2,221,100000,5,1,2,1498
5507,138,2013,177,376000.0,76,31,1,5.0,8,2,269,110807,5,1,2,1598
5508,86,2022,101,1050000.0,139,13,1,5.0,7,2,100,10000,5,4,1,1197
5509,116,2004,25,96000.0,30,9,1,5.0,2,2,76,131561,3,4,5,1086
5510,39,2021,101,600000.0,59,9,1,5.0,8,2,67,38370,3,4,1,1197
5511,86,2020,101,880000.0000000001,140,20,1,5.0,7,2,162,60000,5,4,1,1462
5512,86,2020,94,640000.0,105,27,1,7.0,4,2,215,30000,5,4,1,999
5513,86,2003,138,80000.0,56,9,1,5.0,8,2,65,120000,5,1,2,1493
5514,138,2020,100,850000.0,169,17,1,5.0,7,2,130,50000,5,4,1,1197
5515,86,2012,262,900000.0,255,1,0,5.0,8,2,11,70000,5,1,1,1995
5516,116,2010,25,195000.0,30,9,1,5.0,2,2,76,90566,5,4,2,1086
5517,8,2019,203,1033000.0,93,9,0,5.0,8,2,80,67370,5,1,2,1582
5518,138,2021,274,1700000.0,184,16,0,5.0,7,2,113,20000,5,4,1,1451
5519,86,2021,248,1268000.0,205,17,1,8.0,4,2,121,19661,5,1,1,1497
5520,110,2021,100,1120000.0,126,9,1,5.0,7,2,79,58177,4,1,1,1493
5521,86,2020,151,850000.0,135,20,1,5.0,7,2,157,40000,5,4,1,1462
5522,138,2013,157,408000.0,173,27,1,5.0,7,2,208,76134,5,1,1,1461
5523,86,2022,153,1750000.0,140,9,1,5.0,7,2,68,40000,5,1,1,1493
5524,116,2014,203,542000.0,73,8,1,5.0,8,2,58,90102,5,1,1,1498
5525,116,2019,10,287000.0,33,4,1,5.0,2,2,36,32329,5,4,2,799
5526,138,2020,100,810000.0,169,17,1,5.0,7,2,130,50000,5,4,1,1197
5527,56,2020,96,969000.0,154,29,0,5.0,7,2,237,72812,6,4,2,1199
5528,86,2016,101,280000.0,52,9,1,5.0,8,2,81,120000,5,1,3,1120
5529,84,2019,87,700000.0,100,9,0,5.0,2,2,83,30000,5,4,2,1197
5530,86,2019,87,700000.0,100,9,1,5.0,2,2,83,60000,5,1,2,1396
5531,55,2008,158,200000.0,121,6,1,5.0,8,2,49,70000,5,4,2,1596
5532,86,2018,93,600000.0,60,8,1,5.0,8,2,54,60000,5,1,2,1498
5533,86,2022,100,875000.0,126,9,1,5.0,7,2,79,30000,5,4,2,1197
5534,57,2022,186,3180000.0,165,12,0,5.0,7,2,94,24916,2,1,1,1956
5535,9,2015,15,279000.0,32,9,1,5.0,2,2,69,25121,4,4,1,814
5536,110,2011,26,244000.0,38,9,1,5.0,2,2,82,95916,2,4,2,1197
5537,126,2016,52,300000.0,60,20,1,5.0,2,2,154,98076,3,1,2,1248
5538,86,2018,40,339000.0,37,27,1,5.0,2,2,210,84020,5,4,1,999
5539,86,2015,14,259000.0,28,20,1,5.0,2,2,137,49692,4,4,2,796
5540,86,2008,66,150000.0,55,9,1,5.0,2,2,71,90000,5,4,2,1341
5541,138,2011,26,269000.0,38,9,1,5.0,2,2,82,96502,5,4,1,1197
5542,138,2018,398,6300000.0,279,11,0,5.0,8,2,93,60000,5,1,2,2993
5543,110,2019,40,400000.0,37,27,1,5.0,2,2,210,37634,5,4,1,999
5544,116,2012,15,191000.0,22,20,1,5.0,2,2,136,64934,2,4,2,796
5545,86,2022,37,580000.0,42,20,1,5.0,2,2,163,30000,5,4,1,998
5546,86,2011,26,324000.0,38,9,0,5.0,2,2,82,61609,4,4,2,1197
5547,86,2018,189,860000.0,76,28,0,5.0,8,2,221,80000,5,4,1,1598
5548,86,2021,281,2100000.0,220,29,1,6.0,7,2,236,60000,5,1,1,1956
5549,86,2016,149,790000.0,73,20,1,7.0,4,2,146,70000,5,1,2,1248
5550,86,2012,28,260000.0,22,20,1,5.0,2,2,163,80000,5,0,2,998
5551,86,2016,41,100000.0,55,29,1,5.0,2,2,231,120000,5,1,2,1396
5552,86,2017,316,1050000.0,224,29,1,7.0,7,2,229,80000,5,1,3,2179
5553,86,2016,52,270000.0,60,20,1,5.0,2,2,154,120000,5,1,1,1248
5554,86,2009,49,250000.0,67,20,1,5.0,2,2,158,120000,5,1,2,1248
5555,86,2021,84,732000.0,61,31,1,5.0,2,2,264,30088,6,4,1,999
5556,138,2017,10,273000.0,33,4,1,5.0,2,2,36,65094,2,4,2,799
5557,86,2009,49,250000.0,67,20,1,5.0,2,2,158,120000,5,1,2,1248
5558,86,2010,15,175000.0,22,20,1,5.0,2,2,136,55024,2,4,1,796
5559,116,2020,94,702000.0,105,27,0,7.0,4,2,215,21687,5,4,2,999
5560,86,2013,248,1085000.0,120,30,1,7.0,4,2,255,120000,5,1,1,2494
5561,86,2017,55,279000.0,45,4,1,5.0,2,2,34,72762,5,4,1,1198
5562,138,2017,29,387000.0,26,20,0,5.0,2,2,163,52791,6,4,1,998
5563,116,2012,157,383000.0,173,27,1,5.0,7,2,208,67879,4,1,1,1461
5564,79,2018,101,600000.0,110,20,1,5.0,2,2,139,60053,3,4,1,1197
5565,138,2021,98,813000.0000000001,118,24,1,5.0,7,2,197,23316,5,4,1,999
5566,86,2017,40,350000.0,37,27,0,5.0,2,2,210,50000,5,4,2,999
5567,86,2007,25,155000.0,30,9,1,5.0,2,2,76,100000,5,4,2,1086
5568,86,2016,15,180000.0,32,9,1,5.0,2,2,69,60000,5,3,2,814
5569,86,2018,203,1050000.0,73,8,0,5.0,8,2,58,20000,5,4,1,1497
5570,86,2015,41,180000.0,55,29,1,5.0,2,2,231,120000,5,1,1,1405
5571,86,2018,183,890000.0,165,12,1,5.0,7,2,94,30000,5,4,2,1368
5572,86,2019,68,700000.0,103,20,1,5.0,2,2,158,70000,5,1,1,1248
5573,138,2022,98,640000.0,118,24,1,5.0,7,2,197,10000,5,4,2,999
5574,116,2016,40,290000.0,37,27,1,5.0,2,2,210,42203,5,4,2,799
5575,86,2020,151,999000.0,135,20,0,5.0,7,2,157,27653,2,4,1,1462
5576,138,2013,265,1800000.0,271,0,0,5.0,7,2,7,100000,5,1,2,1968
5577,116,2016,55,286000.0,45,4,1,5.0,2,2,34,67429,5,4,1,1198
5578,116,2017,40,293000.0,37,27,1,5.0,2,2,210,65192,5,4,1,999
5579,55,2003,25,95000.0,30,9,1,5.0,2,2,76,120000,5,4,2,1086
5580,116,2021,93,753000.0,117,29,1,5.0,2,2,225,26893,2,1,1,1497
5581,86,2010,253,350000.0,137,2,0,5.0,8,2,26,90000,5,1,2,1991
5582,110,2018,101,688000.0,140,20,1,5.0,7,2,162,70167,5,1,2,1248
5583,116,2016,39,376000.0,22,20,1,5.0,5,2,145,84542,5,4,2,1196
5584,86,2015,84,600000.0,61,31,0,5.0,2,2,264,50000,5,4,1,1197
5585,8,2017,11,325000.0,28,20,1,5.0,2,2,137,36027,4,4,1,796
5586,86,2015,84,600000.0,61,31,0,5.0,2,2,264,50000,5,4,1,1197
5587,86,2015,84,600000.0,61,31,0,5.0,2,2,264,50000,5,4,1,1197
5588,86,2013,57,400000.0,60,6,1,5.0,2,2,51,10000,5,4,1,1196
5589,86,2011,177,300000.0,76,31,1,5.0,8,2,269,90000,5,1,5,1598
5590,86,2004,128,80000.0,43,29,1,5.0,4,2,233,70000,5,4,3,1396
5591,86,2022,153,1685000.0000000002,140,9,1,5.0,7,2,68,40000,5,4,1,1497
5592,86,2016,41,200000.0,55,29,1,5.0,2,2,231,100000,5,1,1,1396
5593,86,2021,101,720000.0,73,8,1,5.0,8,2,54,40000,5,4,1,1199
5594,138,2021,103,1064000.0,99,8,1,5.0,7,2,64,77687,4,4,1,1199
5595,116,2016,101,647000.0,110,20,1,5.0,2,2,139,52456,2,4,1,1197
5596,138,2022,239,1625000.0,116,31,1,5.0,8,2,270,24000,5,4,1,999
5597,110,2021,91,846000.0000000001,68,8,1,5.0,2,2,61,42674,5,4,1,1199
5598,84,2019,24,458000.0,29,20,1,5.0,2,2,155,44903,5,4,1,998
5599,116,2008,36,195000.0,41,20,1,5.0,2,2,163,65000,5,4,1,998
5600,138,2013,69,425000.0,101,20,1,5.0,2,2,158,72205,2,4,2,1197
5601,86,2015,103,650000.0,123,6,1,5.0,7,2,47,70000,5,1,1,1498
5602,9,2019,84,584000.0,61,31,1,5.0,2,2,264,101306,4,4,2,999
5603,86,2009,26,220000.00000000003,38,9,1,5.0,2,2,82,60000,5,4,2,1197
5604,56,2018,69,619000.0,101,20,1,5.0,2,2,158,81028,5,4,1,1197
5605,138,2018,103,700000.0,100,8,1,5.0,7,2,64,80000,5,1,1,1498
5606,86,2021,256,2000000.0,220,29,0,5.0,7,2,228,20000,5,1,1,1956
5607,86,2016,101,450000.0,73,20,1,5.0,8,2,159,120000,5,1,1,1248
5608,86,2021,256,2000000.0,220,29,0,5.0,7,2,228,20000,5,1,1,1956
5609,55,2010,25,180000.0,30,9,1,5.0,2,2,76,120000,5,4,2,1086
5610,110,2016,40,224000.00000000003,37,27,1,5.0,2,2,210,52442,3,4,3,799
5611,138,2014,157,381000.0,173,27,1,5.0,7,2,208,90001,3,1,2,1461
5612,138,2014,69,459000.0,101,20,1,5.0,2,2,158,87966,5,4,3,1197
5613,138,2019,101,631000.0,110,20,1,5.0,2,2,139,105614,5,4,1,1197
5614,77,2020,237,951000.0,112,8,1,5.0,8,2,58,11249,3,4,1,1498
5615,116,2018,51,532000.0,52,9,1,5.0,2,2,72,39264,2,4,2,1197
5616,138,2017,11,301000.0,24,20,1,5.0,2,2,137,68359,4,4,1,796
5617,57,2010,26,245000.00000000003,38,9,1,5.0,2,2,82,49500,3,4,1,1086
5618,110,2021,84,978000.0,61,31,0,5.0,2,2,264,51466,4,4,2,999
5619,14,2013,177,315000.0,76,31,1,5.0,8,2,269,99929,3,1,2,1598
5620,116,2013,28,345000.0,26,20,1,5.0,2,2,163,64628,4,4,1,998
5621,110,2018,43,574000.0,65,20,0,5.0,2,2,151,79151,5,4,1,1197
5622,115,2017,45,405000.0,44,20,1,5.0,2,2,142,78131,2,4,1,998
5623,110,2017,101,827999.9999999999,140,20,1,5.0,7,2,162,103256,6,1,1,1248
5624,2,2007,127,20161.0,41,29,1,5.0,8,2,232,0,3,1,3,1405
5625,110,2021,101,779000.0,140,20,1,5.0,7,2,162,45794,3,4,1,1462
5626,86,2016,179,600000.0,62,8,1,7.0,4,2,62,60000,5,1,1,1498
5627,86,2022,101,785000.0,101,20,1,5.0,8,2,159,20000,5,4,1,1197
5628,86,2016,179,600000.0,62,8,1,7.0,4,2,62,60000,5,1,1,1498
5629,138,2015,137,230000.0,67,2,1,5.0,8,2,29,80000,5,4,2,1199
5630,138,2015,103,630000.0,123,6,0,5.0,7,2,47,60000,5,4,1,1499
5631,86,2010,77,260000.0,85,9,1,5.0,2,2,83,60000,5,4,2,1197
5632,110,2016,87,585000.0,100,9,1,5.0,2,2,83,67407,4,4,3,1197
5633,9,2019,24,442000.0,29,20,1,5.0,2,2,155,58713,2,4,2,998
5634,9,2016,279,1000000.0,133,31,0,5.0,8,2,262,90000,5,1,1,1968
5635,110,2021,62,618000.0,59,9,1,5.0,2,2,73,33798,4,4,1,1197
5636,138,2016,51,490000.00000000006,52,9,1,5.0,2,2,72,33190,5,4,1,1197
5637,9,2020,68,585000.0,103,20,1,5.0,2,2,158,30000,5,4,1,1197
5638,110,2016,87,588000.0,100,9,1,5.0,2,2,83,56346,5,4,2,1197
5639,86,2017,219,850000.0,96,20,1,5.0,8,2,144,80000,5,1,1,1248
5640,116,2018,101,704000.0,110,20,0,5.0,2,2,139,59512,5,4,2,1197
5641,86,2010,285,410000.0,193,2,0,7.0,7,2,25,120000,5,1,2,2231
5642,110,2017,43,583000.0,67,20,0,5.0,2,2,151,81342,5,1,2,1248
5643,86,2018,183,1500000.0,165,12,1,5.0,7,2,94,40000,5,1,1,1956
5644,86,2022,101,1150000.0,130,9,0,5.0,2,2,85,10000,5,4,1,998
5645,86,2015,103,630000.0,123,6,0,5.0,7,2,47,60000,5,4,1,1499
5646,86,2011,57,150000.0,60,6,1,5.0,2,2,51,120000,5,1,2,1399
5647,86,2017,101,650000.0,73,20,1,5.0,8,2,159,110000,5,1,1,1248
5648,55,2017,103,720000.0,100,8,1,5.0,7,2,64,30000,5,1,1,1498
5649,86,2018,20,350000.0,23,20,1,5.0,2,2,138,44478,2,4,1,998
5650,9,2020,62,646000.0,59,9,1,5.0,2,2,73,29765,5,4,2,1197
5651,138,2021,256,2300000.0,220,29,0,5.0,7,2,228,30000,5,1,1,1956
5652,9,2017,101,570000.0,110,20,1,5.0,2,2,139,83688,2,4,1,1197
5653,86,2018,51,586000.0,52,9,0,5.0,2,2,72,52704,2,4,2,1197
5654,86,2017,183,1250000.0,165,12,1,5.0,7,2,94,40000,5,1,2,1956
5655,86,2019,43,504000.0,67,20,1,5.0,2,2,151,51278,5,4,2,1197
5656,86,2013,103,450000.0,123,6,1,5.0,7,2,47,110000,5,1,1,1498
5657,116,2015,29,336000.0,26,20,1,5.0,2,2,163,89218,4,4,1,998
5658,110,2018,101,798000.0,103,20,0,5.0,8,2,159,88900,5,1,1,1248
5659,86,2009,15,100000.0,26,2,1,5.0,2,2,30,70000,5,4,1,995
5660,116,2018,40,362000.0,37,27,1,5.0,2,2,210,96639,5,4,1,999
5661,138,2019,101,750000.0,73,8,1,5.0,8,2,54,19100,2,4,1,1199
5662,116,2004,104,90000.0,2,6,1,5.0,8,2,53,100000,5,4,2,1597
5663,86,2021,204,1030000.0,130,20,1,6.0,4,2,165,70000,5,4,2,1462
5664,86,2021,51,700000.0,57,29,1,5.0,2,2,242,10000,5,4,2,1199
5665,86,2014,51,395000.0,52,9,1,5.0,2,2,72,100000,5,1,3,1120
5666,86,2019,189,830000.0000000001,76,28,1,5.0,8,2,221,50000,5,4,1,1598
5667,86,2014,298,1500000.0,187,30,0,7.0,7,2,252,120000,5,1,1,2982
5668,138,2011,77,280000.0,85,9,1,5.0,2,2,83,114000,5,4,1,1197
5669,140,2019,31,485000.0,48,9,1,5.0,2,2,75,57435,2,4,1,1086
5670,14,2019,31,495000.0,48,9,1,5.0,2,2,75,24978,5,4,2,1086
5671,118,2016,101,450000.0,52,9,0,5.0,8,2,81,73322,3,4,1,1197
5672,116,2014,32,397000.0,60,8,1,5.0,2,2,56,47784,5,4,2,1198
5673,86,2020,101,716000.0,110,30,0,5.0,2,2,253,80643,5,4,1,1197
5674,138,2019,189,830000.0000000001,76,28,1,5.0,8,2,221,48683,3,4,1,1598
5675,138,2016,34,380000.0,22,20,1,5.0,2,2,164,87908,5,4,1,998
5676,138,2013,137,200000.0,67,2,1,5.0,8,2,29,120000,5,4,1,1199
5677,138,2016,45,460000.0,44,20,0,5.0,2,2,142,61822,2,4,1,998
5678,116,2021,14,410000.0,28,20,1,5.0,2,2,137,23748,4,4,1,796
5679,86,2010,83,250000.0,61,31,1,5.0,2,2,264,120000,5,4,2,1198
5680,116,2016,29,408000.0,26,20,0,5.0,2,2,163,84484,5,4,1,998
5681,86,2018,40,400000.0,37,27,0,5.0,2,2,210,10000,5,4,1,999
5682,86,2018,40,400000.0,37,27,0,5.0,2,2,210,10000,5,4,1,999
5683,86,2014,166,1100000.0,249,21,0,5.0,2,2,170,60000,5,4,1,1595
5684,86,2011,77,310000.0,85,9,1,5.0,2,2,83,70000,5,4,2,1197
5685,86,2018,68,650000.0,103,20,0,5.0,2,2,158,50000,5,4,2,1197
5686,86,2015,66,350000.0,73,29,1,5.0,2,2,227,100000,5,1,1,1248
5687,9,2005,114,304000.0,13,30,1,8.0,4,2,255,150000,5,1,1,2494
5688,138,2018,98,750000.0,156,29,1,5.0,7,2,237,40000,5,4,2,1198
5689,116,2014,13,255000.0,27,20,1,5.0,2,2,137,70145,2,4,1,796
5690,86,2021,103,836000.0,99,8,1,5.0,7,2,64,70226,2,4,1,1199
5691,86,2021,96,1175000.0,154,29,0,5.0,7,2,237,30000,5,4,1,1199
5692,110,2015,29,363000.0,26,20,1,5.0,2,2,163,67993,5,4,2,998
5693,9,2018,101,729000.0,110,20,0,5.0,2,2,139,73224,2,4,2,1197
5694,86,2016,307,1600000.0,180,30,1,7.0,4,2,256,150000,5,1,2,2393
5695,110,2017,203,773000.0,73,8,1,5.0,8,2,58,75199,2,4,2,1497
5696,86,2018,183,1450000.0,165,12,1,5.0,7,2,94,40000,5,1,1,1956
5697,138,2016,69,590000.0,101,20,1,5.0,2,2,158,58671,5,4,1,1197
5698,9,2019,69,582000.0,101,20,1,5.0,2,2,158,54187,6,4,1,1197
5699,8,2019,377,4850000.0,199,21,0,5.0,8,2,174,43000,5,1,1,1950
5700,110,2014,87,552000.0,100,9,1,5.0,2,2,83,63457,2,4,2,1197
5701,136,2014,203,500000.0,73,8,1,5.0,8,2,58,117189,3,1,1,1498
5702,86,2014,310,800000.0,224,19,0,7.0,7,2,125,110000,5,1,1,2696
5703,116,2021,99,950000.0,139,30,1,5.0,7,2,258,20000,5,4,1,1462
5704,119,2020,102,819999.9999999999,123,6,1,5.0,7,2,47,12727,3,4,1,1496
5705,86,2017,316,1050000.0,224,29,1,7.0,7,2,229,70000,5,1,2,2179
5706,86,2009,25,180000.0,30,9,1,5.0,2,2,76,50000,5,4,1,1086
5707,110,2022,101,1300000.0,139,13,1,5.0,7,2,100,20000,5,4,1,998
5708,110,2019,10,341000.0,33,4,1,5.0,2,2,36,58547,2,4,2,799
5709,138,2018,101,708000.0,120,9,1,5.0,2,2,84,70784,4,4,1,1197
5710,138,2018,305,3600000.0,299,11,0,5.0,7,2,89,80000,5,1,2,1999
5711,138,2014,52,367000.0,60,20,1,5.0,2,2,154,94681,2,4,2,1197
5712,57,2013,76,522000.0,90,17,1,6.0,7,2,128,37421,2,1,2,2498
5713,86,2021,87,1500000.0,197,17,0,4.0,7,2,128,40000,5,4,1,1997
5714,8,2016,189,765000.0,76,28,1,5.0,8,2,221,100456,4,1,1,1498
5715,86,2008,235,250000.0,114,8,1,5.0,8,2,60,80000,5,4,2,1799
5716,138,2013,69,425000.0,101,20,1,5.0,2,2,158,95036,2,4,2,1197
5717,116,2015,15,260000.0,32,9,1,5.0,2,2,69,96632,2,4,2,814
5718,86,2008,235,250000.0,114,8,1,5.0,8,2,60,80000,5,4,2,1799
5719,110,2015,13,257000.0,27,20,1,5.0,2,2,137,60976,5,4,1,796
5720,9,2001,22,69000.0,26,20,1,5.0,2,2,166,120000,5,4,1,993
5721,8,2008,15,50000.0,26,2,1,5.0,2,2,30,88046,3,4,3,995
5722,138,2016,270,1625000.0,283,32,0,5.0,7,2,278,103000,5,1,1,1984
5723,138,2019,183,1650000.0,165,12,1,5.0,7,2,94,9800,5,4,1,1368
5724,138,2010,265,1150000.0,223,0,0,5.0,7,2,7,92000,5,4,1,1984
5725,116,2014,179,499000.0,62,8,1,7.0,4,2,62,59000,5,4,1,1497
5726,57,2013,137,315000.0,67,2,1,5.0,8,2,29,93000,5,1,1,1248
5727,86,2022,67,980000.0,108,29,0,5.0,7,2,238,10000,5,4,1,1199
5728,138,2017,101,821000.0000000001,140,20,1,5.0,7,2,162,70451,5,1,2,1248
5729,116,2018,69,568000.0,101,20,0,5.0,2,2,158,73838,5,4,2,1197
5730,86,2022,223,2100000.0,140,9,0,6.0,7,2,66,20000,5,4,1,1999
5731,116,2020,47,446000.0,37,27,1,5.0,2,2,210,22726,4,4,1,799
5732,9,2017,43,555000.0,67,20,0,5.0,2,2,151,98700,5,1,2,1248
5733,86,2022,159,1850000.0,151,16,0,5.0,7,2,111,20000,5,4,1,1349
5734,110,2018,101,559000.0,110,20,1,5.0,2,2,139,97909,2,1,2,1248
5735,86,2020,102,1050000.0,123,6,1,5.0,7,2,47,30000,5,1,1,1498
5736,110,2013,51,412000.0,52,9,1,5.0,2,2,72,77945,2,4,2,1197
5737,116,2017,101,615000.0,103,20,1,5.0,8,2,159,86017,2,4,1,1197
5738,138,2021,153,1810000.0,140,9,1,5.0,7,2,68,20000,5,1,1,1493
5739,116,2017,29,390000.0,26,20,1,5.0,2,2,163,83596,2,4,1,998
5740,86,2004,7,70000.0,20,20,1,4.0,2,2,134,80000,5,4,2,796
5741,55,2005,223,70000.0,89,2,1,5.0,8,2,28,110000,5,4,2,1599
5742,14,2019,80,560000.0,104,6,1,5.0,2,2,52,40000,5,4,1,1194
5743,55,2022,101,750000.0,101,20,1,5.0,8,2,159,50000,5,4,1,1197
5744,116,2001,195,170000.0,41,30,1,10.0,7,2,257,120000,5,1,2,2446
5745,9,2022,101,1320000.0,170,17,1,5.0,7,2,130,10000,5,4,1,1197
5746,138,2015,73,220000.00000000003,73,6,1,5.0,2,2,51,100000,5,1,1,1498
5747,97,2018,153,850000.0,136,20,1,5.0,7,2,157,79464,3,1,1,1248
5748,138,2016,101,523000.00000000006,101,20,1,5.0,8,2,159,87113,5,4,1,1197
5749,116,2015,101,583000.0,101,20,1,5.0,8,2,159,52315,2,4,1,1197
5750,138,2020,303,1750000.0,184,16,0,6.0,7,2,114,10000,5,4,1,1451
5751,110,2015,51,451000.0,52,9,1,5.0,2,2,72,60817,2,4,2,1197
5752,138,2018,101,668000.0,52,9,1,5.0,8,2,81,55797,2,1,2,1186
5753,8,2006,155,195000.0,73,9,1,5.0,8,2,80,110000,5,1,2,1493
5754,116,2017,101,824000.0,140,20,1,5.0,7,2,162,64285,4,1,1,1248
5755,138,2006,224,160000.0,97,28,1,5.0,8,2,220,120000,5,1,2,1896
5756,14,2016,101,622000.0,73,20,0,5.0,8,2,159,85948,5,1,1,1248
5757,86,2013,203,425000.0,73,8,1,5.0,8,2,58,105746,2,4,3,1497
5758,86,2015,179,450000.0,62,8,1,7.0,4,2,62,100000,5,4,1,1497
5759,116,2020,181,1020000.0,76,31,1,5.0,8,2,269,45949,4,4,1,999
5760,116,2006,109,325000.0,7,30,1,5.0,8,2,247,92000,5,4,1,1794
5761,138,2012,355,1499000.0,270,0,0,5.0,8,2,4,83000,5,1,1,1968
5762,86,2008,26,249000.00000000003,38,9,1,5.0,2,2,82,60000,5,4,1,1197
5763,110,2018,101,799000.0,120,9,1,5.0,2,2,84,75000,5,1,1,1396
5764,86,2004,7,70000.0,20,20,1,4.0,2,2,134,80000,5,4,2,796
5765,8,2013,70,390000.0,73,20,1,5.0,2,2,158,71000,5,1,1,1248
5766,138,2015,174,580000.0,77,9,1,5.0,8,2,80,84000,5,4,1,1591
5767,86,2018,42,380000.0,39,20,1,5.0,2,2,142,110000,5,4,1,998
5768,110,2011,26,264000.0,38,9,1,5.0,2,2,82,48659,5,4,1,1197
5769,110,2019,31,531000.0,48,9,0,5.0,2,2,75,26970,5,4,1,1086
5770,138,2007,252,525000.0,127,21,1,5.0,8,2,171,92000,5,4,1,1796
5771,138,2022,96,1024000.0,154,29,1,5.0,7,2,237,29766,4,1,1,1497
5772,9,2022,47,552000.0,36,27,1,5.0,2,2,210,6580,2,4,1,999
5773,86,2011,213,950000.0,264,1,0,5.0,7,2,17,80000,5,1,2,1995
5774,116,2012,69,382000.0,101,20,1,5.0,2,2,158,98910,5,4,2,1197
5775,86,2011,213,950000.0,264,1,0,5.0,7,2,17,80000,5,1,2,1995
5776,86,2017,219,715000.0,96,20,0,5.0,8,2,144,48247,5,4,1,1373
5777,116,2016,32,382000.0,60,8,1,5.0,2,2,56,54515,5,4,2,1198
5778,86,2018,101,860000.0,140,20,1,5.0,7,2,162,10000,5,1,2,1248
5779,110,2017,101,635000.0,110,20,1,5.0,2,2,139,80546,2,4,1,1197
5780,86,2013,29,325000.0,26,20,1,5.0,2,2,163,10000,5,3,2,998
5781,86,2008,15,120000.0,22,20,1,5.0,2,2,136,20000,5,4,2,796
5782,86,2022,67,850000.0,108,29,1,5.0,7,2,238,20000,5,4,1,1199
5783,86,2022,234,1700000.0,116,28,0,5.0,8,2,222,10000,5,4,1,999
5784,86,2012,189,170000.0,79,29,1,5.0,8,2,234,110000,5,4,3,1368
5785,86,2006,344,200000.0,168,8,1,5.0,8,2,63,100000,5,4,2,2354
5786,86,2012,198,400000.0,163,17,1,7.0,7,2,124,20000,5,1,2,2179
5787,86,2012,198,400000.0,163,17,1,7.0,7,2,124,20000,5,1,2,2179
5788,110,2014,26,327000.0,38,9,1,5.0,2,2,82,87773,2,4,1,1086
5789,138,2018,101,627000.0,73,8,1,5.0,8,2,54,81854,2,4,1,1199
5790,86,2012,70,350000.0,73,20,1,5.0,2,2,158,110000,5,1,1,1248
5791,86,2021,96,993000.0,154,29,1,5.0,7,2,237,33090,4,4,1,1199
5792,116,2016,219,550000.0,96,20,1,5.0,8,2,144,76071,5,4,2,1373
5793,86,2016,40,250000.0,37,27,1,5.0,2,2,210,60000,5,4,3,799
5794,9,2021,281,1924000.0,220,29,0,6.0,7,2,236,96529,5,1,1,1956
5795,86,2011,177,270000.0,76,31,1,5.0,8,2,269,110000,5,1,2,1598
5796,138,2017,103,669000.0,123,6,1,5.0,7,2,47,89576,2,1,3,1498
5797,9,2020,203,1321000.0,93,9,1,5.0,8,2,80,88178,4,1,1,1493
5798,86,2013,140,650000.0,73,20,1,7.0,4,2,146,70000,5,1,2,1248
5799,138,2021,101,706000.0,71,8,1,5.0,8,2,54,16925,5,4,1,1199
5800,116,2013,13,245000.00000000003,27,20,1,5.0,2,2,137,12000,5,4,1,796
5801,86,2018,300,5500000.0,216,1,0,5.0,7,2,18,20000,5,1,1,1995
5802,86,2013,248,700000.0,215,17,1,7.0,7,2,131,60000,5,1,1,2179
5803,86,2013,248,700000.0,215,17,1,7.0,7,2,131,60000,5,1,1,2179
5804,9,2014,365,2000000.0,210,11,0,5.0,8,2,92,50000,5,1,1,2993
5805,9,2018,360,3500000.0,284,1,0,5.0,8,2,14,120000,5,1,3,1995
5806,86,2019,98,850000.0,156,29,0,5.0,7,2,237,50000,5,1,2,1497
5807,86,2015,248,1500000.0,123,30,1,7.0,4,2,255,100000,5,1,1,2494
5808,86,2015,87,510000.0,100,9,1,5.0,2,3,83,120000,5,1,2,1396
5809,138,2012,69,381000.0,101,20,1,5.0,2,3,158,66951,4,4,1,1197
5810,86,2016,45,320000.0,44,20,0,5.0,2,3,142,80000,5,4,2,998
5811,116,2017,51,420000.0,52,9,1,5.0,2,3,72,44392,5,4,1,1197
5812,116,2016,29,350000.0,26,20,0,5.0,2,3,163,40000,5,4,1,998
5813,55,2007,155,150000.0,73,9,1,5.0,8,3,80,150000,5,1,2,1493
5814,138,2016,101,489000.0,52,9,1,5.0,8,3,81,91771,2,4,2,1197
5815,86,2011,332,425000.0,163,28,0,5.0,8,3,223,90000,5,1,1,1968
5816,14,2014,213,1375000.0,264,1,0,5.0,7,3,17,58621,2,1,1,1995
5817,86,2011,332,450000.0,163,28,0,5.0,8,3,223,90000,5,1,1,1968
5818,86,2013,101,350000.0,86,9,1,5.0,2,3,83,120000,5,1,3,1396
5819,86,2017,101,449000.0,84,29,1,5.0,8,3,245,120000,5,1,1,1248
5820,57,2011,26,295000.0,38,9,0,5.0,2,3,82,53165,2,4,1,1197
5821,8,2020,360,5890000.0,284,1,0,5.0,8,3,14,13500,2,1,1,1995
5822,8,2020,394,10500000.0,226,1,0,5.0,8,3,16,44210,2,1,1,2993
5823,14,2017,341,1990000.0,201,28,0,5.0,8,3,223,63255,2,1,1,1984
5824,57,2015,101,475000.0,73,20,1,5.0,8,3,159,79215,5,1,1,1248
5825,8,2023,153,2000000.0,140,9,0,5.0,7,3,68,200,5,4,1,1497
5826,86,2019,100,900000.0,169,17,1,5.0,7,3,130,40000,5,4,1,1197
5827,86,2021,96,950000.0,154,29,0,5.0,7,3,237,40000,5,4,1,1199
5828,86,2020,256,1900000.0,220,29,1,5.0,7,3,228,60000,5,1,1,1956
5829,138,2017,101,436000.00000000006,61,31,1,5.0,8,3,260,92721,4,4,1,1198
5830,86,2016,142,1000000.0,134,9,1,5.0,7,3,68,90000,5,1,1,1582
5831,110,2012,83,252000.0,61,31,1,5.0,2,3,264,34644,5,4,1,1198
5832,57,2021,101,685000.0,110,20,1,5.0,2,3,139,23000,2,4,2,1197
5833,86,2015,203,550000.0,73,8,1,5.0,8,3,58,100000,5,4,1,1497
5834,138,2018,101,699000.0,73,8,0,5.0,8,3,54,95000,2,1,2,1498
5835,138,2018,101,750000.0,103,20,1,5.0,8,3,159,69000,2,1,1,1248
5836,138,2018,11,325000.0,24,20,1,5.0,2,3,137,22000,2,4,1,796
5837,8,2012,333,1300000.0,190,1,0,5.0,8,3,14,85000,5,1,2,1995
5838,55,2017,295,2250000.0,212,28,0,7.0,7,3,217,90000,5,1,2,1968
5839,138,2017,348,4600000.0,234,1,0,5.0,7,3,20,82243,2,1,1,2993
5840,138,2013,101,375000.0,86,9,1,5.0,2,3,83,63000,2,4,2,1197
5841,110,2016,101,560000.0,110,20,1,5.0,2,3,139,77177,2,1,1,1248
5842,138,2011,177,590000.0,76,31,1,5.0,8,3,269,28368,2,1,1,1598
5843,86,2022,94,555000.0,113,27,1,5.0,7,3,211,40000,5,4,1,999
5844,8,2022,205,4200000.0,265,1,0,5.0,7,3,17,9690,2,4,1,1998
5845,86,2011,4,60000.0,25,29,1,4.0,2,3,235,40000,5,4,2,624
5846,86,2019,68,600000.0,103,20,1,5.0,2,3,158,40000,5,4,1,1197
5847,138,2011,15,170000.0,32,9,1,5.0,2,3,69,80000,5,4,2,814
5848,116,2014,83,343000.0,61,31,1,5.0,2,3,264,62761,2,1,1,1199
5849,116,2019,36,544000.0,41,20,1,5.0,2,3,163,45075,6,4,1,1197
5850,116,2021,101,990000.0,170,17,1,5.0,7,3,130,36882,2,4,1,1197
5851,138,2015,51,469000.00000000006,52,9,1,5.0,2,3,72,82030,2,4,1,1197
5852,116,2017,101,716000.0,110,20,0,5.0,2,3,139,31469,5,4,1,1197
5853,9,2022,151,1000000.0,135,20,1,5.0,7,3,157,20000,5,4,1,1462
5854,86,2010,15,150000.0,26,2,1,5.0,2,3,30,70000,5,4,3,995
5855,86,2014,101,305000.0,86,9,1,5.0,2,3,83,120000,5,1,1,1396
5856,86,2017,101,550000.0,73,20,1,5.0,8,3,159,120000,5,1,2,1248
5857,86,2014,178,1300000.0,252,0,0,5.0,7,3,6,90000,5,1,3,1968
5858,86,2012,32,290000.0,60,8,1,5.0,2,3,56,70000,5,4,5,1198
5859,86,2013,172,550000.0,77,9,1,5.0,8,3,80,90000,5,1,2,1582
5860,86,2011,138,210000.0,56,9,1,5.0,8,3,65,100000,5,3,2,1495
5861,138,2020,204,910000.0,130,20,1,6.0,4,3,165,70000,5,4,1,1462
5862,86,2010,28,225000.0,22,20,1,5.0,2,3,163,80000,5,4,1,1061
5863,57,2018,87,725000.0,100,9,1,5.0,2,3,83,43336,2,4,1,1197
5864,55,2018,247,570000.0,204,17,1,8.0,4,3,121,120000,5,1,2,1497
5865,8,2020,237,1200000.0,112,8,0,5.0,8,3,58,40000,5,4,2,1498
5866,138,2018,98,721000.0,156,29,1,5.0,7,3,237,90000,5,4,2,1198
5867,138,2021,91,775000.0,68,8,1,5.0,2,3,61,21659,5,4,1,1199
5868,55,2017,101,740000.0,140,20,1,5.0,7,3,162,80000,5,1,1,1248
5869,116,2018,101,732000.0,110,20,0,5.0,2,3,139,63662,5,4,1,1197
5870,57,2012,248,650000.0,120,30,1,8.0,4,3,255,188000,2,1,2,2494
5871,8,2019,398,5890000.0,279,11,0,5.0,8,3,93,82058,2,1,1,2993
5872,57,2019,153,850000.0,136,20,1,5.0,7,3,157,67847,2,1,1,1248
5873,8,2020,157,1650000.0,148,13,0,5.0,7,3,99,59627,2,1,1,1493
5874,86,2022,256,2150000.0,220,29,0,5.0,7,3,228,20000,5,1,1,1956
5875,86,2013,248,500000.0,215,17,1,7.0,7,3,131,50000,5,1,1,2179
5876,86,2011,129,250000.0,67,20,1,5.0,8,3,159,110000,5,1,2,1248
5877,138,2022,234,1473000.0,116,28,1,5.0,8,3,222,20000,5,4,1,999
5878,138,2018,101,650000.0,103,20,1,5.0,8,3,159,100000,5,1,4,1248
5879,116,2009,219,175000.0,103,20,1,5.0,8,3,156,80000,5,4,2,1586
5880,138,2018,102,750000.0,123,6,1,5.0,7,3,47,76800,5,1,1,1498
5881,110,2017,101,690000.0,110,20,0,5.0,2,3,139,71711,2,4,1,1197
5882,9,2019,101,714000.0,110,20,1,5.0,2,3,139,28406,6,4,1,1197
5883,86,2020,341,2680000.0,201,28,0,5.0,8,3,223,50000,5,4,1,1798
5884,116,2019,42,492000.0,51,20,1,5.0,2,3,142,53615,5,4,1,998
5885,138,2015,51,401000.0,52,9,1,5.0,2,3,72,33959,4,4,2,1197
5886,66,2016,82,475000.0,70,8,1,5.0,2,3,61,65300,2,4,2,1199
5887,110,2020,183,1700000.0,165,12,1,5.0,7,3,94,49000,2,1,1,1956
5888,138,2014,129,525000.0,67,20,1,5.0,8,3,159,81000,2,1,2,1248
5889,86,2014,17,175000.0,32,9,1,5.0,2,3,69,70000,5,4,3,998
5890,86,2010,25,130000.0,30,9,1,5.0,2,3,76,150000,5,0,3,1086
5891,8,2021,101,1150000.0,139,13,1,5.0,7,3,100,62000,2,1,1,1493
5892,86,2020,101,934000.0,140,20,1,5.0,7,3,162,40000,5,1,1,1248
5893,86,2013,177,360000.0,76,31,1,5.0,8,3,269,110000,5,1,1,1598
5894,86,2019,98,710000.0,156,29,1,5.0,7,3,237,30000,5,4,1,1198
5895,116,2007,11,150000.0,24,20,1,5.0,2,3,137,90000,5,4,2,796
5896,86,2017,253,650000.0,137,2,1,5.0,8,3,26,120000,5,1,1,1998
5897,55,2014,93,350000.0,60,8,1,5.0,8,3,54,90000,5,1,4,1498
5898,14,2019,284,2190000.0,159,28,0,5.0,8,3,220,41521,2,4,1,1798
5899,55,2016,248,1100000.0,123,30,1,8.0,4,3,255,80000,5,1,1,2494
5900,9,2019,93,625000.0,109,30,1,5.0,2,3,253,76000,2,4,1,1197
5901,138,2018,51,496000.0,52,9,1,5.0,2,3,72,100977,2,4,2,1197
5902,57,2015,149,899000.0,73,20,1,7.0,4,3,146,23793,2,1,1,1248
5903,14,2015,203,675000.0,73,8,1,5.0,8,3,58,81000,2,1,1,1498
5904,138,2021,101,910000.0,143,17,1,7.0,7,3,117,43867,4,1,1,1493
5905,57,2019,96,830000.0000000001,154,29,1,5.0,7,3,237,35000,2,1,1,1497
5906,110,2016,142,950000.0,134,9,0,5.0,7,3,68,125000,2,1,2,1582
5907,57,2019,51,470000.0,52,9,1,5.0,2,3,72,83000,2,4,2,1197
5908,8,2023,302,9000000.0,222,1,0,5.0,7,3,18,300,2,4,1,2998
5909,138,2017,142,850000.0,134,9,1,5.0,7,3,68,84000,5,1,1,1396
5910,86,2023,51,665000.0,57,29,1,5.0,2,3,242,10000,5,4,1,1199
5911,86,2013,177,360000.0,76,31,1,5.0,8,3,269,110000,5,1,1,1598
5912,138,2022,153,1850000.0,140,9,0,5.0,7,3,68,64000,2,1,1,1493
5913,55,2009,15,120000.0,22,20,1,5.0,2,3,136,90000,5,4,4,796
5914,138,2019,81,600000.0,69,8,0,5.0,2,3,61,56000,5,4,2,1199
5915,86,2013,103,360000.0,123,6,1,5.0,7,3,47,120000,5,1,2,1498
5916,138,2015,87,625000.0,100,9,1,5.0,2,3,83,75000,2,1,1,1396
5917,138,2019,103,740000.0,100,8,1,5.0,7,3,64,26633,2,4,1,1199
5918,86,2009,15,142000.0,22,20,1,5.0,2,3,136,100000,5,4,2,796
5919,8,2020,237,1200000.0,112,8,0,5.0,8,3,58,40000,5,4,2,1498
5920,138,2022,31,575000.0,48,9,1,5.0,2,3,75,4527,4,4,1,1086
5921,138,2017,10,321000.0,33,4,0,5.0,2,3,36,25446,2,4,1,999
5922,116,2019,103,680000.0,100,8,1,5.0,7,3,64,50923,2,4,1,1199
5923,110,2017,101,825000.0,140,20,1,5.0,7,3,162,56123,2,1,1,1248
5924,116,2015,29,396000.0,26,20,1,5.0,2,3,163,64984,2,4,1,998
5925,9,2019,101,742000.0,110,20,0,5.0,2,3,139,77561,6,4,2,1197
5926,86,2018,153,851000.0,136,20,1,5.0,7,3,157,90000,5,1,1,1248
5927,110,2018,101,840000.0,140,20,1,5.0,7,3,162,85123,2,1,1,1248
5928,138,2019,203,851000.0,73,8,1,5.0,8,3,58,90456,2,1,1,1498
5929,9,2017,183,1300000.0,165,12,1,5.0,7,3,94,94215,2,1,1,1956
5930,57,2016,248,970000.0,215,17,1,7.0,7,3,131,76200,2,1,2,2179
5931,14,2019,103,775000.0,100,8,1,5.0,7,3,64,59000,2,4,1,1199
5932,55,2016,248,1100000.0,123,30,1,8.0,4,3,255,80000,5,1,1,2494
5933,9,2017,219,700000.0,96,20,1,5.0,8,3,144,112000,2,1,1,1248
5934,138,2023,99,1100000.0,139,20,1,5.0,7,3,141,20000,5,4,1,1462
5935,138,2020,98,915000.0,156,29,0,5.0,7,3,237,20000,5,4,1,1198
5936,50,2021,131,1850000.0,120,31,0,5.0,7,3,266,46100,2,4,1,1498
5937,9,2020,101,600000.0,110,20,1,5.0,2,3,139,51374,2,4,1,1197
5938,86,2019,101,900000.0,140,20,1,5.0,7,3,162,40000,5,1,1,1248
5939,86,2019,42,400000.0,39,20,1,5.0,2,3,142,110000,5,4,2,998
5940,86,2015,149,540000.0,73,20,1,7.0,4,3,146,120000,5,1,4,1248
5941,110,2018,103,640000.0,100,8,1,5.0,7,3,64,48089,6,4,3,1199
5942,116,2018,203,798000.0,73,8,1,5.0,8,3,58,51046,5,4,2,1497
5943,138,2015,51,385000.0,52,9,1,5.0,2,3,72,62134,4,4,1,1197
5944,14,2016,82,485000.0,70,8,1,5.0,2,3,61,54256,2,4,1,1199
5945,116,2017,219,528000.0,96,20,1,5.0,8,3,144,118046,4,4,2,1373
5946,110,2021,134,1000000.0,120,28,1,5.0,7,3,218,44461,2,4,1,999
5947,86,2020,51,545000.0,52,9,1,5.0,2,3,72,80000,5,4,1,1197
5948,57,2015,114,835000.0,13,30,1,8.0,4,3,255,125000,5,1,2,2494
5949,138,2013,198,635000.0,163,17,1,8.0,7,3,124,120000,5,1,2,2179
5950,57,2017,219,621000.0,96,20,1,5.0,8,3,144,70123,2,4,1,1373
5951,8,2016,142,850000.0,134,9,1,5.0,7,3,68,80000,5,1,1,1396
5952,86,2019,203,980000.0,73,8,1,5.0,8,3,58,80000,5,4,1,1497
5953,8,2007,310,450000.0,130,23,1,6.0,7,3,195,120000,5,1,3,2835
5954,9,2015,323,3190000.0,292,21,0,5.0,7,3,183,114756,2,1,1,2143
5955,57,2016,149,899000.0,73,20,1,7.0,4,3,146,23793,2,1,1,1248
5956,57,2011,292,1200000.0,186,30,1,7.0,7,3,252,100181,2,1,2,2982
5957,138,2016,42,360000.0,39,20,1,5.0,2,3,142,60000,2,4,1,998
5958,66,2019,157,1395000.0,148,13,1,5.0,7,3,99,16858,2,4,1,1353
5959,86,2017,101,600000.0,184,17,1,7.0,7,3,126,80000,5,1,2,1493
5960,110,2022,47,453000.0,36,27,1,5.0,2,3,210,7414,4,4,1,799
5961,138,2020,79,534000.0,81,6,1,5.0,2,3,51,18206,4,4,1,1194
5962,57,2016,203,610000.0,73,8,1,5.0,8,3,58,77000,2,4,2,1497
5963,138,2019,102,709000.0,123,6,1,5.0,7,3,47,56569,4,1,1,1498
5964,110,2021,234,1000000.0,116,28,1,5.0,8,3,222,44461,2,4,1,999
5965,86,2019,13,320000.0,27,20,1,5.0,2,3,137,40000,5,4,2,796
5966,138,2022,101,890000.0,101,20,1,5.0,8,3,159,20000,5,4,1,1197
5967,86,2020,101,725000.0,73,8,1,5.0,8,3,54,30000,5,4,1,1199
5968,86,2017,183,1150000.0,165,12,1,5.0,7,3,94,120000,5,1,1,1956
5969,86,2017,142,1010000.0,134,9,0,5.0,7,3,68,90000,5,1,2,1582
5970,66,2016,209,790000.0,103,8,1,7.0,7,3,55,43919,2,1,1,1498
5971,138,2015,142,888000.0000000001,134,9,1,5.0,7,3,68,80000,5,1,1,1582
5972,138,2016,174,695000.0,77,9,0,5.0,8,3,80,72602,2,1,2,1582
5973,57,2016,51,425000.0,52,9,1,5.0,2,3,72,86000,5,4,1,1197
5974,116,2020,47,425000.0,37,27,1,5.0,2,3,210,32355,2,4,1,999
5975,86,2021,101,710000.0,130,9,1,5.0,2,3,83,40000,5,4,2,1197
5976,86,2020,237,1060000.0,112,8,1,5.0,8,3,58,30000,5,4,1,1498
5977,9,2016,213,2390000.0,264,1,0,5.0,7,3,17,94724,2,1,1,1995
5978,57,2017,269,2500000.0,274,32,0,5.0,8,3,273,72916,2,1,1,2400
5979,86,2016,29,400000.0,26,20,1,5.0,2,3,163,100000,5,4,1,998
5980,14,2019,284,2190000.0,159,28,0,5.0,8,3,220,41521,2,4,1,1798
5981,138,2019,98,723000.0,156,29,1,5.0,7,3,237,76065,2,4,2,1198
5982,8,2007,310,450000.0,130,23,1,6.0,7,3,195,120000,5,1,3,2835
5983,138,2022,93,790000.0,109,20,1,5.0,2,3,139,9909,6,4,2,1197
5984,138,2018,203,795000.0,73,8,1,5.0,8,3,58,37811,4,4,2,1497
5985,86,2014,189,252000.0,79,29,1,5.0,8,3,234,60000,5,1,3,1248
5986,86,2015,177,610000.0,76,31,1,5.0,8,3,269,120000,5,1,2,1498
5987,138,2015,209,2190000.0,239,0,0,5.0,8,3,1,42840,2,1,1,1968
5988,9,2019,100,1020000.0,169,17,1,5.0,7,3,130,60000,5,4,1,1197
5989,116,2013,57,200000.0,73,29,1,5.0,2,3,230,120000,5,1,1,1248
5990,9,2018,68,650000.0,103,20,1,5.0,2,3,158,70000,2,4,2,1197
5991,8,2022,159,1425000.0,151,16,0,5.0,7,3,111,8401,5,4,1,1498
5992,8,2022,233,1789999.9999999998,148,13,0,6.0,4,3,97,16275,2,4,1,1353
5993,138,2019,102,630000.0,123,6,1,5.0,7,3,47,30000,5,4,1,1497
5994,138,2021,157,1450000.0,148,13,1,5.0,7,3,99,22289,2,4,1,1497
5995,110,2018,40,285000.0,37,27,1,5.0,2,3,210,70123,4,4,1,999
5996,138,2019,94,535000.0,105,27,1,7.0,4,3,215,50123,2,4,1,999
5997,57,2018,42,435000.0,39,20,0,5.0,2,3,142,70123,2,4,1,998
5998,86,2016,15,230000.0,32,9,1,5.0,2,3,69,100000,5,4,3,814
5999,86,2014,248,550000.0,215,17,1,7.0,7,3,131,110000,5,1,3,2179
6000,116,2017,101,574000.0,61,31,1,5.0,8,3,260,99643,4,1,1,1498
6001,116,2017,103,589000.0,100,8,1,5.0,7,3,64,103116,6,4,1,1199
6002,138,2017,137,350000.0,67,2,1,5.0,8,3,29,120000,5,1,1,1248
6003,116,2017,23,377000.0,24,20,0,5.0,2,3,138,43202,2,4,1,998
6004,9,2017,101,544000.0,61,31,1,5.0,8,3,260,57671,2,4,1,1198
6005,116,2014,17,225000.0,32,9,1,5.0,2,3,69,70000,2,4,3,998
6006,86,2021,303,1700000.0,184,16,0,6.0,7,3,114,40000,5,4,1,1451
6007,86,2017,219,600000.0,96,20,1,5.0,8,3,144,60000,5,4,2,1373
6008,86,2021,101,869999.9999999999,140,20,1,5.0,7,3,162,60000,5,4,1,1462
6009,138,2019,266,2490000.0,132,21,0,5.0,8,3,172,74700,2,1,1,2143
6010,138,2015,101,500000.0,73,20,1,5.0,8,3,159,110000,5,1,3,1248
6011,86,2010,26,180000.0,38,9,1,5.0,2,3,82,100000,5,4,4,1086
6012,138,2020,217,800000.0,94,20,1,5.0,8,3,144,60000,5,4,1,1462
6013,8,2018,183,1500000.0,165,12,1,5.0,7,3,94,62000,2,1,1,1956
6014,86,2012,271,850000.0,275,1,0,5.0,7,3,18,120000,5,1,2,1995
6015,138,2014,196,270000.0,73,27,1,5.0,8,3,214,90000,5,1,2,1461
6016,86,2013,172,410000.0,77,9,1,5.0,8,3,80,120000,5,1,3,1582
6017,86,2019,218,725000.0,95,20,1,5.0,8,3,144,40000,5,4,1,1462
6018,86,2020,101,900000.0,140,20,1,5.0,7,3,162,60000,5,4,2,1462
6019,86,2018,101,625000.0,110,20,1,5.0,2,3,139,50000,5,4,1,1197
6020,116,2019,101,665000.0,110,20,1,5.0,2,3,139,42811,2,4,1,1197
6021,138,2018,45,453000.0,44,20,1,5.0,2,3,143,82558,6,4,1,998
6022,86,2019,218,750000.0,95,20,1,5.0,8,3,144,40000,5,4,1,1462
6023,9,2018,102,692000.0,123,6,1,5.0,7,3,47,104521,2,1,1,1498
6024,9,2018,101,525000.0,110,20,1,5.0,2,3,139,95745,2,4,1,1197
6025,57,2018,51,480000.0,52,9,1,5.0,2,3,72,78000,5,1,1,1120
6026,86,2013,262,1100000.0,255,1,0,5.0,8,3,11,90000,5,1,3,1995
6027,86,2009,240,250000.0,124,28,1,5.0,8,3,219,150000,5,1,3,1896
6028,86,2020,101,680000.0,110,20,1,5.0,2,3,139,70000,5,4,2,1197
6029,86,2020,101,680000.0,110,20,1,5.0,2,3,139,70000,5,4,2,1197
6030,86,2014,203,550000.0,73,8,1,5.0,8,3,58,90000,5,1,2,1498
6031,86,2006,344,270000.0,168,8,1,5.0,8,3,63,100000,5,4,2,2354
6032,86,2013,244,1025000.0,168,8,0,5.0,7,3,57,80000,5,4,2,2354
6033,86,2017,375,3600000.0,303,0,0,7.0,7,3,8,150000,5,1,1,2967
6034,86,2016,174,650000.0,77,9,1,5.0,8,3,80,90000,5,1,3,1582
6035,8,2013,265,1750000.0,271,0,0,5.0,7,3,7,60091,5,1,1,1968
6036,138,2012,298,1325000.0,187,30,1,7.0,7,3,252,170000,2,1,1,2982
6037,57,2016,11,265000.0,28,20,1,5.0,2,3,137,42000,5,4,2,796
6038,138,2022,94,675000.0,114,27,1,5.0,7,3,211,37724,4,4,1,999
6039,86,2011,57,100000.0,60,6,1,5.0,2,3,51,120000,5,1,1,1399
6040,138,2014,140,634000.0,73,20,1,7.0,4,3,146,100227,4,1,1,1248
6041,138,2017,101,458000.0,52,9,1,5.0,8,3,81,94112,2,4,1,1197
6042,138,2021,99,940000.0,139,30,1,5.0,7,3,258,23848,4,4,1,1462
6043,116,2015,29,327000.0,26,20,1,5.0,2,3,163,43349,5,4,3,998
6044,138,2012,140,459000.0,73,20,1,7.0,4,3,146,64394,4,1,3,1248
6045,138,2021,157,1390000.0,148,13,1,5.0,7,3,99,17353,2,4,1,1497
6046,55,2009,28,160000.0,22,20,1,5.0,2,3,163,30000,5,4,2,1061
6047,86,2006,25,105000.0,30,9,1,5.0,2,3,76,80000,5,4,3,1086
6048,86,2016,43,295000.0,67,20,1,5.0,2,3,151,70000,5,1,1,1248
6049,9,2021,47,445000.0,37,27,1,5.0,2,3,210,10000,5,4,1,799
6050,110,2020,157,1525000.0,148,13,1,5.0,7,3,99,49017,2,1,1,1493
6051,86,2015,142,700000.0,134,9,1,5.0,7,3,68,120000,5,1,1,1396
6052,86,2019,156,1300000.0,146,13,1,5.0,7,3,99,80000,5,4,1,1353
6053,55,2018,29,390000.0,26,20,1,5.0,2,3,163,50000,5,4,1,998
6054,86,2016,29,350000.0,26,20,0,5.0,2,3,163,40000,5,4,1,998
6055,86,2021,47,450000.0,37,27,1,5.0,2,3,210,60000,5,4,1,799
6056,86,2014,68,450000.0,103,20,1,5.0,2,3,158,70000,5,1,2,1248
6057,138,2019,100,950000.0,126,9,1,5.0,7,3,79,87000,2,1,1,1493
6058,57,2017,354,2990000.0,278,1,0,5.0,8,3,14,96330,2,1,1,1995
6059,116,2015,68,446000.0,103,20,1,5.0,2,3,158,81040,4,1,2,1248
6060,110,2018,84,672000.0,61,31,0,5.0,2,3,264,112625,4,4,1,1197
6061,138,2018,51,500000.0,52,9,1,5.0,2,3,72,58374,2,4,1,1197
6062,86,2014,51,409000.0,52,9,1,5.0,2,3,72,31733,4,4,2,1197
6063,138,2019,101,759000.0,110,20,1,5.0,2,3,139,49616,6,1,1,1248
6064,86,2018,203,825000.0,73,8,1,5.0,8,3,58,70000,5,4,1,1497
6065,14,2016,219,670000.0,96,20,1,5.0,8,3,144,68000,2,1,1,1248
6066,110,2011,175,200000.0,42,29,1,5.0,8,3,232,120000,5,1,1,1396
6067,86,2015,103,600000.0,123,6,1,5.0,7,3,47,50000,5,4,2,1499
6068,86,2014,230,600000.0,130,9,1,5.0,8,3,70,120000,5,1,2,1582
6069,57,2019,386,5890000.0,292,21,0,7.0,7,3,182,116544,2,1,1,2987
6070,9,2010,75,325000.0,73,8,1,5.0,2,3,61,49580,2,4,1,1198
6071,138,2017,248,1195000.0,215,17,1,7.0,7,3,131,56031,5,1,2,2179
6072,57,2022,233,1789999.9999999998,148,13,0,7.0,4,3,97,15285,2,1,1,1493
6073,57,2022,51,590000.0,57,29,1,5.0,2,3,242,4437,5,4,1,1199
6074,138,2018,29,410000.0,26,20,1,5.0,2,3,163,24590,5,4,1,998
6075,86,2022,101,700000.0,110,20,1,5.0,2,3,139,20000,5,4,1,1197
6076,57,2013,101,325000.0,86,9,1,5.0,2,3,83,70456,2,4,1,1197
6077,138,2022,234,1490000.0,116,28,1,5.0,8,3,222,20000,5,4,1,999
6078,86,2013,101,311000.0,86,9,1,5.0,2,3,83,120000,5,4,1,1197
6079,116,2016,174,701000.0,77,9,1,5.0,8,3,80,50889,5,1,2,1582
6080,138,2012,69,371000.0,101,20,1,5.0,2,3,158,76043,2,4,1,1197
6081,138,2019,276,5400000.0,215,21,0,5.0,7,3,179,10200,2,4,1,1991
6082,116,2014,51,349000.0,52,9,1,5.0,2,3,72,55890,2,4,1,1197
6083,116,2016,82,475000.0,70,8,1,5.0,2,3,61,81984,4,4,2,1199
6084,138,2014,32,290000.0,60,8,1,5.0,2,3,56,70123,2,4,2,1198
6085,86,2021,47,445000.0,37,27,1,5.0,2,3,210,60000,5,4,1,799
6086,86,2010,26,180000.0,38,9,1,5.0,2,3,82,100000,5,4,4,1086
6087,86,2010,15,150000.0,22,20,1,5.0,2,3,136,110000,5,4,3,796
6088,86,2019,218,690000.0,95,20,1,5.0,8,3,144,40000,5,4,1,1462
6089,138,2018,317,3000000.0,197,30,1,7.0,7,3,252,90000,5,1,1,2755
6090,86,2017,40,360000.0,37,27,1,5.0,2,3,210,50000,5,4,1,999
6091,138,2020,101,750000.0,103,20,0,5.0,8,3,159,50000,5,4,1,1197
6092,116,2013,101,475000.0,73,20,1,5.0,8,3,159,56805,2,1,1,1248
6093,86,2016,84,425000.0,61,31,1,5.0,2,3,264,120000,5,1,2,1498
6094,86,2011,191,320000.0,72,8,1,5.0,8,3,58,120000,5,4,2,1497
6095,138,2019,51,500000.0,52,9,1,5.0,2,3,72,90000,5,1,2,1186
6096,86,2014,177,435000.0,76,31,1,5.0,8,3,269,100000,5,1,2,1598
6097,138,2015,345,2750000.0,267,21,0,5.0,8,3,174,70705,2,1,1,2143
6098,116,2014,129,525000.0,67,20,1,5.0,8,3,159,75000,2,1,1,1248
6099,116,2020,12,362000.0,34,4,1,5.0,2,3,36,17587,4,4,1,999
6100,138,2019,31,455000.0,48,9,1,5.0,2,3,75,27153,2,4,2,1086
6101,86,2011,76,500000.0,90,17,1,6.0,7,3,128,90000,5,1,2,2498
6102,86,2012,129,380000.0,67,20,1,5.0,8,3,159,104243,2,1,1,1248
6103,138,2017,203,851000.0,73,8,0,5.0,8,3,58,25791,2,4,1,1497
6104,86,2010,292,815000.0,186,30,1,7.0,7,3,252,120000,5,1,2,2982
6105,110,2013,365,1400000.0,210,11,0,5.0,8,3,92,70000,5,1,2,2179
6106,138,2021,100,690000.0,126,9,1,5.0,7,3,79,60000,5,4,1,1197
6107,138,2021,101,890000.0,140,20,1,5.0,7,3,162,17580,2,4,1,1462
6108,86,2012,248,330000.0,215,17,1,7.0,7,3,131,120000,5,1,2,2179
6109,138,2020,101,811000.0,140,20,1,5.0,7,3,162,39109,5,4,1,1462
6110,86,2022,101,894999.9999999999,140,20,1,5.0,7,3,162,20000,5,4,1,1462
6111,8,2018,103,650000.0,100,8,1,5.0,7,3,64,80000,5,1,1,1498
6112,86,2022,42,590000.0,51,20,1,5.0,2,3,142,20000,5,4,1,998
6113,116,2007,114,300000.0,13,30,1,8.0,4,3,255,120000,5,1,2,2494
6114,86,2015,68,445000.0,103,20,1,5.0,2,3,158,70000,5,4,2,1197
6115,86,2016,203,650000.0,73,8,0,5.0,8,3,58,70000,5,4,2,1497
6116,86,2010,15,150000.0,22,20,1,5.0,2,3,136,110000,5,4,3,796
6117,110,2011,83,300000.0,61,31,1,5.0,2,3,264,70000,5,4,1,1198
6118,138,2019,183,1890000.0,165,12,1,5.0,7,3,94,9106,2,1,1,1956
6119,138,2019,101,579000.0,73,8,1,5.0,8,3,54,90239,5,4,1,1199
6120,138,2014,17,298000.0,32,9,1,5.0,2,3,69,31608,2,4,2,998
6121,14,2019,101,595000.0,73,8,1,5.0,8,3,54,58740,5,4,1,1199
6122,138,2018,87,544000.0,100,9,1,5.0,2,3,83,73398,4,4,2,1197
6123,8,2019,218,894999.9999999999,95,20,0,5.0,8,3,144,29393,4,4,1,1462
6124,86,2016,84,425000.0,61,31,1,5.0,2,3,264,100000,5,1,2,1498
6125,86,2008,363,244000.0,189,8,1,5.0,8,3,63,150000,5,4,2,2354
6126,86,2013,298,1555000.0,187,30,1,7.0,7,3,252,150000,5,1,1,2982
6127,86,2013,355,1450000.0,270,0,0,5.0,8,3,4,40000,5,1,2,1968
6128,8,2019,40,370000.0,37,27,0,5.0,2,3,210,30000,5,4,2,999
6129,57,2019,157,1525000.0,148,13,0,5.0,7,3,99,44354,2,1,1,1493
6130,138,2016,40,290000.0,37,27,1,5.0,2,3,210,65000,2,4,2,999
6131,57,2016,68,525000.0,103,20,1,5.0,2,3,158,79700,2,1,1,1248
6132,116,2007,114,285000.0,13,30,1,8.0,4,3,255,120000,5,1,2,2494
6133,86,2019,101,650000.0,110,20,1,5.0,2,3,139,30000,5,4,1,1197
6134,138,2021,101,1325000.0,140,13,0,5.0,7,3,100,45204,2,1,1,1493
6135,57,2017,87,575000.0,100,9,1,5.0,2,3,83,81000,2,1,1,1396
6136,86,2008,181,170000.0,73,8,1,5.0,8,3,58,120000,5,4,1,1497
6137,86,2020,62,590000.0,59,9,1,5.0,2,3,73,40000,5,4,2,1197
6138,138,2019,87,753000.0,100,9,0,5.0,2,3,83,33236,6,4,2,1197
6139,138,2014,51,425000.0,52,9,0,5.0,2,3,72,50000,5,4,2,1197
6140,86,2019,101,587000.0,110,20,1,5.0,2,3,139,47214,2,4,1,1197
6141,138,2019,62,580000.0,59,9,1,5.0,2,3,73,54670,5,4,2,1197
6142,86,2018,93,530000.0,60,8,1,5.0,8,3,54,30000,5,4,2,1198
6143,86,2013,121,400000.0,110,17,1,7.0,7,3,116,120000,5,1,1,2523
6144,138,2016,101,300000.0,84,29,1,5.0,8,3,245,120000,5,4,2,1193
6145,57,2015,298,1595000.0,187,30,0,7.0,7,3,252,125000,2,1,1,2982
6146,86,2017,101,380000.0,73,6,1,5.0,8,3,46,100000,5,1,1,1498
6147,138,2017,87,625000.0,100,9,1,5.0,2,3,83,57000,2,4,2,1197
6148,86,2011,15,160000.0,26,2,1,5.0,2,3,30,70000,5,3,2,995
6149,86,2017,84,525000.0,61,31,1,5.0,2,3,264,120000,5,1,1,1498
6150,86,2022,93,850000.0,109,20,1,5.0,2,3,139,30000,5,4,1,1197
6151,8,2008,353,390000.0,206,6,1,7.0,7,3,48,120000,5,1,2,2953
6152,138,2021,157,1490000.0,148,13,1,5.0,7,3,99,3844,5,4,1,1497
6153,55,2011,253,190000.0,137,2,1,5.0,8,3,26,120000,5,1,4,1991
6154,14,2020,46,375000.0,36,27,1,5.0,2,3,210,50000,2,4,1,999
6155,86,2008,244,180000.0,168,8,1,5.0,7,3,57,120000,5,4,3,2354
6156,86,2015,248,950000.0,215,17,1,7.0,7,3,131,80000,5,1,2,1997
6157,138,2012,101,383000.0,101,20,1,5.0,8,3,159,94554,2,4,1,1197
6158,116,2021,101,713000.0,110,20,1,5.0,2,3,139,15991,6,4,1,1197
6159,86,2013,198,520000.0,163,17,1,7.0,7,3,124,70000,5,1,3,2179
6160,116,2017,101,655000.0,103,20,0,5.0,8,3,159,72918,5,1,1,1248
6161,86,2018,10,313000.0,33,4,0,5.0,2,3,36,22982,2,4,1,999
6162,138,2015,87,575000.0,100,9,1,5.0,2,3,83,76000,2,1,1,1396
6163,57,2017,189,675000.0,76,28,1,5.0,8,3,221,115000,5,1,1,1498
6164,138,2018,101,825000.0,140,20,1,5.0,7,3,162,73000,2,1,1,1248
6165,86,2016,351,2075000.0,199,6,0,7.0,7,3,48,90000,5,1,2,2198
6166,86,2019,31,445000.0,48,9,1,5.0,2,3,75,30000,5,4,1,1086
6167,86,2014,51,350000.0,52,9,1,5.0,2,3,72,80000,5,1,2,1120
6168,138,2022,134,1300000.0,120,28,1,5.0,7,3,218,10000,5,4,1,999
6169,86,2012,248,330000.0,215,17,1,7.0,7,3,131,120000,5,1,2,2179
6170,86,2022,62,750000.0,59,9,0,5.0,2,3,73,10000,5,4,1,1197
6171,86,2022,62,750000.0,59,9,0,5.0,2,3,73,10000,5,4,1,1197
6172,86,2020,94,670000.0,105,27,1,7.0,4,3,215,30000,5,4,1,999
6173,86,2022,101,894999.9999999999,140,20,1,5.0,7,3,162,20000,5,4,1,1462
6174,86,2007,71,90000.0,56,2,1,5.0,2,3,23,60000,5,4,1,1150
6175,138,2017,42,365000.0,51,20,0,5.0,2,3,142,107963,2,4,1,998
6176,86,2012,157,347000.0,173,27,1,5.0,7,3,208,121243,4,1,2,1461
6177,138,2020,255,1470000.0,219,29,1,5.0,7,3,228,100000,5,1,1,1956
6178,86,2015,32,309000.0,60,8,1,5.0,2,3,56,67194,2,4,1,1198
6179,116,2016,203,586000.0,73,8,1,5.0,8,3,58,69236,2,4,2,1497
6180,86,2019,103,900000.0,100,8,1,5.0,7,3,64,80000,5,1,1,1498
6181,86,2018,183,900000.0,165,12,1,5.0,7,3,94,90000,5,4,2,1368
6182,86,2020,274,1550000.0,184,16,1,5.0,7,3,113,60000,5,1,1,1956
6183,138,2017,257,2300000.0,298,14,0,7.0,7,3,103,80000,5,1,2,1999
6184,110,2016,168,3200000.0,283,14,0,5.0,7,3,106,81317,2,1,2,1999
6185,86,2015,26,255000.0,38,9,1,5.0,2,3,82,60000,5,4,2,1197
6186,138,2015,157,355000.0,173,27,1,5.0,7,3,208,80000,5,1,1,1461
6187,86,2018,157,650000.0,173,27,1,5.0,7,3,208,60000,5,1,2,1461
6188,86,2014,51,275000.0,52,9,1,5.0,2,3,72,110000,5,1,3,1120
6189,86,2011,144,150000.0,63,6,1,5.0,8,3,50,120000,5,1,2,1399
6190,86,2017,142,900000.0,134,9,0,5.0,7,3,68,110000,5,1,2,1582
6191,86,2017,360,2500000.0,284,1,0,5.0,8,3,14,100000,5,1,1,1995
6192,138,2018,68,600000.0,103,20,1,5.0,2,3,158,57000,2,4,1,1197
6193,55,2013,262,975000.0,255,1,0,5.0,8,3,11,70000,5,1,2,1995
6194,138,2014,68,475000.0,103,20,1,5.0,2,3,158,76000,2,1,1,1248
6195,110,2021,69,801000.0,101,20,0,5.0,2,3,158,7183,6,4,2,1197
6196,86,2021,153,1574000.0,140,9,0,5.0,7,3,68,6165,4,4,3,1353
6197,116,2012,179,350000.0,76,28,1,5.0,8,3,221,85000,2,1,2,1598
6198,57,2022,51,590000.0,57,29,1,5.0,2,3,242,4437,4,0,1,1199
6199,110,2016,87,532000.0,100,9,1,5.0,2,3,83,34217,2,4,1,1197
6200,138,2017,84,525000.0,61,31,1,5.0,2,3,264,80101,2,4,1,1198
6201,86,2007,235,170000.0,114,8,1,5.0,8,3,60,150000,5,4,3,1799
6202,86,2012,16,225000.0,39,20,1,5.0,2,3,135,50000,5,4,1,998
6203,86,2019,209,1600000.0,168,17,1,7.0,7,3,124,100000,5,1,2,2179
6204,138,2011,36,250000.0,41,20,1,5.0,2,3,163,72580,2,4,1,998
6205,137,2012,172,300000.0,77,9,1,5.0,8,3,80,120000,5,1,4,1582
6206,86,2020,203,1000000.0,93,9,1,5.0,8,3,80,120000,5,1,1,1582
6207,86,2019,31,420000.0,48,9,1,5.0,2,3,75,30000,5,4,1,1086
6208,86,2012,83,300000.0,61,31,1,5.0,2,3,264,100000,5,1,1,1199
6209,57,2018,87,675000.0,100,9,1,5.0,2,3,83,69000,2,1,1,1396
6210,138,2017,68,625000.0,103,20,1,5.0,2,3,158,50040,2,1,1,1248
6211,116,2015,235,1290000.0,168,8,0,5.0,7,3,57,48350,2,4,1,2354
6212,8,2011,35,110000.0,38,2,1,5.0,2,3,24,40000,5,4,2,1199
6213,8,2011,253,217000.0,137,2,1,5.0,8,3,26,120000,5,1,4,1991
6214,86,2011,272,250000.0,229,29,1,7.0,7,3,236,120000,5,1,1,2179
6215,116,2017,203,715000.0,73,8,0,5.0,8,3,58,74573,5,4,1,1497
6216,116,2018,40,356000.0,37,27,0,5.0,2,3,210,64715,6,4,1,999
6217,138,2014,203,525000.0,73,8,1,5.0,8,3,58,76000,2,1,1,1498
6218,138,2017,29,341000.0,26,20,1,5.0,2,3,163,99348,5,4,2,998
6219,86,2017,51,443000.0,52,9,1,5.0,2,3,72,39176,6,4,1,1197
6220,86,2012,16,225000.0,39,20,1,5.0,2,3,135,50000,5,4,1,998
6221,138,2017,59,300000.0,55,24,1,5.0,2,3,199,80000,5,4,2,1198
6222,86,2020,101,750000.0,140,20,1,5.0,7,3,162,50000,5,4,1,1462
6223,86,2016,101,490000.00000000006,73,20,1,5.0,8,3,159,120000,5,1,3,1248
6224,86,2012,140,450000.0,73,20,1,7.0,4,3,146,70000,5,1,3,1248
6225,86,2016,51,425000.0,52,9,1,5.0,2,3,72,40000,5,4,1,1197
6226,86,2001,31,65000.0,48,9,1,5.0,2,3,75,70000,5,4,1,999
6227,86,2017,103,490000.00000000006,123,6,0,5.0,7,3,47,100000,5,4,3,1499
6228,138,2012,127,150000.0,41,29,1,5.0,8,3,232,60000,5,1,2,1405
6229,57,2019,203,894999.9999999999,93,9,1,5.0,8,3,80,29905,2,4,1,1591
6230,55,2015,101,490000.00000000006,73,20,1,5.0,8,3,159,70000,5,1,1,1248
6231,86,2013,148,875000.0,134,21,0,5.0,2,3,168,80000,5,1,4,2143
6232,138,2019,256,1450000.0,220,29,1,5.0,7,3,228,70000,2,1,2,1956
6233,55,2018,93,625000.0,60,8,1,5.0,8,3,54,80000,5,1,1,1498
6234,86,2020,101,850000.0,170,17,1,5.0,7,3,130,40000,5,4,1,1197
6235,116,2021,189,859000.0,76,28,1,5.0,8,3,221,88069,5,4,2,999
6236,116,2014,26,278000.0,38,9,1,5.0,2,3,82,50789,5,4,3,1086
6237,138,2014,172,550000.0,77,9,1,5.0,8,3,80,76000,2,1,2,1582
6238,86,2019,13,304000.0,27,20,1,5.0,2,3,137,42212,2,4,1,796
6239,8,2015,93,371000.0,60,8,1,5.0,8,3,54,105227,5,4,1,1198
6240,86,2006,113,125000.0,12,28,1,5.0,8,3,219,150000,5,1,3,1896
6241,138,2019,142,1250000.0,134,9,0,5.0,7,3,68,92700,2,1,2,1582
6242,86,2011,253,339000.0,137,2,1,5.0,8,3,26,120000,5,1,2,1991
6243,86,2006,15,70000.0,22,20,1,5.0,2,3,136,30000,5,4,1,796
6244,9,2021,68,695000.0,103,20,1,5.0,2,3,158,12168,2,4,1,1197
6245,86,2022,62,685000.0,60,9,1,5.0,2,3,73,10000,5,1,1,1186
6246,86,2011,4,60000.0,25,29,1,4.0,2,3,235,30000,5,4,3,624
6247,138,2020,153,1560000.0,140,9,0,5.0,7,3,68,73500,2,4,1,1497
6248,14,2016,399,1490000.0,199,10,1,5.0,6,3,86,75210,2,1,1,2499
6249,116,2017,29,379000.0,26,20,0,5.0,2,3,163,69159,5,4,1,998
6250,116,2011,16,253000.0,39,20,0,5.0,2,3,135,56992,5,4,1,998
6251,138,2015,101,295000.0,73,20,1,5.0,8,3,159,120000,5,1,2,1248
6252,116,2017,51,495000.0,52,9,1,5.0,2,3,72,28500,2,4,1,1197
6253,86,2010,119,200000.0,47,28,1,5.0,2,3,216,100000,5,4,2,1198
6254,86,2012,77,175000.0,85,9,1,5.0,2,3,83,90000,5,1,5,1396
6255,86,2012,77,175000.0,85,9,1,5.0,2,3,83,90000,5,1,5,1396
6256,86,2014,51,322000.0,52,9,1,5.0,2,3,72,76164,2,1,2,1120
6257,86,2016,23,338000.0,28,20,0,5.0,2,3,138,75196,5,4,1,998
6258,86,2016,248,680000.0,215,17,0,7.0,7,3,131,50000,5,1,3,2179
6259,110,2017,13,273000.0,27,20,1,5.0,2,3,137,51759,4,4,1,796
6260,138,2019,48,473000.00000000006,50,29,1,5.0,2,3,242,105021,5,4,2,1199
6261,8,2010,152,150000.0,72,9,1,5.0,8,3,80,120000,5,4,1,1599
6262,86,2016,274,600000.0,241,29,1,7.0,7,3,239,90000,5,1,2,2179
6263,86,2021,248,1000000.0,215,17,1,7.0,7,3,131,80000,5,1,1,2179
6264,86,2021,87,1370000.0,197,17,1,4.0,7,3,128,30000,5,4,2,1997
6265,8,2022,101,925000.0,139,13,1,5.0,7,3,100,10000,5,4,1,998
6266,8,2022,131,1350000.0,120,31,1,5.0,7,3,266,20000,5,4,1,999
6267,116,2007,63,60000.0,55,9,1,5.0,2,3,71,110000,5,4,3,1341
6268,138,2020,101,650000.0,101,20,1,5.0,8,3,159,40000,5,4,2,1197
6269,86,2012,203,350000.0,73,8,1,5.0,8,3,58,100000,5,4,1,1497
6270,86,2022,101,1370000.0,170,17,1,5.0,7,3,130,10000,5,1,1,1497
6271,86,2013,52,295000.0,73,30,1,5.0,2,3,251,60000,5,4,1,1197
6272,116,2008,7,75000.0,20,20,1,4.0,2,3,134,50000,5,4,1,796
6273,138,2007,219,50000.0,103,20,1,5.0,8,3,156,120000,5,4,2,1586
6274,56,2013,83,240000.0,61,31,1,5.0,2,3,264,70000,5,1,3,1199
6275,116,2016,101,320000.0,73,8,1,5.0,8,3,54,100000,5,1,4,1498
6276,116,2019,284,1500000.0,159,28,0,5.0,8,3,220,67896,5,4,1,1798
6277,138,2021,94,745000.0,113,27,1,5.0,7,3,211,9862,4,4,2,999
6278,86,2017,40,225000.0,37,27,1,5.0,2,3,210,40000,5,4,1,999
6279,116,2019,47,332000.0,36,27,1,5.0,2,3,210,37478,5,4,1,799
6280,116,2021,13,415000.00000000006,27,20,1,4.0,2,3,137,32972,5,0,1,796
6281,86,2022,38,655000.0,21,20,1,5.0,5,3,145,30000,5,0,1,1196
6282,57,2022,69,775000.0,101,20,0,5.0,2,3,158,3120,2,4,1,1197
6283,116,2022,181,1050000.0,76,31,1,5.0,8,3,269,20972,2,4,1,999
6284,86,2018,84,475000.0,61,31,1,5.0,2,3,264,60000,5,4,1,999
6285,138,2012,174,325000.0,77,9,1,5.0,8,3,80,120000,5,1,1,1396
6286,86,2018,183,1400000.0,165,12,0,5.0,7,3,94,20000,5,4,1,1368
6287,86,2013,15,145000.0,32,9,1,5.0,2,3,69,70000,5,4,2,814
6288,86,2012,101,250000.0,73,20,1,5.0,8,3,159,80000,5,4,3,1197
6289,8,2021,96,1025000.0,154,29,0,5.0,7,3,237,38323,2,4,1,1199
6290,138,2020,101,500000.0,101,20,1,5.0,8,3,159,120000,5,4,1,1197
6291,86,2019,40,300000.0,37,27,1,5.0,2,3,210,40000,5,4,1,799
6292,86,2020,343,3000000.0,201,28,0,5.0,8,3,223,50000,5,4,1,1984
6293,9,2019,100,1000000.0,169,17,1,5.0,7,3,130,60000,5,1,1,1497
6294,138,2014,289,750000.0,211,9,0,7.0,7,3,74,90000,5,1,1,2199
6295,138,2016,51,460000.0,52,9,0,5.0,2,3,72,72842,6,4,1,1197
6296,138,2018,29,430000.0,26,20,1,5.0,2,3,163,16338,5,4,2,998
6297,110,2020,157,1525000.0,148,13,1,5.0,7,3,99,49017,2,1,1,1493
6298,86,2010,18,140000.0,22,20,1,5.0,2,3,163,80000,5,3,2,1061
6299,86,2011,4,55000.0,25,29,1,4.0,2,3,235,30000,5,4,3,624
6300,86,2014,248,650000.0,123,30,1,7.0,4,3,255,120000,5,1,1,2494
6301,8,2019,203,1140000.0,93,9,0,5.0,8,3,80,79828,2,1,1,1582
6302,55,2014,57,190000.0,60,6,1,5.0,2,3,51,120000,5,1,2,1399
6303,116,2016,84,450000.0,61,31,1,5.0,2,3,264,59000,5,4,2,1199
6304,86,2011,35,100000.0,38,2,1,5.0,2,3,24,120000,5,4,4,1199
6305,86,2010,45,200000.0,60,20,1,5.0,2,3,154,90000,5,1,2,1248
6306,138,2012,33,245000.00000000003,22,20,1,5.0,2,3,138,40000,5,4,2,998
6307,138,2010,192,340000.0,73,8,1,5.0,8,3,58,70000,2,4,1,1497
6308,86,2015,209,600000.0,168,17,1,9.0,7,3,124,120000,5,1,2,2523
6309,138,2013,93,334000.0,60,8,1,5.0,8,3,54,52034,2,4,1,1198
6310,110,2015,40,243000.00000000003,37,27,1,5.0,2,3,210,45979,2,4,2,799
6311,86,2019,101,610000.0,73,8,1,5.0,8,3,54,10000,5,4,1,1199
6312,116,2013,101,349000.0,86,9,1,5.0,2,3,83,68551,2,4,1,1197
6313,138,2019,48,514000.0,50,29,1,5.0,2,3,242,68766,6,4,1,1199
6314,86,2012,272,300000.0,229,29,1,7.0,7,3,236,80000,5,1,1,2179
6315,86,2020,101,725000.0,101,20,1,5.0,8,3,159,20000,5,4,2,1197
6316,86,2016,174,460000.0,77,9,1,5.0,8,3,80,120000,5,1,2,1582
6317,86,2015,172,450000.0,77,9,1,5.0,8,3,80,120000,5,1,2,1582
6318,86,2010,122,320000.0,52,17,1,7.0,4,3,116,120000,5,1,5,2523
6319,138,2019,102,850000.0,123,6,1,5.0,7,3,47,71000,2,1,1,1498
6320,9,2014,177,500000.0,76,31,1,5.0,8,3,269,53000,2,1,1,1598
6321,14,2017,84,550000.0,61,31,1,5.0,2,3,264,75000,2,1,2,1498
6322,138,2020,36,560000.0,41,20,1,5.0,2,3,163,23573,2,4,1,998
6323,138,2018,102,800000.0,123,6,1,5.0,7,3,47,76200,2,1,1,1498
6324,116,2007,25,180000.0,30,9,0,5.0,2,3,76,85000,2,4,1,1086
6325,116,2014,20,270000.0,23,20,1,5.0,2,3,138,62000,2,4,1,998
6326,57,2020,101,735000.0,59,9,0,5.0,8,3,67,16603,2,4,1,1197
6327,116,2018,15,308000.0,32,9,1,5.0,2,3,69,43571,4,4,1,814
6328,138,2020,14,380000.0,28,20,1,5.0,2,3,137,28328,6,4,1,796
6329,138,2014,68,460000.0,103,20,1,5.0,2,3,158,115000,2,1,1,1248
6330,116,2017,103,657000.0,100,8,1,5.0,7,3,64,40282,2,4,1,1199
6331,116,2016,13,255000.0,27,20,1,5.0,2,3,137,57826,2,4,1,796
6332,116,2016,84,450000.0,61,31,1,5.0,2,3,264,85400,2,4,1,999
6333,66,2014,87,480000.0,100,9,1,5.0,2,3,83,74000,2,4,2,1197
6334,138,2018,101,825000.0,110,17,1,7.0,7,3,118,66000,2,1,1,1493
6335,116,2018,101,894999.9999999999,140,20,0,5.0,7,3,162,65580,2,1,1,1248
6336,110,2014,84,450000.0,61,31,1,5.0,2,3,264,91200,2,1,2,1498
6337,138,2015,102,590000.0,123,6,1,5.0,7,3,47,65000,2,1,2,1498
6338,57,2017,87,670000.0,100,9,1,5.0,2,3,83,84250,2,1,2,1396
6339,138,2007,49,230000.0,67,20,1,5.0,2,3,158,93155,2,1,3,1248
6340,110,2014,328,1425000.0,263,1,0,5.0,8,3,11,79412,2,1,2,1995
6341,138,2019,189,810000.0,76,28,1,5.0,8,3,221,68140,3,1,1,1498
6342,8,2022,233,1789999.9999999998,148,13,0,6.0,4,3,97,16293,2,4,1,1353
6343,138,2014,52,189000.0,60,20,1,5.0,2,3,154,79883,3,1,2,1248
6344,138,2020,183,1890000.0,165,12,1,5.0,7,3,94,9000,2,1,1,1956
6345,12,2007,66,28001.0,55,9,1,5.0,2,3,71,100048,3,4,1,1086
6346,116,2014,93,270000.0,60,8,1,5.0,8,3,54,110712,3,1,1,1498
6347,116,2017,48,410000.0,50,29,0,5.0,2,3,242,67653,2,4,1,1199
6348,116,2015,26,296000.0,38,9,1,5.0,2,3,82,58066,5,4,1,1086
6349,8,2017,365,2350000.0,210,11,0,5.0,8,3,92,83000,2,1,2,2179
6350,138,2019,101,576000.0,73,8,1,5.0,8,3,54,71053,2,4,1,1199
6351,116,2018,84,623000.0,61,31,1,5.0,2,3,264,76977,2,1,2,1498
6352,103,2009,56,80000.0,72,29,1,5.0,2,3,230,150729,3,1,1,1248
6353,9,2016,323,3190000.0,292,21,0,5.0,7,3,183,115000,2,1,1,2143
6354,57,2022,233,1750000.0,148,13,0,6.0,4,3,97,15000,2,1,1,1493
6355,132,2007,344,35840.0,168,8,1,5.0,8,3,63,144103,3,4,1,2354
6356,14,2022,101,750000.0,71,8,1,5.0,8,3,54,19726,3,4,1,1199
6357,8,2013,265,1764999.9999999998,271,0,0,5.0,7,3,7,60267,5,1,1,1968
6358,31,2013,230,900000.0,130,9,1,5.0,8,3,70,120931,3,1,1,1582
6359,8,2022,96,950000.0,154,29,1,5.0,7,3,237,12111,3,4,1,1199
6360,36,2016,253,450000.0,137,2,1,5.0,8,3,26,121671,3,1,1,1998
6361,116,2019,101,894999.9999999999,140,20,0,5.0,7,3,162,65573,5,1,1,1248
6362,110,2009,26,250000.0,38,9,1,5.0,2,3,82,52887,3,4,1,1197
6363,116,2015,235,1285000.0,168,8,0,5.0,7,3,57,48457,2,4,1,2354
6364,11,2013,59,325000.0,55,24,1,5.0,2,3,199,51088,3,4,1,1198
6365,116,2015,29,350000.0,26,20,1,5.0,2,3,163,0,3,4,1,998
6366,138,2021,157,1390000.0,148,13,1,5.0,7,3,99,22000,2,4,1,1497
6367,116,2018,203,823000.0,93,9,1,5.0,8,3,80,45316,6,4,1,1591
6368,110,2019,157,1395000.0,148,13,0,5.0,7,3,99,16858,2,4,1,1353
6369,57,2014,248,790000.0,123,30,1,7.0,4,3,255,105000,2,1,1,2494
6370,116,2019,47,342000.0,36,27,1,5.0,2,3,210,31850,4,4,1,799
6371,23,2013,93,270000.0,60,8,1,5.0,8,3,54,135213,3,1,1,1498
6372,136,2014,93,358000.0,60,8,1,5.0,8,3,54,88378,3,1,1,1498
6373,138,2016,101,500000.0,73,20,1,5.0,8,3,159,191867,3,1,1,1248
6374,115,2012,101,410000.0,73,20,1,5.0,8,3,159,65808,3,1,1,1248
6375,9,2021,98,650000.0,118,24,1,5.0,7,3,197,20135,3,4,1,999
6376,8,2019,284,2290000.0,159,28,0,5.0,8,3,220,29882,2,4,1,1798
6377,116,2020,274,1500000.0,184,16,0,5.0,7,3,113,33831,3,4,1,1451
6378,116,2018,29,380000.0,26,20,1,5.0,2,3,163,61334,3,4,1,998
6379,67,2017,328,1700000.0,155,1,0,5.0,8,3,11,69383,3,1,3,1995
6380,75,2009,198,450000.0,163,17,1,9.0,7,3,124,157312,3,1,4,2179
6381,57,2017,87,500000.0,100,9,1,5.0,2,3,83,51531,3,4,1,1197
6382,54,2019,157,945000.0,148,13,1,5.0,7,3,99,88098,3,1,1,1493
6383,57,2016,206,525000.0,103,8,1,7.0,7,3,55,96000,2,1,1,1498
6384,9,2019,100,975000.0,126,9,1,5.0,7,3,79,77901,2,1,1,1396
6385,21,2008,113,564000.0,12,28,1,5.0,8,3,219,133946,3,1,1,1896
6386,116,2016,26,326000.0,38,9,1,5.0,2,3,82,70593,5,4,1,1086
6387,138,2015,87,465000.00000000006,100,9,1,5.0,2,3,83,82556,6,4,1,1197
6388,9,2009,28,180000.0,22,20,1,5.0,2,3,163,42160,3,4,1,1061
6389,116,2018,101,710000.0,103,20,1,5.0,8,3,159,99367,4,1,1,1248
6390,8,2018,203,794000.0,93,9,1,5.0,8,3,80,95329,6,4,1,1591
6391,138,2015,101,465000.00000000006,73,20,1,5.0,8,3,159,72000,2,4,1,1197
6392,138,2011,77,150000.0,85,9,1,5.0,2,3,83,137537,3,1,4,1396
6393,138,2014,203,520000.0,73,8,1,5.0,8,3,58,98000,2,1,1,1498
6394,138,2010,253,361000.0,137,2,1,5.0,8,3,26,152098,3,1,3,1991
6395,116,2013,196,390000.0,73,27,1,5.0,8,3,214,88329,2,1,1,1461
6396,116,2016,298,2450000.0,187,30,0,7.0,7,3,252,126000,2,1,2,2982
6397,138,2009,45,93982.0,60,20,1,5.0,2,3,154,114866,2,4,2,1197
6398,72,2021,101,600000.0,110,20,1,5.0,2,3,139,27723,3,4,1,1197
6399,138,2009,261,395000.0,131,30,0,5.0,8,3,248,57847,2,4,1,1794
6400,102,2021,203,980000.0,93,9,1,5.0,8,3,80,46557,3,4,1,1497
6401,138,2016,29,360000.0,26,20,1,5.0,2,3,163,37983,3,4,1,998
6402,115,2010,15,68063.0,22,20,1,5.0,2,3,136,152783,3,4,4,796
6403,138,2012,250,1250000.0,127,21,0,5.0,8,3,171,69856,5,1,1,2143
6404,9,2013,265,1850000.0,271,0,0,5.0,7,3,7,60091,5,1,1,1968
6405,47,2017,68,450000.0,103,20,1,5.0,2,3,158,50501,3,4,1,1197
6406,57,2020,101,735000.0,59,9,0,5.0,8,3,67,16603,2,4,1,1197
6407,116,2020,42,500000.0,51,20,1,5.0,2,3,142,40960,6,0,1,998
6408,138,2018,51,485000.0,52,9,1,5.0,2,3,72,65000,2,4,1,1197
6409,138,2014,70,429000.0,73,20,1,5.0,2,3,158,74232,4,1,1,1248
6410,138,2015,29,347000.0,26,20,1,5.0,2,3,163,38892,5,4,1,998
6411,138,2016,174,695000.0,77,9,0,5.0,8,3,80,72602,2,1,2,1582
6412,14,2014,348,2450000.0,301,1,0,5.0,7,3,20,82882,5,1,1,2993
6413,116,2017,180,2325000.0,252,0,1,5.0,7,3,6,79329,5,1,2,1968
6414,138,2013,101,400000.0,73,20,1,5.0,8,3,159,63959,3,4,1,1197
6415,138,2022,93,900000.0,117,29,1,5.0,2,3,225,10801,3,4,1,1199
6416,125,2015,298,1300000.0,187,30,1,7.0,7,3,252,86580,3,1,2,2982
6417,35,2015,179,330000.0,76,28,0,5.0,8,3,221,30751,3,4,2,1598
6418,116,2014,29,250000.0,26,20,1,5.0,2,3,163,151231,3,4,1,998
6419,110,2020,157,1575000.0,148,13,1,5.0,7,3,99,49000,2,1,1,1493
6420,138,2019,157,1475000.0,148,13,0,5.0,7,3,99,49000,2,4,1,1353
6421,8,2006,250,225000.0,127,21,0,5.0,8,3,171,147640,3,1,3,2143
6422,138,2013,297,1370000.0,175,0,0,5.0,8,3,3,55000,2,1,1,1968
6423,92,2022,103,900000.0,99,8,1,5.0,7,3,64,17284,3,4,1,1199
6424,135,2014,101,300000.0,52,9,1,5.0,8,3,81,100076,3,1,3,1120
6425,26,2011,15,60000.0,26,2,1,5.0,2,3,30,105180,3,4,2,995
6426,86,2018,13,272000.0,27,20,1,5.0,2,3,137,85648,4,4,1,796
6427,9,2018,69,509000.0,101,20,1,5.0,2,3,158,97229,4,4,1,1197
6428,9,2016,101,470000.0,110,20,1,5.0,2,3,139,74850,3,1,1,1248
6429,86,2022,24,539000.0,29,20,1,4.0,2,3,155,18484,2,0,1,998
6430,138,2018,69,544000.0,101,20,1,5.0,2,3,158,52509,4,4,1,1197
6431,9,2006,138,142000.0,56,9,1,5.0,8,3,65,94970,3,4,2,1495
6432,57,2016,26,345000.0,38,9,1,5.0,2,3,82,57000,2,4,2,1197
6433,116,2018,189,965000.0,76,28,1,5.0,8,3,221,91547,5,1,1,1498
6434,98,2011,129,280000.0,67,20,1,5.0,8,3,159,42601,3,4,1,1197
6435,126,2013,140,450000.0,73,20,1,7.0,4,3,146,208978,3,1,1,1248
6436,57,2019,157,1130000.0,148,13,0,5.0,7,3,99,31262,3,1,1,1493
6437,57,2018,102,775000.0,123,6,1,5.0,7,3,47,72000,2,1,1,1498
6438,100,2014,163,216000.0,247,24,1,5.0,7,3,201,152633,3,1,1,1461
6439,138,2017,87,600000.0,100,9,1,5.0,2,3,83,70000,2,4,1,1197
6440,9,2018,210,2090000.0,144,0,0,5.0,8,3,1,54737,2,4,1,1395
6441,138,2020,248,1012000.0,215,17,1,7.0,7,3,131,97845,3,1,1,2179
6442,138,2022,69,630000.0,101,20,1,5.0,2,3,158,18240,3,4,1,1197
6443,138,1999,31,66000.0,48,9,1,5.0,2,3,75,81700,3,4,3,999
6444,14,2015,273,590000.0,240,29,1,7.0,7,3,239,90000,2,1,2,2179
6445,66,2014,398,3800000.0,279,11,0,5.0,8,3,93,65262,2,1,1,2993
6446,116,2018,203,875000.0,93,9,1,5.0,8,3,80,86703,6,4,1,1591
6447,138,2022,234,1110000.0,116,28,1,5.0,8,3,222,16000,5,4,1,999
6448,102,2018,15,280000.0,32,9,1,5.0,2,3,69,48409,3,4,1,814
6449,116,2012,69,364000.0,101,20,1,5.0,2,3,158,102912,2,4,1,1197
6450,138,2019,47,352000.0,36,27,1,5.0,2,3,210,37025,5,4,1,799
6451,138,2015,59,215000.0,55,24,1,5.0,2,3,199,164910,3,4,1,1198
6452,138,2012,177,300000.0,76,31,1,5.0,8,3,269,68243,3,1,2,1598
6453,118,2012,26,231000.0,38,9,1,5.0,2,3,82,110728,3,4,1,1197
6454,101,2020,203,1156000.0,93,9,1,5.0,8,3,80,69492,3,1,1,1493
6455,138,2013,70,400000.0,73,20,1,5.0,2,3,158,72480,3,1,1,1248
6456,102,2016,87,500000.0,100,9,1,5.0,2,3,83,120094,3,4,1,1197
6457,138,2013,70,350000.0,73,20,1,5.0,2,3,158,118149,3,1,3,1248
6458,8,2020,157,1420000.0,148,13,0,5.0,7,3,99,29000,2,4,1,1497
6459,110,2015,32,385000.0,60,8,0,5.0,2,3,56,68000,4,4,3,1198
6460,126,2014,8,94353.0,19,20,1,8.0,5,3,153,45663,3,4,3,796
6461,126,2012,9,96295.0,24,20,1,5.0,2,3,137,62626,3,4,1,796
6462,73,2022,38,570000.0,21,20,1,5.0,5,3,145,32317,3,0,1,1196
6463,138,2010,77,117000.0,85,9,1,5.0,2,3,83,65733,3,4,2,1197
6464,116,2020,93,537000.0,117,29,1,5.0,2,3,225,21388,4,4,1,1199
6465,116,2019,101,678000.0,103,20,0,5.0,8,3,159,71448,5,1,3,1248
6466,86,2018,101,541000.0,73,8,1,5.0,8,3,54,63385,5,4,1,1199
6467,86,2019,87,578000.0,100,9,1,5.0,2,3,83,60048,5,4,1,1197
6468,102,2015,15,200000.0,32,9,1,5.0,2,3,69,45926,3,4,1,814
6469,97,2021,101,750000.0,140,20,1,5.0,7,3,162,19876,3,4,1,1462
6470,138,2017,87,675000.0,100,9,1,5.0,2,3,83,69000,2,1,1,1396
6471,138,2021,101,894999.9999999999,140,20,1,5.0,7,3,162,65000,2,4,1,1462
6472,105,2015,51,420000.0,52,9,1,5.0,2,3,72,37386,3,4,1,1197
6473,9,2020,101,550000.0,110,20,1,5.0,2,3,139,104590,3,4,1,1197
6474,116,2021,101,725000.0,101,20,1,5.0,8,3,159,57794,3,4,1,1197
6475,119,2015,103,420000.0,123,6,1,5.0,7,3,47,105072,3,1,1,1498
6476,8,2007,235,150000.0,114,8,1,5.0,8,3,60,176550,3,4,3,1799
6477,138,2016,174,785000.0,77,9,1,5.0,8,3,80,52000,2,1,1,1582
6478,138,2020,93,460000.0,117,29,1,5.0,2,3,225,26124,3,4,1,1199
6479,116,2018,219,750000.0,96,20,1,5.0,8,3,144,35925,3,4,1,1373
6480,75,2008,136,73000.0,107,18,1,5.0,8,3,123,64816,3,4,2,1598
6481,138,2008,122,108000.0,52,17,1,7.0,4,3,116,92701,3,1,4,2523
6482,116,2019,42,419000.00000000006,51,20,1,5.0,2,3,142,38439,5,4,1,998
6483,138,2017,103,549000.0,123,6,1,5.0,7,3,47,45531,2,4,1,1499
6484,138,2021,101,710000.0,101,20,1,5.0,8,3,159,33000,2,4,1,1197
6485,138,2015,69,426000.0,101,20,1,5.0,2,3,158,71098,2,4,2,1197
6486,8,2014,248,633000.0,215,17,1,7.0,7,3,131,99432,2,1,1,2179
6487,116,2005,123,110000.0,35,20,1,5.0,8,3,147,44777,3,4,2,1298
6488,39,2020,47,440000.00000000006,37,27,0,5.0,2,3,210,24068,3,4,2,999
6489,36,2013,57,250000.0,60,6,1,5.0,2,3,51,85445,3,1,3,1399
6490,8,2008,110,477000.0,16,31,0,5.0,8,3,262,112097,3,1,4,1896
6491,122,2017,51,470000.0,52,9,1,5.0,2,3,72,80008,3,1,1,1120
6492,21,2013,177,400000.0,76,31,1,5.0,8,3,269,96496,3,1,2,1598
6493,138,2014,163,550000.0,247,24,1,5.0,7,3,201,75744,3,1,1,1461
6494,110,2017,43,545000.0,67,20,0,5.0,2,3,151,70000,2,1,1,1248
6495,138,2015,101,565000.0,120,9,1,5.0,2,3,84,85000,2,1,1,1396
6496,57,2022,14,410000.0,28,20,1,5.0,2,3,137,15092,3,4,1,796
6497,1,2014,93,380000.0,60,8,1,5.0,8,3,54,117131,3,4,3,1198
6498,57,2016,34,400000.0,22,20,0,5.0,2,3,164,32802,3,4,2,998
6499,109,2016,101,650000.0,110,20,1,5.0,2,3,139,39201,3,4,1,1197
6500,46,2019,157,1260000.0,148,13,0,5.0,7,3,99,101884,3,1,1,1493
6501,138,2014,68,450000.0,103,20,1,5.0,2,3,158,152702,3,1,2,1248
6502,110,2014,15,210000.0,32,9,1,5.0,2,3,69,74729,4,4,1,814
6503,8,2022,96,990000.0,154,29,1,5.0,7,3,237,9009,3,4,1,1199
6504,9,2020,151,1059000.0,135,20,1,5.0,7,3,157,10785,6,4,1,1462
6505,86,2017,51,426000.0,52,9,1,5.0,2,3,72,85374,5,4,1,1197
6506,110,2011,26,175000.0,38,9,1,5.0,2,3,82,36495,3,4,1,1197
6507,21,2012,83,220000.00000000003,61,31,1,5.0,2,3,264,57095,3,1,2,1199
6508,138,2022,101,1000000.0,130,9,1,5.0,2,3,83,20199,3,1,1,1493
6509,138,2022,47,530000.0,36,27,1,5.0,2,3,210,1782,3,4,1,999
6510,116,2017,142,700000.0,134,9,1,5.0,7,3,68,182946,3,4,1,1591
6511,82,2019,40,299000.0,37,27,1,5.0,2,3,210,20685,3,4,1,799
6512,102,2015,15,250000.0,32,9,1,5.0,2,3,69,51284,3,4,1,814
6513,116,2020,182,894999.9999999999,102,20,1,7.0,4,3,146,83000,2,4,1,1462
6514,53,2019,11,322000.0,28,20,1,5.0,2,3,137,36661,3,4,1,796
6515,57,2022,87,1400000.0,197,17,1,4.0,7,3,128,44143,3,4,1,1997
6516,116,2006,181,150000.0,67,8,1,5.0,8,3,58,108168,3,4,4,1497
6517,126,2018,23,310000.0,24,20,0,5.0,2,3,138,69475,3,4,1,998
6518,57,2013,248,500000.0,215,17,1,7.0,7,3,131,96294,3,1,2,2179
6519,138,2017,142,825000.0,134,9,1,5.0,7,3,68,48000,2,4,1,1591
6520,110,2018,101,810000.0,140,20,1,5.0,7,3,162,34970,5,1,1,1248
6521,138,2020,101,649000.0,59,9,1,5.0,8,3,67,49931,4,4,1,1197
6522,9,2018,101,670000.0,110,20,1,5.0,2,3,139,49500,2,4,1,1197
6523,116,2019,157,1525000.0,148,13,0,5.0,7,3,99,44376,2,1,1,1493
6524,138,2018,68,655000.0,103,20,1,5.0,2,3,158,49225,2,1,1,1248
6525,116,2020,51,493000.0,57,29,1,5.0,2,3,242,68843,2,4,1,1199
6526,138,2009,36,325000.0,41,20,1,5.0,2,3,163,60318,2,4,1,998
6527,120,2018,68,550000.0,103,20,0,5.0,2,3,158,101014,6,1,1,1248
6528,138,2020,47,376000.0,37,27,0,5.0,2,3,210,44319,3,4,2,999
6529,21,2017,84,337000.0,61,31,1,5.0,2,3,264,49422,3,4,1,1199
6530,34,2021,96,1045000.0,154,29,0,5.0,7,3,237,44934,3,4,1,1199
6531,116,2011,129,118000.0,67,20,1,5.0,8,3,159,251066,3,1,1,1248
6532,8,2017,219,436000.00000000006,96,20,1,5.0,8,3,144,208708,3,1,1,1248
6533,116,2009,28,75697.0,26,20,1,5.0,2,3,163,75426,3,3,1,1061
6534,138,2020,100,861000.0,126,9,0,5.0,7,3,79,36107,3,4,1,998
6535,138,2019,103,590000.0,100,8,1,5.0,7,3,64,50854,4,4,1,1199
6536,9,2020,62,553000.0,59,9,1,5.0,2,3,73,7985,3,4,1,1197
6537,138,2017,101,429000.0,184,17,1,7.0,7,3,126,47913,3,1,1,1493
6538,53,2017,101,500000.0,110,20,1,5.0,2,3,139,138907,3,4,1,1197
6539,138,2010,45,108000.0,60,20,1,5.0,2,3,154,201161,3,1,1,1248
6540,8,2015,248,482000.0,215,17,1,7.0,7,3,131,124143,3,1,1,2179
6541,138,2017,101,422000.0,73,8,1,5.0,8,3,54,65396,5,4,2,1199
6542,116,2011,26,206000.0,38,9,1,5.0,2,3,82,45746,5,4,1,1197
6543,138,2017,219,630000.0,96,20,1,5.0,8,3,144,90560,3,4,1,1373
6544,116,2015,235,1390000.0,168,8,0,5.0,7,3,57,48350,2,4,1,2354
6545,138,2017,93,525000.0,60,8,1,5.0,8,3,54,66000,2,1,1,1498
6546,57,2022,14,364000.0,28,20,1,5.0,2,3,137,1989,3,4,1,796
6547,102,2014,15,200000.0,32,9,1,5.0,2,3,69,110818,3,4,1,814
6548,57,2017,142,975000.0,134,9,0,5.0,7,3,68,89000,2,1,2,1582
6549,116,2018,43,250000.0,103,17,1,6.0,2,3,120,67225,3,4,1,1198
6550,138,2020,255,1300000.0,219,29,1,5.0,7,3,228,96937,3,1,1,1956
6551,69,2010,49,200000.0,67,20,1,5.0,2,3,158,160145,3,1,1,1248
6552,132,2015,179,450000.0,62,8,1,7.0,4,3,62,85017,3,4,1,1497
6553,110,2009,26,150000.0,38,9,1,5.0,2,3,82,86719,3,4,1,1086
6554,138,2006,25,55000.0,30,9,1,5.0,2,3,76,85254,3,4,3,1086
6555,138,2012,188,244000.0,78,29,1,5.0,8,3,234,106311,2,1,2,1248
6556,138,2018,32,350000.0,60,8,1,5.0,2,3,56,66328,3,4,1,1198
6557,56,1999,141,100000.0,66,8,1,5.0,8,3,58,132528,4,4,1,1343
6558,110,2019,379,3100000.0,273,11,0,5.0,8,3,92,62285,5,1,1,1999
6559,138,2011,77,179000.0,85,9,1,5.0,2,3,83,183619,3,1,1,1396
6560,36,2019,101,900000.0,110,17,1,7.0,7,3,118,27019,3,1,1,1493
6561,57,2011,26,190000.0,38,9,1,5.0,2,3,82,46848,2,4,1,1197
6562,78,2021,94,547000.0,114,27,1,5.0,7,3,211,16424,3,4,1,999
6563,138,2015,219,510000.0,96,20,1,5.0,8,3,144,89525,3,4,2,1373
6564,138,2020,153,1650000.0,140,9,0,5.0,7,3,68,39657,3,1,1,1493
6565,110,2021,134,1000000.0,120,28,1,5.0,7,3,218,44516,2,4,1,999
6566,138,2016,101,580000.0,73,20,1,5.0,8,3,159,129267,3,1,1,1248
6567,102,2017,15,250000.0,32,9,1,5.0,2,3,69,77497,3,4,1,814
6568,138,2015,68,310000.0,103,20,1,5.0,2,3,158,74953,3,1,4,1248
6569,14,2016,219,400000.0,96,20,1,5.0,8,3,144,153007,3,1,2,1248
6570,110,2008,15,94723.0,22,20,1,5.0,2,3,136,75415,3,4,2,796
6571,57,2022,183,602000.0,101,20,1,7.0,4,3,146,32516,3,4,1,1462
6572,138,2005,25,70000.0,30,9,1,5.0,2,3,76,110833,3,4,2,1086
6573,4,2022,101,900000.0,139,13,1,5.0,7,3,100,49972,4,4,1,1197
6574,116,2006,15,54000.0,22,20,1,5.0,2,3,136,174077,3,4,1,796
6575,40,2011,15,110000.0,22,20,1,5.0,2,3,136,72434,3,4,3,796
6576,110,2015,101,300000.0,73,6,1,5.0,8,3,46,34185,3,4,3,1196
6577,138,2021,98,417000.0,118,24,1,5.0,7,3,197,29336,3,4,2,999
6578,122,2015,51,325000.0,52,9,1,5.0,2,3,72,71501,3,4,1,1197
6579,46,2019,157,1200000.0,148,13,1,5.0,7,3,99,68279,3,4,1,1353
6580,138,2012,101,211000.0,73,20,1,5.0,8,3,159,99761,3,1,2,1248
6581,46,2021,157,1450000.0,148,13,0,5.0,7,3,99,46865,3,4,1,1353
6582,122,2014,51,270000.0,52,9,1,5.0,2,3,72,158924,3,1,1,1120
6583,138,2014,101,300000.0,86,9,1,5.0,2,3,83,94905,3,1,1,1396
6584,136,2014,203,442000.0,73,8,1,5.0,8,3,58,80607,3,1,2,1498
6585,97,2020,68,508000.0,103,20,0,5.0,2,3,158,33055,3,4,2,1197
6586,138,2012,248,400000.0,215,17,1,7.0,7,3,131,91873,3,1,2,2179
6587,24,2007,233,62000.0,89,2,1,5.0,8,3,28,72117,3,4,1,1598
6588,138,2012,248,415000.00000000006,215,17,1,7.0,7,3,131,160351,3,1,1,2179
6589,97,2018,101,755000.0,140,20,1,5.0,7,3,162,68280,3,1,1,1248
6590,138,2018,23,340000.0,28,20,1,5.0,2,3,138,47008,3,4,1,998
6591,102,2018,203,900000.0,93,9,1,5.0,8,3,80,104782,3,1,1,1582
6592,126,2017,149,381000.0,73,20,0,7.0,4,3,146,107598,3,4,2,1373
6593,102,2019,142,950000.0,134,9,1,5.0,7,3,68,90150,3,1,1,1396
6594,99,2016,219,500000.0,96,20,1,5.0,8,3,144,77074,3,1,2,1248
6595,92,2021,101,731000.0,71,8,0,5.0,8,3,54,32293,3,4,1,1199
6596,8,2018,183,1200000.0,165,12,0,5.0,7,3,94,69510,3,4,1,1368
6597,74,2018,183,1000000.0,165,12,1,5.0,7,3,94,131511,3,1,1,1956
6598,138,2012,70,300000.0,73,20,1,5.0,2,3,158,145716,3,1,2,1248
6599,70,2017,219,607000.0,96,20,1,5.0,8,3,144,38943,3,4,1,1373
6600,116,2005,21,69000.0,25,20,1,5.0,2,3,166,96598,3,4,2,993
6601,101,2021,153,1600000.0,140,9,0,5.0,7,3,68,28807,3,4,1,1497
6602,138,2012,333,1275000.0,190,1,0,5.0,8,3,14,107000,2,1,1,1995
6603,138,2016,165,3675000.0,272,14,0,5.0,7,3,106,79331,2,1,2,2179
6604,57,2020,101,995000.0,139,13,1,5.0,7,3,100,49503,4,1,1,1493
6605,116,2014,248,1350000.0,120,30,1,7.0,4,3,255,137029,5,1,1,2494
6606,8,2018,183,1490000.0,165,12,0,5.0,7,3,94,34576,5,4,1,1368
6607,110,2016,101,750000.0,184,17,1,7.0,7,3,126,40220,0,1,1,1493
6608,9,2018,101,675000.0,110,20,1,5.0,2,3,139,83083,2,1,1,1248
6609,138,2010,292,1050000.0,186,30,1,7.0,7,3,252,139208,5,1,1,2982
6610,86,2023,20,276000.0,23,20,1,5.0,2,3,138,40000,5,4,1,998
6611,86,2016,29,182000.0,26,20,1,5.0,2,3,163,50000,5,4,1,998
6612,86,2005,123,50000.0,35,20,1,5.0,8,3,147,60000,5,4,1,1298
6613,86,2023,94,600000.0,105,27,1,7.0,4,3,215,50000,5,4,1,999
6614,86,2011,15,130000.0,32,9,1,5.0,2,3,69,100000,5,4,1,814
6615,86,2012,15,130000.0,32,9,1,5.0,2,3,69,120000,5,4,1,814
6616,86,2011,57,110000.0,60,6,1,5.0,2,3,51,70000,5,4,2,1196
6617,86,2008,30,55000.0,22,20,1,5.0,2,3,167,50000,5,4,2,998
6618,86,2011,15,130000.0,32,9,1,5.0,2,3,69,120000,5,4,1,814
6619,86,2022,98,650000.0,118,24,1,5.0,7,3,197,20000,5,4,1,999
6620,86,2016,40,250000.0,37,27,1,5.0,2,3,210,40000,5,4,1,799
6621,86,2010,16,110000.0,39,20,1,5.0,2,3,135,100000,5,4,1,998
6622,86,2021,98,730000.0,119,24,1,5.0,7,3,197,10000,5,4,1,999
6623,86,2012,15,130000.0,22,20,1,5.0,2,3,136,60000,5,0,1,796
6624,86,2021,13,330000.0,27,20,1,5.0,2,3,137,20000,5,4,1,796
6625,86,2020,101,600000.0,103,20,1,5.0,8,3,159,30000,5,4,1,1197
6626,86,2020,94,600000.0,105,27,1,7.0,4,3,215,70000,5,4,1,999
6627,86,2020,94,600000.0,105,27,1,7.0,4,3,215,70000,5,4,1,999
6628,86,2009,19,100000.0,22,20,1,5.0,2,3,163,50000,5,4,2,1061
6629,86,2013,70,335000.0,73,20,1,5.0,2,3,158,70000,5,4,1,1197
6630,86,2023,99,1100000.0,143,17,1,7.0,7,3,117,30000,5,1,1,1493
6631,86,2014,103,400000.0,123,6,0,5.0,7,3,47,50000,5,4,3,1499
6632,86,2011,77,300000.0,85,9,1,5.0,2,3,83,30000,5,4,1,1197
6633,86,2011,25,180000.0,30,9,1,5.0,2,3,76,20000,5,4,1,1086
6634,86,2022,100,1100000.0,169,17,1,5.0,7,3,130,20000,5,1,1,1497
6635,86,2019,274,900000.0,184,16,1,5.0,7,3,113,50000,5,4,1,1451
6636,86,2012,77,230000.0,85,9,1,5.0,2,3,83,90000,5,4,1,1197
6637,86,2011,57,150000.0,60,6,1,5.0,2,3,51,60000,5,1,3,1399
6638,86,2018,42,400000.0,39,20,0,5.0,2,3,142,100000,5,4,1,998
6639,86,2022,85,700000.0,98,3,1,5.0,2,3,32,10000,5,4,1,1199
6640,86,2017,102,600000.0,123,6,1,5.0,7,3,47,60000,5,1,1,1498
6641,86,2021,101,745000.0,140,20,1,5.0,7,3,162,40000,5,4,1,1462
6642,86,2013,57,150000.0,60,6,1,5.0,2,3,51,120000,5,1,2,1399
6643,86,2013,57,150000.0,60,6,1,5.0,2,3,51,120000,5,1,2,1399
6644,86,2020,157,1166000.0,148,13,1,5.0,7,3,99,70000,5,1,1,1493
6645,86,2021,36,500000.0,41,20,1,5.0,2,3,163,10000,5,4,1,998
6646,86,2018,23,350000.0,24,20,0,5.0,2,3,138,50000,5,4,2,998
6647,86,2018,98,600000.0,156,29,1,5.0,7,3,237,50000,5,1,2,1497
6648,86,2016,54,225000.0,44,4,1,5.0,2,3,34,50000,5,4,1,1198
6649,86,2021,101,1000000.0,110,17,1,7.0,7,3,116,30000,5,1,1,1493
6650,86,2010,129,190000.0,67,20,1,5.0,8,3,159,150000,5,1,2,1248
6651,86,2020,226,15000000.0,195,26,0,4.0,1,3,203,30000,5,4,2,2981
6652,86,2021,101,950000.0,143,17,1,7.0,7,3,117,70000,5,1,1,1493
6653,86,2010,30,150000.0,26,20,1,5.0,2,3,167,90000,5,4,1,998
6654,86,2010,15,185000.0,22,20,1,5.0,2,3,136,50000,5,4,1,796
6655,86,1998,7,50000.0,20,20,1,4.0,2,3,134,80000,5,4,4,796
6656,86,2014,35,150000.0,38,2,1,5.0,2,3,24,120000,5,1,2,936
6657,86,2021,101,800000.0,73,8,1,5.0,8,3,54,20000,5,4,1,1199
6658,86,2017,76,450000.0,90,17,1,6.0,7,3,128,60000,5,1,4,2498
6659,86,2016,93,430000.0,60,8,1,5.0,8,3,54,60000,5,1,2,1498
6660,86,2011,129,225000.0,67,20,1,5.0,8,3,159,70000,5,4,2,1298
6661,86,2008,15,70000.0,22,20,1,5.0,2,3,136,150000,5,4,3,796
6662,86,2010,25,175000.0,38,9,1,5.0,2,3,82,30000,5,4,2,1197
6663,86,2008,138,100000.0,56,9,1,5.0,8,3,65,60000,5,4,1,1495
6664,86,2017,149,600000.0,73,20,1,7.0,4,3,146,120000,5,1,2,1248
6665,86,2011,129,200000.0,67,20,1,5.0,8,3,159,100000,5,4,1,1298
6666,86,2020,208,1600000.0,167,17,1,7.0,7,3,124,50000,5,1,1,2179
6667,86,2007,25,100000.0,30,9,1,5.0,2,3,76,70000,5,4,1,1086
6668,86,2022,101,1200000.0,170,17,1,5.0,7,3,130,10000,5,4,1,1197
6669,86,2020,101,1070000.0,170,17,1,5.0,7,3,130,50000,5,4,1,1197
6670,86,2015,15,248000.0,32,9,1,5.0,2,3,69,80000,5,4,1,814
6671,86,2020,14,400000.0,28,20,1,5.0,2,3,137,40000,5,4,1,796
6672,86,2007,15,125000.0,22,20,1,5.0,2,3,136,70000,5,4,2,796
6673,86,2016,82,400000.0,70,8,1,5.0,2,3,61,150000,5,1,1,1498
6674,86,2021,101,900000.0,73,8,0,5.0,8,3,54,40000,5,1,1,1498
6675,86,2020,13,310000.0,27,20,1,5.0,2,3,137,30000,5,4,1,796
6676,86,2014,101,350000.0,73,20,1,5.0,8,3,159,80000,5,4,1,1197
6677,86,2017,183,1300000.0,165,12,1,5.0,7,3,94,80000,5,1,1,1956
6678,86,2021,103,850000.0,99,8,1,5.0,7,3,64,20000,5,4,1,1199
6679,86,2009,15,90000.0,26,2,1,5.0,2,3,30,70000,5,4,2,995
6680,86,2012,248,500000.0,215,17,1,7.0,7,3,131,120000,5,1,1,2179
6681,86,2022,103,950000.0,99,8,1,5.0,7,3,64,20000,5,4,1,1199
6682,86,2018,183,1214000.0,165,12,1,5.0,7,3,94,150000,5,1,1,1956
6683,86,2021,101,670000.0,59,9,1,5.0,8,3,67,20000,5,4,1,1197
6684,86,2004,7,50000.0,20,20,1,4.0,2,3,134,80000,5,4,2,796
6685,86,2017,101,850000.0,140,20,1,5.0,7,3,162,90000,5,1,1,1248
6686,86,2017,40,300000.0,37,27,1,5.0,2,3,210,30000,5,4,1,799
6687,86,2020,13,330000.0,27,20,1,5.0,2,3,137,30000,5,4,1,796
6688,86,2018,101,750000.0,140,20,1,5.0,7,3,162,40000,5,1,3,1248
6689,86,2005,138,70000.0,56,9,1,5.0,8,3,65,120000,5,4,4,1495
6690,86,2006,28,80000.0,22,20,1,5.0,2,3,163,120000,5,4,4,998
6691,86,2009,28,125000.0,22,20,1,5.0,2,3,163,60000,5,4,2,1061
6692,86,2009,129,250000.0,67,20,1,5.0,8,3,159,150000,5,1,2,1248
6693,86,2019,14,370000.0,24,20,1,5.0,2,3,137,60000,5,4,1,796
6694,86,2013,157,325000.0,173,27,1,5.0,7,3,208,150000,5,1,1,1461
6695,86,2006,7,45000.0,20,20,1,4.0,2,3,134,80000,5,4,2,796
6696,86,2009,272,170000.0,229,29,1,7.0,7,3,236,100000,5,1,2,2179
6697,86,2019,101,800000.0,110,17,1,7.0,7,3,118,50000,5,1,1,1493
6698,86,2012,35,122000.0,38,2,1,5.0,2,3,24,50000,5,1,3,936
6699,86,2008,26,150000.0,38,9,1,5.0,2,3,82,60000,5,4,2,1197
6700,86,2020,14,325000.0,28,20,1,5.0,2,3,137,30000,5,4,1,796
6701,86,2003,7,50000.0,20,20,1,4.0,2,3,134,80000,5,4,4,796
6702,86,2022,100,1100000.0,126,9,1,5.0,7,3,79,10000,5,4,2,998
6703,86,2009,138,100000.0,56,9,1,5.0,8,3,65,150000,5,3,2,1495
6704,86,2006,352,700000.0,220,1,0,4.0,1,3,15,40000,5,4,4,4395
6705,86,2009,28,125000.0,22,20,1,5.0,2,3,163,150000,5,4,2,1061
6706,86,2019,98,800000.0,156,29,1,5.0,7,3,237,60000,5,4,1,1198
6707,86,2021,94,780000.0,105,27,1,7.0,4,3,215,30000,5,4,1,999
6708,86,2009,191,225000.0,72,8,1,5.0,8,3,58,120000,5,4,2,1497
6709,86,2021,96,950000.0,154,29,0,5.0,7,3,237,50000,5,4,1,1199
6710,86,2014,68,380000.0,103,20,1,5.0,2,3,158,150000,5,1,2,1248
6711,86,2007,30,90000.0,26,20,1,5.0,2,3,167,150000,5,4,2,998
6712,86,2022,13,425000.0,27,20,1,5.0,2,3,137,10000,5,4,1,796
6713,86,2021,157,1450000.0,148,13,1,5.0,7,3,99,30000,5,4,1,1497
6714,86,2018,101,590000.0,110,20,1,5.0,2,3,139,60000,5,4,2,1197
6715,86,2018,101,590000.0,110,20,1,5.0,2,3,139,60000,5,4,2,1197
6716,86,2018,11,280000.0,24,20,1,5.0,2,3,137,50000,5,4,1,796
6717,86,2014,45,250000.0,44,20,1,5.0,2,3,142,120000,5,4,2,998
6718,86,2013,248,500000.0,215,17,1,7.0,7,3,131,70000,5,1,1,2179
6719,86,2017,153,500000.0,136,20,1,5.0,7,3,157,150000,5,1,1,1248
6720,86,2016,6,142000.0,26,29,1,4.0,2,3,235,50000,5,4,1,624
6721,86,2016,39,300000.0,87,17,1,6.0,7,3,119,70000,5,4,1,1198
6722,86,2021,69,650000.0,101,20,1,5.0,2,3,158,40000,5,4,1,1197
6723,86,2006,49,150000.0,67,20,1,5.0,2,3,158,120000,5,4,3,1298
6724,86,2019,95,500000.0,58,29,1,5.0,8,3,244,60000,5,4,2,1199
6725,86,2010,16,150000.0,39,20,0,5.0,2,3,135,150000,5,4,4,998
6726,86,2011,175,161000.0,42,29,1,5.0,8,3,232,90000,5,1,2,1396
6727,86,2023,103,1000000.0,99,8,1,5.0,7,3,64,10000,5,4,2,1199
6728,86,2020,50,520000.0,57,29,1,5.0,2,3,242,50000,5,4,1,1199
6729,86,2016,101,725000.0,184,17,1,7.0,7,3,126,90000,5,1,2,1493
6730,86,2021,94,750000.0,105,27,1,7.0,4,3,215,30000,5,4,1,999
6731,86,2013,33,250000.0,22,20,1,5.0,2,3,138,40000,5,4,1,998
6732,86,2013,157,350000.0,173,27,1,5.0,7,3,208,150000,5,1,1,1461
6733,86,2017,26,400000.0,38,9,1,5.0,2,3,82,120000,5,3,1,1086
6734,86,2012,15,150000.0,22,20,1,5.0,2,3,136,100000,5,4,3,796
6735,86,2016,101,460000.0,73,20,1,5.0,8,3,159,90000,5,1,1,1248
6736,86,2004,7,40000.0,20,20,1,4.0,2,3,134,70000,5,4,4,796
6737,86,2017,137,425000.0,67,2,1,5.0,8,3,29,150000,5,1,1,1248
6738,86,2005,28,100000.0,22,20,1,5.0,2,3,163,120000,5,4,2,998
6739,86,2019,101,650000.0,110,20,1,5.0,2,3,140,60000,5,4,1,998
6740,86,2017,149,750000.0,73,20,1,7.0,4,3,146,100000,5,1,2,1248
6741,86,2022,14,456000.0,28,20,1,5.0,2,3,137,10000,5,4,1,796
6742,86,2013,157,350000.0,173,27,1,5.0,7,3,208,120000,5,1,1,1461
6743,86,2015,101,375000.0,73,20,1,5.0,8,3,159,150000,5,1,1,1248
6744,86,2005,130,305000.0,52,17,1,9.0,7,3,116,120000,5,1,2,2523
6745,86,2012,172,400000.0,77,9,1,5.0,8,3,80,150000,5,1,2,1582
6746,86,2016,93,400000.0,60,8,1,5.0,8,3,54,150000,5,1,1,1498
6747,86,2017,15,230000.0,32,9,1,5.0,2,3,69,120000,5,4,2,814
6748,86,2021,93,725000.0,117,29,1,5.0,2,3,225,20000,5,4,2,1199
6749,86,2009,114,425000.0,13,30,1,7.0,4,3,255,100000,5,1,2,2494
6750,86,2014,177,450000.0,76,31,1,5.0,8,3,269,30000,5,4,1,1598
6751,86,2016,66,300000.0,55,24,1,5.0,2,3,198,120000,5,1,2,1461
6752,86,2011,35,160000.0,38,2,1,5.0,2,3,24,90000,5,4,3,1199
6753,86,2023,69,640000.0,101,20,1,5.0,2,3,158,10000,5,4,1,1197
6754,86,2021,101,675000.0,59,9,1,5.0,8,3,67,30000,5,4,1,1197
6755,86,2012,157,300000.0,173,27,1,5.0,7,3,208,150000,5,1,1,1461
6756,86,2015,9,250000.0,24,20,1,5.0,2,3,137,40000,5,4,2,796
6757,86,2017,101,450000.0,84,29,1,5.0,8,3,245,120000,5,1,3,1248
6758,86,2017,15,260000.0,32,9,1,5.0,2,3,69,60000,5,4,1,814
6759,86,2023,101,850000.0,130,9,1,5.0,2,3,83,10000,5,4,1,1197
6760,86,2014,103,450000.0,123,6,1,5.0,7,3,47,150000,5,1,1,1498
6761,86,2013,253,380000.0,137,2,1,5.0,8,3,26,70000,5,1,2,1998
6762,86,2015,203,450000.0,73,8,1,5.0,8,3,58,80000,5,1,1,1498
6763,86,2017,40,300000.0,37,27,1,5.0,2,3,210,60000,5,4,1,799
6764,86,2011,56,225000.0,72,29,1,5.0,2,3,230,120000,5,1,1,1248
6765,86,2009,15,150000.0,22,20,1,5.0,2,3,136,70000,5,4,3,796
6766,86,2012,26,200000.0,38,9,1,5.0,2,3,82,90000,5,4,2,1197
6767,86,2001,22,40000.0,26,20,1,5.0,2,3,166,120000,5,4,1,993
6768,86,2017,29,400000.0,26,20,1,5.0,2,3,163,40000,5,4,1,998
6769,86,2015,29,350000.0,26,20,0,5.0,2,3,163,70000,5,4,1,998
6770,86,2015,15,250000.0,32,9,1,5.0,2,3,69,60000,5,4,1,814
6771,86,2011,140,350000.0,73,30,1,5.0,8,3,249,80000,5,4,1,1496
6772,86,2012,28,300000.0,22,20,1,5.0,2,3,163,50000,5,4,1,998
6773,86,2011,57,200000.0,60,6,1,5.0,2,3,51,120000,5,1,4,1399
6774,86,2009,45,300000.0,60,20,1,5.0,2,3,154,150000,5,1,3,1248
6775,86,2013,52,300000.0,60,20,1,5.0,2,3,154,120000,5,1,2,1248
6776,86,2015,9,250000.0,24,20,1,5.0,2,3,137,40000,5,4,2,796
6777,86,2020,12,300000.0,34,4,1,5.0,2,3,36,40000,5,4,2,799
6778,86,2021,100,1000000.0,126,9,1,5.0,7,3,79,40000,5,4,1,998
6779,86,2013,59,200000.0,55,24,1,5.0,2,3,199,70000,5,4,2,1198
6780,86,2013,203,350000.0,73,8,0,5.0,8,3,58,120000,5,4,2,1497
6781,86,2010,30,100000.0,26,20,1,5.0,2,3,167,150000,5,4,2,998
6782,86,2015,203,500000.0,73,8,1,5.0,8,3,58,100000,5,1,3,1498
6783,86,2017,101,700000.0,73,20,0,5.0,8,3,159,80000,5,1,1,1248
6784,86,2021,101,800000.0,73,8,0,5.0,8,3,54,40000,5,4,1,1199
6785,86,2022,97,819999.9999999999,57,29,1,5.0,8,3,244,30000,5,0,1,1199
6786,86,2020,92,675000.0,117,29,1,5.0,2,3,225,90000,5,4,1,1199
6787,86,2019,182,1100000.0,102,20,1,7.0,4,3,146,100000,5,1,3,1248
6788,86,2014,87,350000.0,194,17,1,7.0,7,3,122,70000,5,1,1,1493
6789,86,2015,203,500000.0,73,8,1,5.0,8,3,58,150000,5,1,1,1498
6790,86,2013,125,500000.0,110,17,1,7.0,7,3,116,30000,5,1,3,2523
6791,86,2018,11,320000.0,24,20,1,5.0,2,3,137,40000,5,4,1,796
6792,86,2013,177,420000.0,76,31,1,5.0,8,3,269,120000,5,1,4,1598
6793,86,2014,93,325000.0,60,8,1,5.0,8,3,54,150000,5,1,1,1498
6794,86,2020,101,950000.0,140,20,1,5.0,7,3,162,30000,5,4,1,1462
6795,86,2020,101,950000.0,140,20,1,5.0,7,3,162,30000,5,4,1,1462
6796,86,2017,10,300000.0,33,4,1,5.0,2,3,36,120000,5,4,1,799
6797,86,2015,51,400000.0,52,9,1,5.0,2,3,72,90000,5,1,1,1120
6798,86,2014,26,350000.0,38,9,1,5.0,2,3,82,60000,5,4,2,1197
6799,86,2007,122,280000.0,52,17,1,7.0,4,3,116,150000,5,1,2,2523
6800,86,2012,330,500000.0,163,28,0,5.0,8,3,223,120000,5,4,1,1798
6801,86,2012,330,500000.0,163,28,0,5.0,8,3,223,120000,5,4,1,1798
6802,86,2012,330,500000.0,163,28,0,5.0,8,3,223,120000,5,4,1,1798
6803,86,2010,219,250000.0,103,20,1,5.0,8,3,156,70000,5,4,1,1586
6804,86,2007,122,300000.0,52,17,1,7.0,4,3,116,90000,5,1,3,2523
6805,86,2013,93,400000.0,60,8,1,5.0,8,3,54,90000,5,1,1,1498
6806,86,2016,93,420000.0,60,8,1,5.0,8,3,54,90000,5,1,4,1498
6807,86,2014,163,400000.0,247,24,1,5.0,7,3,201,150000,5,1,1,1461
6808,86,2021,101,800000.0,110,20,1,5.0,2,3,139,30000,5,4,2,1197
6809,86,2019,36,500000.0,41,20,1,5.0,2,3,163,40000,5,4,1,998
6810,86,2022,69,725000.0,101,20,1,5.0,2,3,158,20000,5,4,1,1197
6811,86,2011,172,300000.0,77,9,1,5.0,8,3,80,120000,5,1,3,1582
6812,86,2014,101,400000.0,73,20,1,5.0,8,3,159,120000,5,1,1,1248
6813,86,2021,101,800000.0,110,20,1,5.0,2,3,139,30000,5,4,1,1197
6814,86,2014,70,450000.0,73,20,1,5.0,2,3,158,120000,5,1,1,1248
6815,138,2013,230,450000.0,130,9,1,5.0,8,3,70,121000,5,1,1,1582
6816,86,2013,101,500000.0,73,20,1,5.0,8,3,159,120000,5,1,1,1248
6817,86,2013,292,900000.0,160,23,1,7.0,7,3,195,120000,5,1,3,2477
6818,86,2011,52,165000.0,60,20,1,5.0,2,3,154,150000,5,4,3,1197
6819,86,2018,219,700000.0,96,20,1,5.0,8,3,144,60000,5,1,1,1248
6820,86,2001,22,62000.0,26,20,1,5.0,2,3,166,60000,5,4,4,993
6821,86,2022,47,550000.0,37,27,1,5.0,2,3,210,20000,5,4,1,999
6822,86,2021,237,1525000.0,112,8,0,5.0,8,3,58,30000,5,4,1,1498
6823,86,2014,203,400000.0,73,8,1,5.0,8,3,58,150000,5,1,1,1498
6824,86,2007,30,100000.0,26,20,1,5.0,2,3,167,150000,5,4,2,998
6825,86,2015,9,220000.00000000003,24,20,1,5.0,2,3,137,120000,5,4,2,796
6826,86,2018,101,630000.0,103,20,1,5.0,8,3,159,120000,5,1,1,1248
6827,86,2013,26,350000.0,38,9,1,5.0,2,3,82,90000,5,4,2,1197
6828,86,2012,70,350000.0,73,20,1,5.0,2,3,158,150000,5,1,3,1248
6829,86,2014,101,450000.0,73,20,1,5.0,8,3,159,90000,5,1,2,1248
6830,86,2014,101,450000.0,73,20,1,5.0,8,3,159,90000,5,1,2,1248
6831,86,2011,26,200000.0,38,9,1,5.0,2,3,82,150000,5,4,1,1197
6832,86,2015,9,225000.0,24,20,1,5.0,2,3,137,120000,5,4,2,796
6833,86,2013,101,370000.0,73,20,1,5.0,8,3,159,100000,5,1,1,1248
6834,86,2023,85,730000.0,98,3,1,5.0,2,3,32,90000,5,4,2,1199
6835,86,2017,219,610000.0,96,20,1,5.0,8,3,144,60000,5,4,2,1373
6836,86,2018,101,670000.0,103,20,1,5.0,8,3,159,90000,5,1,4,1248
6837,86,2019,288,4000000.0,225,32,0,5.0,7,3,278,150000,5,1,1,1969
6838,86,2019,153,800000.0,136,20,1,5.0,7,3,157,150000,5,1,1,1248
6839,86,2017,203,700000.0,52,17,1,9.0,7,3,118,80000,5,1,3,2523
6840,86,2013,157,400000.0,173,27,1,5.0,7,3,208,120000,5,1,2,1461
6841,86,2009,15,150000.0,22,20,1,5.0,2,3,136,120000,5,4,3,796
6842,86,2016,26,300000.0,38,9,1,5.0,2,3,82,120000,5,4,1,1086
6843,86,2020,101,700000.0,101,20,1,5.0,8,3,159,70000,5,4,1,1197
6844,86,2020,101,650000.0,59,9,1,5.0,8,3,67,30000,5,4,1,1197
6845,86,2019,247,800000.0,204,17,1,7.0,4,3,121,150000,5,1,1,1497
6846,86,2017,125,800000.0,110,17,1,7.0,7,3,116,80000,5,1,1,2523
6847,86,2012,28,200000.0,22,20,1,5.0,2,3,163,100000,5,4,2,998
6848,86,2020,93,700000.0,117,29,1,5.0,2,3,225,40000,5,4,1,1199
6849,86,2016,51,340000.0,52,9,1,5.0,2,3,72,100000,5,4,2,1197
6850,86,2018,101,420000.0,73,20,1,5.0,8,3,160,120000,5,1,2,1248
6851,86,2012,245,500000.0,127,30,1,7.0,4,3,255,150000,5,1,2,2494
6852,86,2020,101,750000.0,130,9,1,5.0,2,3,83,40000,5,4,1,1197
6853,86,2018,101,900000.0,140,20,1,5.0,7,3,162,150000,5,1,1,1248
6854,86,2019,218,730000.0,95,20,0,5.0,8,3,144,150000,5,4,1,1462
6855,86,2019,218,730000.0,95,20,0,5.0,8,3,144,150000,5,4,1,1462
6856,86,2022,69,810000.0,101,20,1,5.0,2,3,158,20000,5,4,1,1197
6857,86,2016,101,500000.0,73,20,1,5.0,8,3,159,150000,5,4,1,1197
6858,86,2016,51,500000.0,52,9,1,5.0,2,3,72,60000,5,1,2,1120
6859,86,2019,317,3200000.0,268,11,0,5.0,8,3,91,60000,5,1,1,1999
6860,86,2011,7,150000.0,20,20,1,4.0,2,3,134,150000,5,4,2,796
6861,86,2014,33,250000.0,22,20,1,5.0,2,3,138,90000,5,4,2,998
6862,86,2012,62,200000.0,55,27,1,5.0,2,3,213,120000,5,1,1,1461
6863,86,2021,24,600000.0,29,20,1,4.0,2,3,155,60000,5,0,1,998
6864,86,2014,101,400000.0,84,29,1,5.0,8,3,245,120000,5,4,1,1193
6865,86,2011,15,200000.0,22,20,1,5.0,2,3,136,90000,5,4,2,796
6866,59,2021,261,2000000.0,148,9,0,5.0,8,3,70,30000,5,1,5,1493
6867,86,2015,91,350000.0,84,5,1,5.0,2,3,38,120000,5,1,1,1248
6868,86,2013,248,700000.0,215,17,1,7.0,7,3,131,120000,5,1,1,2179
6869,86,2015,203,450000.0,73,8,1,5.0,8,3,58,120000,5,1,1,1498
6870,86,2015,203,600000.0,73,8,1,5.0,8,3,58,120000,5,1,1,1498
6871,86,2014,101,400000.0,52,9,1,5.0,8,3,81,60000,5,4,1,1197
6872,86,2016,23,302000.0,28,20,1,5.0,2,3,138,60000,5,4,3,998
6873,86,2022,101,830000.0000000001,59,9,1,5.0,8,3,67,20000,5,4,1,1197
6874,86,2014,101,500000.0,73,20,1,5.0,8,3,159,150000,5,1,1,1248
6875,86,2010,45,180000.0,60,20,1,5.0,2,3,154,120000,5,1,2,1248
6876,86,2011,57,250000.0,60,6,1,5.0,2,3,51,120000,5,1,4,1399
6877,86,2011,138,300000.0,56,9,1,5.0,8,3,65,70000,5,4,1,1495
6878,86,2016,23,320000.0,28,20,1,5.0,2,3,138,50000,5,4,3,998
6879,86,2013,172,450000.0,77,9,1,5.0,8,3,80,120000,5,1,1,1582
6880,86,2010,77,225000.0,85,9,1,5.0,2,3,83,150000,5,1,2,1396
6881,86,2010,77,225000.0,85,9,1,5.0,2,3,83,150000,5,1,2,1396
6882,86,2020,23,450000.0,28,20,1,5.0,2,3,138,70000,5,4,1,998
6883,86,2016,23,320000.0,28,20,1,5.0,2,3,138,60000,5,4,3,998
6884,86,2011,77,300000.0,85,9,1,5.0,2,3,83,50000,5,4,1,1197
6885,86,2011,57,200000.0,60,6,1,5.0,2,3,51,120000,5,4,3,1196
6886,86,2013,313,680000.0,168,31,1,5.0,8,3,263,150000,5,1,1,1968
6887,86,2008,233,350000.0,120,30,1,5.0,8,3,248,120000,5,4,4,1798
6888,86,2014,88,350000.0,74,31,1,5.0,2,3,261,150000,5,1,2,1199
6889,86,2011,70,350000.0,73,20,1,5.0,2,3,158,150000,5,1,1,1248
6890,86,2008,15,200000.0,22,20,1,5.0,2,3,136,150000,5,4,2,796
6891,86,2011,192,450000.0,73,8,1,5.0,8,3,58,80000,5,4,1,1497
6892,86,2014,68,350000.0,103,20,1,5.0,2,3,158,100000,5,4,3,1197
6893,86,2013,70,525000.0,73,20,1,5.0,2,3,158,120000,5,1,1,1248
6894,86,2011,77,520000.0,85,9,1,5.0,2,3,83,60000,5,4,2,1197
6895,86,2013,70,450000.0,73,20,1,5.0,2,3,158,120000,5,1,2,1248
6896,86,2015,91,600000.0,84,5,1,5.0,2,3,38,80000,5,1,1,1248
6897,86,2010,26,79000.0,38,9,1,5.0,2,3,82,50000,5,4,1,1197
6898,86,2023,101,500000.0,101,20,1,5.0,8,3,159,10000,5,4,1,1197
6899,86,2023,87,800000.0,49,20,0,4.0,7,3,152,50000,5,4,2,1462
6900,86,2012,70,160000.0,73,20,1,5.0,2,3,158,80000,5,4,2,1197
6901,86,2016,40,220000.00000000003,37,27,0,5.0,2,3,210,90000,5,4,2,999
6902,86,2022,67,700000.0,108,29,1,5.0,7,3,238,30000,5,4,1,1199
6903,86,2014,23,200000.0,28,20,1,5.0,2,3,138,70000,5,4,1,998
6904,86,2014,23,200000.0,28,20,1,5.0,2,3,138,70000,5,4,1,998
6905,86,2010,129,150000.0,67,20,1,5.0,8,3,159,100000,5,4,2,1298
6906,86,2020,94,600000.0,105,27,1,7.0,4,3,215,70000,5,4,1,999
6907,86,2012,15,130000.0,22,20,1,5.0,2,3,136,70000,5,4,1,796
6908,86,2012,15,150000.0,22,20,1,5.0,2,3,136,60000,5,4,1,796
6909,86,2008,28,72000.0,26,20,1,5.0,2,3,163,150000,5,4,1,998
6910,86,2014,15,160000.0,32,9,1,5.0,2,3,69,150000,5,4,1,814
6911,86,2012,83,200000.0,61,31,1,5.0,2,3,264,120000,5,1,2,1199
6912,86,2002,15,40000.0,22,20,1,5.0,2,3,136,150000,5,4,1,796
6913,86,2014,103,350000.0,123,6,1,5.0,7,3,47,100000,5,1,1,1498
6914,86,2011,35,108000.0,38,2,1,5.0,2,3,24,120000,5,4,1,1199
6915,86,2007,15,105000.0,22,20,1,5.0,2,3,136,70000,5,4,1,796
6916,86,2022,94,850000.0,113,27,1,5.0,7,3,211,20000,5,4,1,999
6917,86,2009,15,100000.0,22,20,1,5.0,2,3,136,40000,5,4,1,796
6918,86,2018,101,500000.0,110,20,1,5.0,2,3,139,80000,5,4,1,1197
6919,138,2014,329,975000.0,174,30,0,5.0,8,4,246,70000,5,4,3,2494
6920,110,2017,10,266000.0,33,4,1,5.0,2,4,36,23981,2,4,1,799
6921,9,2021,94,595000.0,113,27,0,5.0,7,4,211,7100,2,4,1,999
6922,110,2011,77,223000.0,85,9,1,5.0,2,4,83,71574,4,4,2,1197
6923,138,2014,178,1200000.0,252,0,0,5.0,7,4,6,50000,5,1,2,1968
6924,14,2018,36,425000.0,41,20,0,5.0,2,4,163,35629,2,4,1,1197
6925,116,2020,31,596000.0,48,9,0,5.0,2,4,75,11476,2,4,2,1086
6926,116,2018,40,250000.0,37,27,1,5.0,2,4,210,31000,5,4,1,799
6927,116,2011,129,221000.0,67,20,1,5.0,8,4,159,41005,2,4,2,1298
6928,110,2010,28,208000.0,22,20,1,5.0,2,4,163,60055,4,4,1,998
6929,57,2013,70,311000.0,73,20,1,5.0,2,4,158,65005,2,4,1,1197
6930,110,2022,47,464000.0,37,27,1,5.0,2,4,210,2657,4,4,1,799
6931,57,2011,26,205000.0,38,9,1,5.0,2,4,82,16000,2,4,1,1086
6932,110,2023,256,2175000.0,220,29,0,5.0,7,4,228,7426,2,1,1,1956
6933,116,2018,101,643000.0,110,20,0,5.0,2,4,139,27046,2,4,1,1197
6934,8,2021,317,3750000.0,197,30,0,7.0,7,4,252,30100,5,1,1,2755
6935,14,2022,37,545000.0,42,20,1,5.0,2,4,163,9000,2,4,1,998
6936,57,2022,101,750000.0,130,9,1,5.0,2,4,83,17000,5,4,1,1197
6937,57,2021,183,1650000.0,165,12,0,5.0,7,4,94,49200,2,1,1,1956
6938,110,2009,26,225000.0,38,9,1,5.0,2,4,82,35000,2,4,2,1086
6939,55,2020,173,5990000.0,246,14,0,5.0,7,4,106,30000,5,1,2,1999
6940,116,2017,23,315000.0,28,20,1,5.0,2,4,138,54044,4,4,1,998
6941,56,2021,96,799000.0,154,29,1,5.0,7,4,237,6500,5,4,1,1199
6942,110,2017,219,526000.0,96,20,1,5.0,8,4,144,29159,6,4,1,1373
6943,116,2020,173,5990000.0,246,14,0,5.0,7,4,106,30000,5,1,2,1999
6944,14,2016,203,675000.0,73,8,0,5.0,8,4,58,31968,2,4,1,1497
6945,9,2019,62,612000.0,59,9,1,5.0,2,4,73,44150,4,4,2,1197
6946,86,2010,77,189000.0,85,9,1,5.0,2,4,83,60000,5,4,1,1197
6947,57,2018,142,990000.0,134,9,0,5.0,7,4,68,25009,2,4,1,1591
6948,116,2020,69,534000.0,101,20,1,5.0,2,4,158,46469,6,4,1,1197
6949,138,2018,142,800000.0,134,9,1,5.0,7,4,68,45000,5,4,1,1591
6950,8,2020,203,983000.0,93,9,1,5.0,8,4,80,31577,4,4,1,1497
6951,110,2014,45,281000.0,44,20,0,5.0,2,4,142,56005,2,4,1,998
6952,14,2021,36,535000.0,41,20,1,5.0,2,4,163,10005,2,4,1,998
6953,110,2017,51,475000.0,52,9,1,5.0,2,4,72,41163,2,4,1,1197
6954,57,2020,377,5300000.0,199,21,0,5.0,8,4,174,17839,2,1,1,1950
6955,110,2019,196,695000.0,96,30,1,5.0,8,4,259,3800,2,4,1,1496
6956,9,2018,36,395000.0,41,20,1,5.0,2,4,163,34124,2,4,1,998
6957,86,2012,77,200000.0,85,9,1,5.0,2,4,83,50000,5,1,2,1396
6958,66,2018,203,750000.0,73,8,1,5.0,8,4,58,48168,2,4,1,1497
6959,86,2019,247,975000.0,204,17,1,8.0,4,4,121,20000,5,1,3,1497
6960,138,2018,101,480000.0,73,20,1,5.0,8,4,159,56357,5,4,1,1197
6961,9,2010,129,245000.00000000003,67,20,1,5.0,8,4,159,60000,5,4,1,1298
6962,9,2022,101,719000.0,110,20,1,5.0,2,4,139,10585,2,4,1,1197
6963,86,2012,235,375000.0,114,8,0,5.0,8,4,60,50000,5,4,2,1799
6964,9,2010,129,245000.00000000003,67,20,1,5.0,8,4,159,60000,5,4,1,1298
6965,138,2020,153,1214000.0,140,9,1,5.0,7,4,68,17642,6,4,1,1497
6966,86,2018,48,439000.0,50,29,1,5.0,2,4,242,20000,5,1,1,1047
6967,9,2021,62,753000.0,59,9,1,5.0,2,4,73,9157,4,4,1,1197
6968,86,2016,93,362000.0,60,8,1,5.0,8,4,54,65979,2,4,2,1198
6969,50,2014,179,300000.0,76,28,1,5.0,8,4,221,65000,5,1,1,1598
6970,116,2020,10,389000.0,33,4,1,5.0,2,4,36,7940,2,4,2,999
6971,8,2010,25,115000.0,30,9,1,5.0,2,4,76,100000,5,4,4,1086
6972,110,2011,227,865000.0,163,1,0,5.0,8,4,11,40000,2,1,1,1995
6973,55,2011,238,185000.0,96,5,1,5.0,8,4,40,60000,5,4,2,1368
6974,57,2019,360,3950000.0,284,1,0,5.0,8,4,14,19859,2,1,1,1995
6975,138,2023,346,6250000.0,220,12,0,5.0,7,4,96,7405,2,4,1,1998
6976,116,2016,206,620000.0,103,8,1,7.0,7,4,55,52922,2,4,1,1497
6977,110,2015,103,350000.0,123,6,1,5.0,7,4,47,60000,5,4,1,1499
6978,9,2019,51,464000.0,52,9,1,5.0,2,4,72,32000,2,4,1,1197
6979,110,2017,82,412000.0,70,8,1,5.0,2,4,61,47739,2,4,2,1199
6980,116,2019,23,375000.0,24,20,0,5.0,2,4,138,10717,4,4,2,998
6981,138,2015,203,621000.0,73,8,1,5.0,8,4,58,41000,2,1,1,1498
6982,116,2020,31,443000.0,48,9,1,5.0,2,4,75,17619,2,4,2,1086
6983,110,2021,47,422000.0,37,27,1,5.0,2,4,210,9221,2,4,1,999
6984,116,2019,103,550000.0,100,8,1,5.0,7,4,64,70000,4,4,1,1199
6985,116,2019,69,545000.0,101,20,1,5.0,2,4,158,10519,4,4,1,1197
6986,86,2014,172,450000.0,77,9,1,5.0,8,4,80,50000,5,4,2,1591
6987,86,2022,42,597000.0,51,20,1,5.0,2,4,142,19907,2,0,1,998
6988,116,2015,69,330000.0,101,20,1,5.0,2,4,158,84771,2,4,2,1197
6989,57,2015,32,595000.0,60,8,0,5.0,2,4,56,7000,2,4,2,1198
6990,57,2017,203,500000.0,73,8,1,5.0,8,4,58,50000,5,4,1,1497
6991,138,2013,355,1075000.0,270,0,0,5.0,8,4,4,52000,2,1,1,1968
6992,42,2021,96,835000.0,154,29,1,5.0,7,4,237,15407,2,4,1,1199
6993,86,2009,26,175000.0,38,9,1,5.0,2,4,82,50000,5,4,2,1197
6994,9,1985,161,495000.0,53,7,1,5.0,8,4,0,80000,2,4,1,1817
6995,116,2017,203,550000.0,73,8,1,5.0,8,4,58,58000,5,4,1,1497
6996,9,2021,203,1025000.0,93,9,1,5.0,8,4,80,14000,5,4,1,1497
6997,86,2014,230,350000.0,130,9,1,5.0,8,4,70,80000,5,4,3,1797
6998,116,2017,242,775000.0,148,9,1,5.0,8,4,70,45000,5,4,1,1999
6999,116,2014,101,306000.0,101,20,1,5.0,8,4,159,119236,5,4,1,1197
7000,110,2016,101,432000.0,110,20,1,5.0,2,4,139,98074,2,4,1,1197
7001,138,2013,250,1080000.0,127,21,0,5.0,8,4,171,40330,2,1,1,2143
7002,116,2014,101,314000.0,101,20,1,5.0,8,4,159,84989,2,4,2,1197
7003,116,2014,29,269000.0,26,20,1,5.0,2,4,163,72017,2,4,2,998
7004,57,2015,140,521000.0,73,20,1,7.0,4,4,146,65002,2,1,1,1248
7005,86,2015,101,342000.0,101,20,1,5.0,8,4,159,85862,2,4,1,1197
7006,86,2011,15,150000.0,22,20,1,5.0,2,4,136,70000,5,4,2,796
7007,138,2017,43,407000.0,103,17,1,6.0,2,4,120,48005,4,4,1,1198
7008,116,2019,31,460000.0,48,9,1,5.0,2,4,75,8625,6,4,1,1086
7009,86,2020,93,725000.0,117,29,1,5.0,2,4,225,10000,5,4,1,1199
7010,66,2012,241,340000.0,125,28,1,5.0,8,4,219,67000,5,1,1,1968
7011,86,2020,93,735000.0,117,29,1,5.0,2,4,225,10000,5,4,1,1199
7012,86,2018,142,1200000.0,134,9,1,5.0,7,4,68,50000,5,1,1,1582
7013,110,2011,30,145000.0,22,20,1,5.0,2,4,167,60000,5,4,3,998
7014,86,2017,45,350000.0,44,20,1,5.0,2,4,142,60000,5,4,3,998
7015,14,2014,265,1950000.0,271,0,0,5.0,7,4,7,34000,2,1,1,1968
7016,86,2012,16,300000.0,39,20,1,5.0,2,4,135,60000,5,4,1,998
7017,14,2014,248,695000.0,120,30,1,7.0,4,4,255,152000,2,1,1,2494
7018,138,2014,345,5600000.0,307,14,0,5.0,7,4,107,45000,4,1,1,3993
7019,9,2013,233,399000.0,120,30,1,5.0,8,4,248,56766,5,4,3,1798
7020,9,2022,281,2109000.0,220,29,0,6.0,7,4,236,7114,4,1,1,1956
7021,117,2021,281,2000000.0,220,29,0,6.0,7,4,236,25508,2,1,1,1956
7022,116,2012,28,217000.0,22,20,1,5.0,2,4,163,39369,2,4,1,998
7023,86,2018,248,886000.0,215,17,1,7.0,7,4,131,96707,2,1,1,2179
7024,86,2016,101,550000.0,120,9,1,5.0,2,4,84,50000,5,4,1,1197
7025,110,2019,47,327000.0,36,27,1,5.0,2,4,210,30345,4,4,1,799
7026,138,2016,298,1775000.0,187,30,0,7.0,7,4,252,128232,2,1,1,2982
7027,14,2017,103,487000.0,100,8,1,5.0,7,4,64,54018,4,4,1,1199
7028,116,2016,174,612000.0,77,9,1,5.0,8,4,80,32007,6,1,1,1582
7029,86,2015,26,310000.0,38,9,1,5.0,2,4,82,100000,5,4,1,1086
7030,55,2014,25,245000.00000000003,30,9,1,5.0,2,4,76,30000,5,4,2,1086
7031,116,2018,269,1980000.0,274,32,0,5.0,8,4,273,66452,2,1,1,2400
7032,138,2021,270,4500000.0,283,32,0,5.0,7,4,278,38706,2,1,1,2400
7033,86,2018,203,650000.0,73,8,1,5.0,8,4,58,80000,5,4,1,1497
7034,55,2015,174,750000.0,77,9,1,5.0,8,4,80,60000,5,4,1,1591
7035,86,2016,101,500000.0,120,9,1,5.0,2,4,84,120000,5,4,1,1197
7036,86,2012,108,720000.0,4,2,1,10.0,4,4,31,150000,5,1,2,2499
7037,14,2017,203,790000.0,73,8,1,5.0,8,4,58,19000,5,1,1,1498
7038,57,2012,114,645000.0,13,30,1,7.0,4,4,255,260000,2,1,1,2494
7039,14,2014,203,403000.0,73,8,1,5.0,8,4,58,71552,2,4,1,1497
7040,116,2015,51,301000.0,52,9,1,5.0,2,4,72,65039,4,4,2,1197
7041,55,2007,25,40000.0,30,9,1,5.0,2,4,76,60000,5,4,2,1086
7042,110,2019,40,359000.0,37,27,1,5.0,2,4,210,73578,6,4,1,999
7043,86,2021,31,511000.00000000006,48,9,0,5.0,2,4,75,27160,4,4,1,1086
7044,8,2017,87,425000.0,100,9,1,5.0,2,4,83,36000,2,4,1,1197
7045,116,2014,51,277000.0,52,9,1,5.0,2,4,72,84367,2,4,1,1197
7046,57,2019,182,750000.0,102,20,1,7.0,4,4,146,32599,5,4,1,1462
7047,110,2017,157,551000.0,173,27,1,5.0,7,4,208,47530,4,4,1,1598
7048,116,2014,32,254000.0,60,8,1,5.0,2,4,56,35457,2,4,1,1198
7049,84,2020,157,1275000.0,148,13,0,5.0,7,4,99,28134,2,4,1,1497
7050,138,2022,101,1320000.0,170,17,0,5.0,7,4,130,5000,2,4,0,1197
7051,110,2011,26,270000.0,38,9,0,5.0,2,4,82,28000,2,4,1,1197
7052,8,2020,318,7900000.0,294,14,0,5.0,7,4,108,33582,2,4,2,1997
7053,83,2014,26,255000.0,38,9,1,5.0,2,4,82,46005,2,4,1,1197
7054,8,2021,370,3450000.0,231,16,0,6.0,7,4,112,2565,2,1,1,1996
7055,110,2018,68,535000.0,103,20,0,5.0,2,4,158,28000,2,4,1,1197
7056,138,2015,81,440000.00000000006,69,8,0,5.0,2,4,61,32000,2,4,1,1199
7057,50,2009,129,225000.0,67,20,1,5.0,8,4,159,45000,2,4,1,1298
7058,138,2019,248,1295000.0,215,17,1,7.0,7,4,131,78565,2,1,1,2179
7059,8,2022,274,1792000.0000000002,184,16,0,5.0,7,4,113,10197,4,4,1,1451
7060,86,2014,15,180000.0,32,9,1,5.0,2,4,69,60000,5,4,2,814
7061,116,2017,203,602000.0,73,8,1,5.0,8,4,58,32844,2,4,1,1497
7062,8,2022,51,743000.0,57,29,1,5.0,2,4,242,5198,2,0,1,1199
7063,13,2013,101,335000.0,86,9,1,5.0,2,4,83,40000,2,4,1,1197
7064,86,2019,189,750000.0,76,28,0,5.0,8,4,221,19355,2,4,1,1598
7065,9,2010,129,240000.0,67,20,1,5.0,8,4,159,60000,5,4,1,1298
7066,116,2019,36,474000.0,41,20,1,5.0,2,4,163,31197,4,4,1,998
7067,86,2021,12,346000.0,34,4,1,5.0,2,4,36,6651,4,4,1,999
7068,86,2009,15,70000.0,26,2,1,5.0,2,4,30,60000,5,4,3,995
7069,57,2018,206,745000.0,103,8,1,7.0,7,4,55,35000,2,4,1,1497
7070,110,2013,203,335000.0,73,8,1,5.0,8,4,58,57000,2,4,1,1497
7071,14,2016,203,550000.0,73,8,0,5.0,8,4,58,50469,5,4,1,1497
7072,116,2018,68,524000.0,103,20,1,5.0,2,4,158,32000,2,4,1,1197
7073,50,2016,261,850000.0,130,30,0,5.0,8,4,248,36000,2,4,1,1798
7074,86,2018,10,210000.0,33,4,1,5.0,2,4,36,30000,5,4,1,799
7075,84,2018,248,999000.0,215,17,0,7.0,7,4,131,68042,2,1,1,2179
7076,138,2014,26,230000.0,38,9,1,5.0,2,4,82,65000,2,4,2,1197
7077,9,2020,68,549000.0,103,20,1,5.0,2,4,158,24000,2,4,1,1197
7078,116,2016,219,520000.0,96,20,1,5.0,8,4,144,82948,2,1,1,1248
7079,14,2010,30,141000.0,26,20,1,5.0,2,4,167,23162,2,4,2,998
7080,9,2010,52,129000.0,60,20,1,5.0,2,4,154,45000,2,4,1,1197
7081,86,2020,103,641000.0,100,8,1,5.0,7,4,64,7281,2,4,2,1199
7082,138,2016,101,466000.0,120,9,1,5.0,2,4,84,29428,5,4,1,1197
7083,138,2018,142,844999.9999999999,134,9,1,5.0,7,4,68,64000,2,4,1,1591
7084,86,2016,13,215000.0,27,20,1,5.0,2,4,137,62202,2,4,1,796
7085,138,2018,203,725000.0,73,8,1,5.0,8,4,58,47000,5,4,1,1497
7086,110,2022,97,772000.0,57,29,1,5.0,8,4,244,13145,2,0,1,1199
7087,9,2017,15,255000.0,32,9,1,5.0,2,4,69,119490,4,4,1,814
7088,138,2021,248,1673999.9999999998,215,17,1,7.0,7,4,131,8000,2,1,1,2179
7089,14,2015,203,525000.0,73,8,1,5.0,8,4,58,45000,5,1,1,1498
7090,57,2016,34,295000.0,22,20,1,5.0,2,4,164,46422,2,4,1,998
7091,86,2014,26,235000.0,38,9,1,5.0,2,4,82,64000,2,4,3,1197
7092,14,2020,101,495000.0,61,31,1,5.0,8,4,260,52000,2,1,1,1498
7093,14,2019,203,685000.0,73,8,1,5.0,8,4,58,25000,2,4,1,1497
7094,9,2013,15,186000.0,32,9,1,5.0,2,4,69,15000,4,4,2,814
7095,50,2020,157,1265000.0,148,13,1,5.0,7,4,99,45000,2,4,1,1353
7096,138,2018,142,894999.9999999999,134,9,0,5.0,7,4,68,65000,2,4,1,1591
7097,8,2018,183,950000.0,165,12,1,5.0,7,4,94,65000,4,1,1,1956
7098,116,2019,203,727000.0,73,8,1,5.0,8,4,58,21628,2,4,1,1497
7099,116,2016,69,427000.0,101,20,1,5.0,2,4,158,8347,4,4,1,1197
7100,9,2016,209,875000.0,168,17,1,7.0,7,4,124,72057,2,1,2,2179
7101,116,2017,51,349000.0,52,9,1,5.0,2,4,72,52549,5,4,1,1197
7102,86,2014,203,450000.0,73,8,0,5.0,8,4,58,44540,4,4,2,1497
7103,116,2014,70,320000.0,73,20,1,5.0,2,4,158,44000,2,4,2,1197
7104,116,2019,62,646000.0,60,9,1,5.0,2,4,73,53084,5,1,1,1186
7105,86,2021,204,950000.0,130,20,1,6.0,4,4,165,10000,5,4,2,1462
7106,138,2018,261,1124000.0,130,30,0,5.0,8,4,248,34339,2,4,2,1798
7107,110,2020,157,1057000.0,148,13,1,5.0,7,4,99,15456,5,4,1,1497
7108,86,2021,204,950000.0,130,20,1,6.0,4,4,165,10000,5,4,2,1462
7109,57,2018,31,385000.0,48,9,1,5.0,2,4,75,68000,2,4,1,1086
7110,86,2021,151,875000.0,135,20,1,5.0,7,4,157,10000,5,4,1,1462
7111,86,2017,101,520000.0,184,17,1,7.0,7,4,126,100000,5,1,1,1493
7112,110,2019,101,675000.0,184,17,1,7.0,7,4,126,59639,2,1,1,1493
7113,86,2017,45,360000.0,44,20,1,5.0,2,4,142,50000,5,4,1,998
7114,138,2016,359,1795000.0,270,0,0,5.0,8,4,4,37000,2,4,1,1798
7115,138,2013,196,235000.0,73,27,1,5.0,8,4,214,60000,5,4,2,1498
7116,9,2022,101,900000.0,130,9,1,5.0,2,4,85,8000,5,4,1,998
7117,116,2017,149,800000.0,73,20,1,7.0,4,4,146,31000,5,1,1,1248
7118,116,2016,93,357000.0,60,8,1,5.0,8,4,54,44890,2,4,1,1198
7119,86,2017,142,620000.0,134,9,1,5.0,7,4,68,48752,2,1,2,1396
7120,86,2022,281,2350000.0,220,29,0,6.0,7,4,236,10000,5,1,1,1956
7121,110,2017,39,372000.0,87,17,1,5.0,7,4,119,5151,4,4,1,1198
7122,9,2017,13,275000.0,27,20,1,5.0,2,4,137,28807,6,4,1,796
7123,86,2014,25,220000.00000000003,30,9,1,5.0,2,4,76,30000,5,4,2,1086
7124,116,2019,203,763000.0,73,8,1,5.0,8,4,58,20593,4,4,1,1497
7125,86,2020,93,735000.0,117,29,1,5.0,2,4,225,10000,5,4,1,1199
7126,86,2015,93,260000.0,60,8,1,5.0,8,4,54,82879,4,4,2,1198
7127,110,2022,237,1015000.0,112,8,1,5.0,8,4,58,13407,2,4,1,1498
7128,86,2019,43,410000.0,67,20,1,5.0,2,4,151,100000,5,4,1,1197
7129,57,2018,182,791000.0,102,20,1,7.0,4,4,146,66000,2,1,1,1248
7130,116,2015,248,745000.0,120,30,1,7.0,4,4,255,177000,2,1,1,2494
7131,8,2021,306,1850000.0,179,30,1,7.0,4,4,256,21100,5,1,1,2393
7132,110,2005,145,110000.0,9,29,1,10.0,4,4,241,120000,5,1,1,1948
7133,86,2015,26,310000.0,38,9,1,5.0,2,4,82,100000,5,4,1,1086
7134,138,2018,382,3900000.0,226,1,0,4.0,8,4,15,44227,2,1,1,2993
7135,116,2015,298,1350000.0,187,30,0,7.0,7,4,252,70000,5,1,3,2982
7136,56,2019,103,650000.0,100,8,1,5.0,7,4,64,45000,4,4,1,1199
7137,8,2021,223,1600000.0,140,9,1,6.0,7,4,66,50000,5,4,1,1999
7138,110,2019,69,449000.0,101,20,1,5.0,2,4,158,77042,2,4,1,1197
7139,86,2021,97,517000.0,57,29,1,5.0,8,4,244,42325,4,4,1,1199
7140,86,2017,84,500000.0,61,31,1,5.0,2,4,264,50000,5,4,1,1199
7141,86,2015,69,400000.0,101,20,1,5.0,2,4,158,37196,2,4,1,1197
7142,110,2017,101,460000.0,110,20,1,5.0,2,4,139,61530,5,1,1,1248
7143,138,2016,101,580000.0,120,9,1,5.0,2,4,84,48000,5,4,1,1197
7144,86,2017,101,643000.0,140,20,1,5.0,7,4,162,74444,2,1,1,1248
7145,86,2011,119,200000.0,47,28,1,5.0,2,4,216,120000,5,4,1,1198
7146,86,2020,24,411000.00000000006,29,20,1,5.0,2,4,155,11768,2,4,1,998
7147,9,2020,47,384000.0,37,27,1,5.0,2,4,210,19715,4,4,2,799
7148,14,2018,103,500000.0,100,8,1,5.0,7,4,64,54581,5,4,1,1199
7149,57,2014,355,1475000.0,270,0,0,5.0,8,4,4,34000,2,1,1,1968
7150,86,2016,87,500000.0,100,9,1,5.0,2,4,83,50000,5,4,2,1197
7151,86,2014,84,360000.0,61,31,1,5.0,2,4,264,40000,5,4,2,1198
7152,116,2015,298,1450000.0,187,30,0,7.0,7,4,252,70000,5,1,4,2982
7153,9,2016,294,4200000.0,230,26,0,5.0,7,4,205,19600,5,4,3,1984
7154,138,2011,108,350000.0,4,2,1,7.0,4,4,31,120000,5,1,1,2499
7155,8,2012,271,1199000.0,275,1,0,5.0,7,4,18,68000,2,1,1,1995
7156,86,2014,189,220000.00000000003,79,29,1,5.0,8,4,234,70000,5,1,2,1248
7157,86,2016,51,330000.0,52,9,1,5.0,2,4,72,50000,5,1,4,1120
7158,138,2021,97,518000.0,57,29,1,5.0,8,4,244,70179,4,4,1,1199
7159,56,2010,16,141000.0,39,20,1,5.0,2,4,135,54501,2,4,1,998
7160,86,2018,162,800000.0,158,27,1,5.0,7,4,207,20000,5,1,1,1461
7161,86,2016,13,227000.0,27,20,1,5.0,2,4,137,28651,4,4,1,796
7162,138,2014,203,372000.0,73,8,1,5.0,8,4,58,64787,4,4,2,1497
7163,57,2014,298,1300000.0,187,30,1,7.0,7,4,252,138726,2,1,1,2982
7164,116,2019,36,437000.0,41,20,1,5.0,2,4,163,24147,2,4,1,998
7165,138,2017,261,950000.0,131,30,0,5.0,8,4,248,65000,4,4,1,1798
7166,116,2015,203,421000.0,73,8,1,5.0,8,4,58,79513,2,4,1,1497
7167,8,2010,77,193000.0,85,9,1,5.0,2,4,83,87845,5,4,1,1197
7168,86,2015,140,750000.0,73,20,1,7.0,4,4,146,20000,5,4,1,1373
7169,116,2015,270,599000.0,133,31,1,5.0,8,4,262,55000,5,4,1,1390
7170,138,2020,43,470000.0,101,17,1,6.0,2,4,120,60000,5,4,2,1198
7171,116,2014,32,335000.0,60,8,1,5.0,2,4,56,47183,5,4,1,1198
7172,86,2015,248,1050000.0,123,30,1,7.0,4,4,255,150000,5,1,1,2494
7173,116,2015,342,2199000.0,196,21,0,5.0,8,4,174,41510,2,1,2,2143
7174,8,2017,242,843000.0,148,9,1,5.0,8,4,70,54600,2,1,1,1582
7175,86,2007,25,50000.0,30,9,1,5.0,2,4,76,20000,5,4,1,1086
7176,116,2022,94,650000.0,105,27,1,7.0,4,4,215,4000,2,4,1,999
7177,138,2015,137,180000.0,67,2,1,5.0,8,4,29,70000,5,4,1,1199
7178,116,2021,101,673000.0,140,20,1,5.0,7,4,162,29882,6,4,1,1462
7179,110,2011,52,198000.0,73,30,1,5.0,2,4,251,55314,4,4,1,1197
7180,8,2013,172,250000.0,77,9,1,5.0,8,4,80,69000,5,1,1,1582
7181,9,2015,101,338000.0,101,20,1,5.0,8,4,159,41565,2,4,2,1197
7182,116,2011,101,198000.0,86,9,1,5.0,2,4,83,46624,2,4,2,1197
7183,8,2021,157,1400000.0,148,13,0,5.0,7,4,99,56312,2,1,1,1493
7184,110,2019,13,283000.0,27,20,1,5.0,2,4,137,22950,4,4,1,796
7185,110,2014,26,214000.0,38,9,1,5.0,2,4,82,42000,2,4,2,1086
7186,9,2014,15,215000.0,32,9,1,5.0,2,4,69,26135,4,4,1,814
7187,110,2020,84,749000.0,61,31,1,5.0,2,4,264,20913,2,4,1,999
7188,9,2013,15,185000.0,32,9,1,5.0,2,4,69,14000,2,4,2,814
7189,57,2020,25,421000.0,29,20,1,5.0,2,4,155,3000,2,4,1,998
7190,110,2018,101,465000.00000000006,110,20,1,5.0,2,4,139,52002,2,1,1,1248
7191,86,2010,77,200000.0,85,9,1,5.0,2,4,83,60000,5,4,2,1197
7192,57,2021,157,1321000.0,148,13,1,5.0,7,4,99,50000,5,1,1,1493
7193,138,2014,261,450000.0,131,30,1,5.0,8,4,248,59000,5,4,1,1798
7194,138,2022,101,1199000.0,139,13,1,5.0,7,4,100,15000,2,1,1,1493
7195,138,2014,15,210000.0,32,9,1,5.0,2,4,69,22393,2,4,2,814
7196,43,2016,93,345000.0,60,8,1,5.0,8,4,54,53483,2,1,1,1498
7197,57,2011,363,421000.0,189,8,0,5.0,8,4,63,49000,5,4,1,2354
7198,86,2011,20,171000.0,23,20,1,5.0,2,4,138,38420,2,4,1,998
7199,110,2010,26,172000.0,38,9,1,5.0,2,4,82,60585,2,4,1,1197
7200,138,2021,380,6600000.0,266,21,0,5.0,8,4,174,12809,2,4,1,1991
7201,138,2019,189,794000.0,76,28,0,5.0,8,4,221,37243,6,1,1,1498
7202,116,2022,99,881000.0,139,30,1,5.0,7,4,258,25796,2,4,1,1462
7203,106,2018,307,1735000.0000000002,180,30,1,8.0,4,4,256,34000,2,1,1,2393
7204,86,2019,100,852999.9999999999,126,9,0,5.0,7,4,79,29717,2,4,1,998
7205,116,2018,59,325000.0,55,24,1,5.0,2,4,199,42000,2,4,1,1198
7206,110,2014,34,284000.0,22,20,1,5.0,2,4,164,24425,2,4,1,998
7207,9,2020,189,936000.0,76,28,0,5.0,8,4,221,14323,2,4,1,999
7208,116,2019,101,800000.0,143,17,1,7.0,7,4,126,9700,2,1,1,1493
7209,110,2011,172,250000.0,77,9,1,5.0,8,4,80,50000,5,4,2,1591
7210,14,2017,203,650000.0,73,8,0,5.0,8,4,58,51097,5,4,1,1497
7211,86,2010,26,165000.0,38,9,1,5.0,2,4,82,60000,5,4,2,1086
7212,14,2022,101,850000.0,101,20,1,5.0,8,4,159,23684,2,4,1,1197
7213,86,2009,26,161000.0,38,9,1,5.0,2,4,82,40000,5,4,1,1086
7214,14,2017,275,2750000.0,214,21,0,5.0,7,4,179,60002,2,1,1,2143
7215,56,2018,209,795000.0,103,8,1,7.0,7,4,55,39000,4,4,1,1497
7216,86,2020,182,900000.0,102,20,1,7.0,4,4,146,40000,5,4,1,1462
7217,9,2017,171,1800000.0,261,32,0,5.0,2,4,275,16001,2,1,1,1969
7218,138,2014,174,361000.0,77,9,1,5.0,8,4,80,51000,2,4,2,1591
7219,84,2021,36,510000.0,41,20,1,5.0,2,4,163,10143,2,4,1,998
7220,84,2019,24,415000.00000000006,29,20,1,5.0,2,4,155,53657,5,4,2,998
7221,9,2014,42,266000.0,51,20,1,5.0,2,4,142,88532,2,4,1,998
7222,55,2013,29,150000.0,26,20,1,5.0,2,4,163,60000,5,4,1,998
7223,138,2021,134,1375000.0,120,28,1,5.0,7,4,218,12059,2,4,1,999
7224,86,2021,51,520000.0,57,29,1,5.0,2,4,242,10000,5,4,1,1199
7225,138,2018,209,925000.0,168,17,1,9.0,7,4,124,47000,5,1,1,2523
7226,110,2018,157,650000.0,173,27,1,5.0,7,4,208,20000,2,1,1,1461
7227,50,2013,101,285000.0,73,20,1,5.0,8,4,159,37000,2,4,1,1197
7228,110,2022,62,728000.0,59,9,1,5.0,2,4,73,9520,2,4,1,1197
7229,116,2016,137,210000.0,67,2,1,5.0,8,4,29,100000,5,4,1,1199
7230,57,2022,31,535000.0,48,9,1,5.0,2,4,75,22577,2,0,1,1086
7231,9,2021,101,824000.0,130,9,1,5.0,2,4,83,9902,2,4,1,998
7232,86,2016,102,500000.0,123,6,1,5.0,7,4,47,70000,5,4,1,1497
7233,116,2020,51,526000.0,52,9,1,5.0,2,4,72,20101,2,4,1,1197
7234,86,2011,119,180000.0,47,28,1,5.0,2,4,216,120000,5,4,1,1198
7235,84,2021,96,970000.0,154,29,1,5.0,7,4,237,15258,2,4,1,1199
7236,138,2020,100,951000.0,126,9,0,5.0,7,4,79,36397,4,4,1,998
7237,86,2011,119,180000.0,47,28,1,5.0,2,4,216,120000,5,4,1,1198
7238,9,2012,227,975000.0,163,1,0,5.0,8,4,11,52000,2,1,1,1995
7239,138,2019,194,2250000.0,149,21,0,5.0,7,4,178,51900,5,1,1,2143
7240,8,2017,203,750000.0,73,8,0,5.0,8,4,58,70000,5,4,1,1497
7241,55,2022,186,2650000.0,165,12,0,5.0,7,4,94,10000,5,4,1,1368
7242,86,2016,213,1950000.0,264,1,0,5.0,7,4,17,30000,5,1,1,1995
7243,110,2019,142,930000.0,134,9,1,5.0,7,4,68,23303,2,4,2,1591
7244,86,2020,274,1499000.0,184,16,0,5.0,7,4,113,30000,5,4,2,1451
7245,138,2017,248,850000.0,215,17,1,7.0,7,4,131,70000,5,1,2,2179
7246,86,2019,142,1020000.0,134,9,1,5.0,7,4,68,50000,5,4,2,1591
7247,57,2019,68,614000.0,103,20,1,5.0,2,4,158,11326,2,4,1,1197
7248,116,2020,68,630000.0,103,20,1,5.0,2,4,158,23609,2,4,1,1197
7249,86,2016,45,320000.0,44,20,1,5.0,2,4,142,30000,5,4,2,998
7250,110,2014,25,241000.0,30,9,1,5.0,2,4,76,60533,5,4,1,1086
7251,116,2016,219,513000.0,96,20,1,5.0,8,4,144,46328,4,4,1,1373
7252,86,2020,303,1550000.0,184,16,0,6.0,7,4,114,60000,5,4,1,1451
7253,138,2019,100,1006000.0,126,9,0,5.0,7,4,79,31745,6,4,1,998
7254,50,2012,298,1075000.0,187,30,0,7.0,7,4,252,78668,2,1,3,2982
7255,9,2021,94,718000.0,113,27,1,5.0,7,4,211,3115,2,4,1,999
7256,116,2022,42,635000.0,51,20,0,5.0,2,4,142,8940,2,4,1,998
7257,86,2015,51,475000.0,52,9,1,5.0,2,4,72,10000,5,4,1,1197
7258,86,2014,101,305000.0,52,9,1,5.0,8,4,81,40000,5,4,3,1197
7259,51,2018,203,755000.0,73,8,1,5.0,8,4,58,45652,2,4,1,1497
7260,86,2019,218,800000.0,95,20,1,5.0,8,4,144,30000,5,4,1,1462
7261,138,2015,397,1800000.0,279,11,0,5.0,8,4,93,85033,2,4,4,1999
7262,86,2017,51,450000.0,52,9,1,5.0,2,4,72,30000,5,4,1,1197
7263,86,2011,77,290000.0,85,9,1,5.0,2,4,83,70000,5,4,1,1197
7264,110,2019,68,580000.0,103,20,1,5.0,2,4,158,17200,2,4,1,1197
7265,51,2015,203,600000.0,73,8,1,5.0,8,4,58,18255,5,4,1,1497
7266,86,2015,261,595000.0,131,30,1,5.0,8,4,248,80000,5,4,2,1798
7267,110,2022,42,546000.0,51,20,1,5.0,2,4,142,6398,2,4,1,998
7268,116,2020,62,588000.0,59,9,0,5.0,2,4,73,45739,2,4,1,1197
7269,138,2016,298,2300000.0,187,30,1,7.0,7,4,252,46000,5,1,1,2982
7270,116,2016,206,499000.0,103,8,1,7.0,7,4,55,35254,2,4,1,1497
7271,110,2018,196,623000.0,96,30,1,5.0,8,4,259,41334,2,4,1,1496
7272,8,2014,32,300000.0,60,8,1,5.0,2,4,56,51463,5,4,1,1198
7273,116,2019,14,338000.0,24,20,1,5.0,2,4,137,29478,2,4,1,796
7274,95,2019,307,1750000.0,180,30,1,7.0,4,4,256,85101,2,1,1,2393
7275,110,2022,24,443000.0,29,20,1,5.0,2,4,155,6903,2,4,1,998
7276,110,2013,26,213000.0,38,9,1,5.0,2,4,82,57602,2,4,2,1197
7277,84,2013,368,3150000.0,232,26,0,4.0,8,4,206,52047,5,1,2,4806
7278,8,2017,325,3700000.0,292,21,0,5.0,7,4,181,71742,2,1,1,2143
7279,9,2023,202,4450000.0,200,32,0,5.0,7,4,277,413,2,4,1,1969
7280,66,2015,9,234000.0,24,20,1,5.0,2,4,137,10000,2,4,1,796
7281,86,2009,26,140000.0,38,9,1,5.0,2,4,82,50000,5,4,1,1086
7282,110,2018,101,534000.0,110,20,0,5.0,2,4,139,18000,2,4,1,1197
7283,9,2018,29,380000.0,26,20,0,5.0,2,4,163,32000,2,4,1,998
7284,138,2018,102,565000.0,123,6,1,5.0,7,4,47,42000,5,1,1,1498
7285,138,2014,203,381000.0,73,8,1,5.0,8,4,58,45000,2,4,1,1497
7286,14,2018,243,749000.0,111,8,0,5.0,8,4,58,29000,5,4,1,1498
7287,116,2012,183,426000.0,101,20,1,7.0,4,4,146,19675,4,4,2,1462
7288,9,2021,101,877000.0,130,9,0,5.0,2,4,83,20378,2,4,1,998
7289,55,2022,134,1400000.0,120,28,0,5.0,7,4,218,10000,5,4,1,999
7290,110,2015,26,335000.0,38,9,1,5.0,2,4,82,33683,2,4,1,1086
7291,57,2021,24,414000.0,29,20,1,5.0,2,4,155,18518,2,4,1,998
7292,116,2016,28,321000.0,22,20,1,5.0,2,4,163,36000,2,4,1,998
7293,57,2019,23,323000.0,28,20,1,5.0,2,4,138,30791,2,4,2,998
7294,50,2021,182,925000.0,102,20,1,7.0,4,4,146,18000,2,4,1,1462
7295,110,2020,14,345000.0,28,20,1,5.0,2,4,137,14447,2,4,1,796
7296,110,2019,51,454000.0,52,9,1,5.0,2,4,72,19991,2,4,2,1197
7297,9,2016,15,259000.0,32,9,1,5.0,2,4,69,24000,2,4,1,814
7298,138,2019,125,675000.0,110,17,1,7.0,7,4,116,41000,2,1,1,2523
7299,8,2015,180,1095000.0,252,0,1,5.0,7,4,6,45000,2,1,1,1968
7300,8,2021,223,1875000.0,140,9,0,7.0,7,4,66,10177,2,4,1,1999
7301,138,2013,51,325000.0,52,9,1,5.0,2,4,72,35444,4,4,1,1197
7302,57,2017,51,415000.00000000006,52,9,1,5.0,2,4,72,35000,5,4,1,1197
7303,110,2019,307,1695000.0,180,30,1,7.0,4,4,256,40000,2,1,1,2393
7304,110,2016,51,365000.0,52,9,1,5.0,2,4,72,49040,2,1,1,1120
7305,86,2007,15,98000.0,22,20,1,5.0,2,4,136,40000,5,4,2,796
7306,57,2019,23,333000.0,28,20,1,5.0,2,4,138,49546,2,4,1,998
7307,14,2014,101,406000.0,101,20,1,5.0,8,4,159,38698,2,4,1,1197
7308,14,2018,202,675000.0,71,8,1,5.0,8,4,58,32814,2,4,1,1497
7309,9,2015,101,329000.0,52,9,1,5.0,8,4,81,14642,4,4,1,1197
7310,110,2017,11,279000.0,24,20,1,5.0,2,4,137,33429,2,4,1,796
7311,138,2012,326,299000.0,184,9,1,5.0,8,4,77,36448,2,4,2,2359
7312,9,2022,62,622000.0,59,9,1,5.0,2,4,73,30739,2,4,1,1197
7313,57,2021,101,798000.0,130,9,1,5.0,2,4,83,21300,2,4,1,1197
7314,9,2020,62,618000.0,59,9,1,5.0,2,4,73,13463,2,4,1,1197
7315,57,2019,24,431000.0,29,20,0,5.0,2,4,155,15477,5,4,1,998
7316,9,2018,29,415000.00000000006,26,20,0,5.0,2,4,163,33000,5,4,1,998
7317,86,2010,26,180000.0,38,9,1,5.0,2,4,82,50000,5,4,2,1197
7318,138,2021,223,1675000.0,140,9,0,6.0,7,4,66,28895,2,1,1,1493
7319,86,2019,101,620000.0,110,20,1,5.0,2,4,139,10000,5,4,1,1197
7320,86,2015,177,380000.0,76,31,1,5.0,8,4,269,50000,5,1,1,1498
7321,116,2016,248,840000.0,215,17,0,7.0,7,4,131,70000,5,1,2,1997
7322,116,2020,287,3500000.0,253,21,0,5.0,8,4,171,24600,5,1,1,1950
7323,8,2023,87,1550000.0,197,17,1,4.0,7,4,128,10711,2,1,1,2184
7324,86,2018,149,600000.0,73,20,1,7.0,4,4,146,90000,5,4,1,1373
7325,138,2020,100,868000.0,126,9,1,5.0,7,4,79,19712,2,4,1,998
7326,57,2019,203,917000.0,73,8,0,5.0,8,4,58,31772,2,4,1,1497
7327,140,2013,161,100000.0,53,7,1,5.0,8,4,0,150000,5,1,1,1995
7328,8,2019,203,867000.0,93,9,1,5.0,8,4,80,31055,5,4,1,1591
7329,9,2021,167,827000.0,171,27,1,5.0,7,4,208,25695,2,4,1,1498
7330,138,2021,24,420000.0,29,20,1,5.0,2,4,155,20000,5,4,1,998
7331,110,2019,100,942000.0,169,17,1,5.0,7,4,130,24181,2,1,1,1497
7332,86,2020,157,1300000.0,148,13,0,5.0,7,4,99,70000,5,1,1,1493
7333,116,2020,167,803999.9999999999,171,27,1,5.0,7,4,208,42970,2,4,1,1498
7334,110,2012,15,179000.0,22,20,1,5.0,2,4,136,12541,2,4,2,796
7335,86,2019,87,550000.0,100,9,1,5.0,2,4,83,10000,5,4,1,1197
7336,86,2021,62,650000.0,59,9,1,5.0,2,4,73,10000,5,4,2,1197
7337,51,2015,203,449000.0,73,8,1,5.0,8,4,58,49817,2,4,1,1497
7338,86,2021,62,650000.0,59,9,1,5.0,2,4,73,10000,5,4,2,1197
7339,86,2016,40,250000.0,37,27,1,5.0,2,4,210,30000,5,4,2,999
7340,86,2022,96,821000.0000000001,154,29,1,5.0,7,4,237,10000,5,4,2,1199
7341,86,2013,51,300000.0,52,9,1,5.0,2,4,72,20000,5,1,1,1120
7342,86,2021,204,950000.0,130,20,1,6.0,4,4,165,10000,5,4,2,1462
7343,86,2015,248,700000.0,215,17,1,7.0,7,4,131,80000,5,1,2,1997
7344,86,2014,101,280000.0,52,9,1,5.0,8,4,81,70000,5,1,2,1120
7345,9,2020,68,663000.0,103,20,1,5.0,2,4,158,6347,2,4,1,1197
7346,138,2019,43,559000.0,67,20,0,5.0,2,4,151,19437,2,4,2,1197
7347,138,2019,68,500000.0,103,20,1,5.0,2,4,158,61262,5,1,1,1248
7348,9,2021,96,934000.0,154,29,1,5.0,7,4,237,6059,2,4,1,1199
7349,8,2022,93,914000.0,117,29,1,5.0,2,4,225,9134,2,1,1,1497
7350,57,2022,101,840000.0,110,20,1,5.0,2,4,139,23092,2,4,1,1197
7351,110,2020,93,684000.0,117,29,1,5.0,2,4,225,33937,2,1,1,1497
7352,138,2015,219,524000.0,96,20,1,5.0,8,4,144,20000,5,4,1,1373
7353,57,2017,72,442000.0,73,30,1,5.0,2,4,251,49134,2,4,1,1197
7354,9,2010,45,192000.0,60,20,1,5.0,2,4,154,71900,2,4,2,1197
7355,86,2020,36,580000.0,41,20,1,5.0,2,4,163,20000,5,4,1,998
7356,8,2019,354,3800000.0,278,1,0,5.0,8,4,14,20000,5,1,1,1995
7357,86,2021,101,828999.9999999999,73,8,0,5.0,8,4,54,10000,5,4,1,1199
7358,66,2017,351,2649000.0,199,6,0,7.0,7,4,48,22336,2,1,1,3198
7359,86,2016,201,1950000.0,170,1,0,5.0,7,4,17,30000,5,1,1,1995
7360,9,2019,87,600000.0,100,9,1,5.0,2,4,83,10000,5,4,2,1197
7361,138,2019,203,775000.0,73,8,1,5.0,8,4,58,48384,2,4,1,1497
7362,138,2019,274,1365000.0,184,16,0,5.0,7,4,113,32000,5,4,1,1451
7363,86,2020,189,850000.0,76,28,1,5.0,8,4,221,20000,5,4,1,1598
7364,138,2015,171,435000.0,73,30,1,5.0,8,4,249,56023,2,4,1,1496
7365,8,2019,242,956000.0,148,9,1,5.0,8,4,70,60840,2,1,2,1582
7366,9,2017,66,431000.0,55,24,0,5.0,2,4,198,18984,2,4,1,1198
7367,86,2014,140,575000.0,73,20,1,7.0,4,4,146,50000,5,4,1,1373
7368,116,2017,101,432000.0,84,29,1,5.0,8,4,245,115173,2,1,1,1248
7369,110,2014,33,255000.0,22,20,1,5.0,2,4,138,26251,5,4,1,998
7370,116,2015,190,1675000.0,150,21,0,5.0,7,4,178,35700,5,1,2,2143
7371,116,2021,24,479000.0,29,20,0,5.0,2,4,155,6230,2,4,2,998
7372,86,2020,96,763000.0,154,29,1,5.0,7,4,237,30000,5,4,1,1199
7373,57,2022,101,846000.0000000001,71,8,0,5.0,8,4,54,25228,5,4,1,1199
7374,8,2019,142,999000.0,134,9,1,5.0,7,4,68,46717,2,4,1,1591
7375,86,2013,26,280000.0,38,9,1,5.0,2,4,82,20000,5,4,1,1197
7376,86,2018,182,775000.0,102,20,0,7.0,4,4,146,120000,5,4,1,1462
7377,50,2014,179,350000.0,76,28,1,5.0,8,4,221,65000,4,1,1,1598
7378,14,2018,101,445000.0,73,8,1,5.0,8,4,54,91000,2,4,1,1199
7379,138,2017,101,500000.0,120,9,1,5.0,2,4,84,45000,4,4,1,1197
7380,86,2016,236,21000000.0,235,21,0,2.0,1,4,169,30000,5,4,1,3982
7381,86,2019,218,825000.0,95,20,1,5.0,8,4,144,30000,5,4,1,1462
7382,86,2017,101,510000.0,110,20,1,5.0,2,4,139,60000,5,4,1,1197
7383,116,2014,140,325000.0,73,30,1,5.0,8,4,249,56000,4,4,1,1496
7384,57,2016,174,500000.0,77,9,1,5.0,8,4,80,54419,5,4,1,1591
7385,9,2020,94,640000.0,105,27,0,7.0,4,4,215,22746,2,4,1,999
7386,57,2020,13,334000.0,27,20,1,5.0,2,4,137,5385,5,4,1,796
7387,110,2014,355,1250000.0,270,0,0,5.0,8,4,4,40375,2,1,1,1968
7388,110,2020,99,774000.0,129,9,0,5.0,2,4,83,10837,2,4,1,998
7389,110,2020,13,326000.0,27,20,1,5.0,2,4,137,4521,2,4,1,796
7390,9,2019,328,2400000.0,155,1,0,5.0,8,4,11,25990,2,1,2,1995
7391,110,2021,101,634000.0,101,20,1,5.0,8,4,159,6805,2,4,1,1197
7392,50,2011,250,825000.0,127,21,0,5.0,8,4,171,47000,5,1,1,2143
7393,84,2021,24,458000.0,29,20,0,5.0,2,4,155,23733,2,4,1,998
7394,110,2021,24,414000.0,29,20,1,5.0,2,4,155,9473,2,4,1,998
7395,14,2013,157,310000.0,173,27,1,5.0,7,4,208,150000,5,1,1,1461
7396,86,2015,101,450000.0,52,9,0,5.0,8,4,81,70000,5,4,2,1197
7397,138,2019,288,4495000.0,225,32,0,5.0,7,4,278,38200,5,1,2,1969
7398,116,2020,334,2025000.0,237,17,0,7.0,7,4,115,76187,2,1,1,2157
7399,86,2016,277,2460000.0,271,1,0,5.0,7,4,18,40000,5,1,1,2993
7400,50,2008,363,500000.0,189,8,0,5.0,8,4,63,89398,2,4,3,2354
7401,86,2018,203,900000.0,93,9,1,5.0,8,4,80,50000,5,4,1,1591
7402,138,2014,329,1200000.0,174,30,0,5.0,8,4,246,70000,5,4,3,2494
7403,116,2017,101,400000.0,184,17,1,7.0,7,4,126,37000,5,1,1,1493
7404,56,2011,57,149000.0,60,6,1,5.0,2,4,51,42000,2,4,2,1196
7405,110,2016,23,324000.0,28,20,0,5.0,2,4,138,19392,2,4,1,998
7406,9,2021,14,356000.0,28,20,1,5.0,2,4,137,9522,2,4,1,796
7407,57,2014,93,295000.0,60,8,1,5.0,8,4,54,28880,2,4,1,1198
7408,110,2016,35,230000.0,38,2,1,5.0,2,4,24,19003,2,4,1,1199
7409,9,2016,9,268000.0,24,20,1,5.0,2,4,137,28329,2,4,1,796
7410,110,2022,101,690000.0,130,9,1,5.0,2,4,83,9326,5,4,1,1197
7411,57,2020,68,549000.0,103,20,1,5.0,2,4,158,47584,2,4,1,1197
7412,138,2022,157,1600000.0,148,13,1,5.0,7,4,99,10000,5,4,2,1353
7413,9,2019,51,487000.0,52,9,1,5.0,2,4,72,24021,2,4,1,1197
7414,116,2019,23,302000.0,28,20,1,5.0,2,4,138,44094,2,4,2,998
7415,8,2020,183,1750000.0,165,12,0,5.0,7,4,94,45107,2,1,1,1956
7416,57,2015,101,425000.0,73,20,0,5.0,8,4,159,9470,2,4,1,1197
7417,8,2007,248,284000.0,123,30,1,8.0,4,4,255,125000,2,1,1,2494
7418,84,2021,24,430000.0,29,20,1,5.0,2,4,155,7000,2,4,1,998
7419,110,2018,101,445000.0,110,20,1,5.0,2,4,139,73000,2,1,1,1248
7420,116,2022,99,1199000.0,139,20,1,5.0,7,4,141,11000,2,4,1,1462
7421,86,2010,26,170000.0,38,9,1,5.0,2,4,82,30000,5,4,1,1197
7422,57,2013,163,350000.0,247,24,1,5.0,7,4,201,35500,2,1,1,1461
7423,86,2019,68,525000.0,103,20,0,5.0,2,4,158,10000,5,4,1,1197
7424,138,2017,51,385000.0,52,9,1,5.0,2,4,72,43000,2,1,2,1186
7425,116,2021,36,498000.00000000006,41,20,1,5.0,2,4,163,34144,2,0,1,998
7426,9,2021,62,625000.0,59,9,1,5.0,2,4,73,6669,5,4,1,1197
7427,84,2019,51,494000.00000000006,52,9,1,5.0,2,4,72,22618,5,4,1,1197
7428,9,2019,36,462000.0,41,20,1,5.0,2,4,163,27042,2,0,1,998
7429,8,2016,142,710000.0,134,9,1,5.0,7,4,68,38224,2,4,1,1591
7430,116,2018,203,889000.0,73,8,0,5.0,8,4,58,23379,2,4,1,1497
7431,116,2018,266,2099000.0,256,21,0,5.0,8,4,172,47000,2,1,1,2143
7432,110,2019,13,304000.0,27,20,1,5.0,2,4,137,21388,2,4,1,796
7433,116,2015,28,308000.0,22,20,1,5.0,2,4,163,23005,2,4,1,998
7434,8,2021,261,1550000.0,148,9,0,5.0,8,4,70,7308,2,4,1,1999
7435,56,2008,231,500000.0,163,1,0,5.0,8,4,11,90000,5,1,1,1995
7436,86,2013,35,150000.0,38,2,1,5.0,2,4,24,60000,5,4,1,1199
7437,84,2016,84,395000.0,61,31,1,5.0,2,4,264,60000,5,4,1,1199
7438,8,2020,157,1400000.0,148,13,0,5.0,7,4,99,36674,2,4,1,1353
7439,86,2019,36,450000.0,41,20,0,5.0,2,4,163,20000,5,4,1,998
7440,57,2018,101,495000.0,73,20,1,5.0,8,4,159,17153,2,4,1,1197
7441,138,2018,248,1078000.0,215,17,1,7.0,7,4,131,39000,2,1,1,2179
7442,84,2020,36,460000.0,41,20,1,5.0,2,4,163,32165,2,4,1,998
7443,57,2018,189,560000.0,76,28,1,5.0,8,4,221,27447,5,4,1,1598
7444,110,2015,9,259000.0,24,20,1,5.0,2,4,137,26305,2,4,1,796
7445,86,2008,15,130000.0,22,20,1,5.0,2,4,136,20000,5,4,1,796
7446,57,2018,10,272000.0,33,4,1,5.0,2,4,36,17024,2,4,2,799
7447,110,2020,237,982000.0,112,8,0,5.0,8,4,58,9243,5,4,1,1498
7448,116,2017,189,425000.0,76,28,1,5.0,8,4,221,100000,2,4,1,1598
7449,9,2017,54,297000.0,44,4,1,5.0,2,4,34,19280,2,4,1,1198
7450,86,2019,100,750000.0,126,9,1,5.0,7,4,79,10000,5,4,1,998
7451,57,2021,101,658000.0,101,20,1,5.0,8,4,159,9646,2,4,1,1197
7452,9,2020,151,750000.0,135,20,1,5.0,7,4,157,11344,5,4,1,1462
7453,8,2021,328,4600000.0,156,1,0,5.0,8,4,11,17899,2,4,1,1998
7454,88,2021,47,449000.0,37,27,1,5.0,2,4,210,6000,2,4,0,999
7455,8,2010,35,150000.0,38,2,1,5.0,2,4,24,80000,5,4,1,1199
7456,86,2006,41,99703.0,55,29,1,5.0,2,4,230,50000,5,1,1,1396
7457,57,2014,87,450000.0,100,9,1,5.0,2,4,83,35000,4,1,2,1396
7458,50,2015,149,565000.0,73,20,1,7.0,4,4,146,31244,5,4,2,1373
7459,57,2017,51,410000.0,52,9,1,5.0,2,4,72,40000,5,4,1,1197
7460,56,2012,35,170000.0,38,2,1,5.0,2,4,24,30000,5,4,2,1199
7461,138,2012,90,178000.0,42,29,1,5.0,8,4,232,60000,5,1,1,1396
7462,116,2010,333,894999.9999999999,190,1,0,5.0,8,4,14,70000,2,1,1,2993
7463,116,2015,15,239000.0,32,9,1,5.0,2,4,69,65440,2,4,1,814
7464,9,2021,93,652000.0,117,29,1,5.0,2,4,225,35884,2,4,1,1199
7465,50,2015,261,550000.0,131,30,1,5.0,8,4,248,77500,5,4,1,1798
7466,50,2015,261,599000.0,131,30,1,5.0,8,4,248,59729,2,4,1,1798
7467,9,2014,9,199000.0,24,20,1,5.0,2,4,137,64854,2,4,1,796
7468,50,2018,101,575000.0,103,20,1,5.0,8,4,159,29836,2,4,2,1197
7469,57,2017,101,445000.0,73,6,1,5.0,8,4,46,74094,2,1,1,1498
7470,9,2021,69,620000.0,101,20,1,5.0,2,4,158,11590,2,4,1,1197
7471,14,2021,91,706000.0,68,8,1,5.0,2,4,61,9461,2,4,1,1199
7472,116,2014,196,363000.0,73,27,1,5.0,8,4,214,59006,2,1,3,1461
7473,86,2022,306,2400000.0,179,30,1,7.0,4,4,256,10000,5,1,1,2393
7474,86,2017,101,492000.0,73,20,1,5.0,8,4,159,150000,5,1,2,1248
7475,55,2016,93,360000.0,60,8,1,5.0,8,4,54,40000,5,4,3,1198
7476,86,2009,129,280000.0,67,20,1,5.0,8,4,159,80000,5,1,2,1248
7477,86,2016,298,1639999.9999999998,187,30,0,7.0,7,4,252,90000,5,1,1,2982
7478,8,2012,223,950000.0,302,14,0,5.0,7,4,104,80000,5,1,2,2179
7479,138,2014,298,1299000.0,187,30,1,7.0,7,4,252,73000,2,1,2,2982
7480,86,2010,28,250000.0,22,20,1,5.0,2,4,163,150000,5,4,1,998
7481,8,2018,377,3950000.0,199,21,0,5.0,8,4,174,33600,5,1,1,2987
7482,86,2011,72,250000.0,73,30,1,5.0,2,4,251,60000,5,1,3,1364
7483,86,2016,82,373000.0,70,8,1,5.0,2,4,61,82286,4,4,1,1199
7484,138,2010,235,415000.00000000006,168,8,1,5.0,7,4,57,59880,4,4,2,1997
7485,138,2021,306,2200000.0,179,30,1,8.0,4,4,256,29841,2,1,1,2393
7486,57,2022,42,517000.0,51,20,1,5.0,2,4,142,10518,2,4,1,998
7487,57,2020,42,456000.0,39,20,1,5.0,2,4,142,6204,2,4,1,998
7488,9,2020,248,1250000.0,205,17,1,8.0,4,4,121,20000,5,1,1,1497
7489,14,2013,101,311000.0,86,9,1,5.0,2,4,83,23696,4,4,1,1197
7490,138,2016,248,950000.0,120,30,1,8.0,4,4,255,112000,5,1,1,2494
7491,9,2020,13,305000.0,27,20,1,5.0,2,4,137,7569,2,4,1,796
7492,9,2019,68,583000.0,103,20,0,5.0,2,4,158,18800,2,4,1,1197
7493,110,2018,40,250000.0,37,27,0,5.0,2,4,210,32147,5,4,1,999
7494,138,2016,102,430000.0,123,6,1,5.0,7,4,47,27000,2,4,1,1497
7495,56,2010,35,150000.0,38,2,1,5.0,2,4,24,35100,4,4,1,1199
7496,86,2022,96,650000.0,154,29,1,5.0,7,4,237,20000,5,4,1,1199
7497,116,2014,51,330000.0,52,9,1,5.0,2,4,72,31458,2,4,1,1197
7498,138,2015,297,1499000.0,260,0,0,5.0,8,4,3,12000,4,4,1,1798
7499,8,2021,101,675000.0,73,8,1,5.0,8,4,54,10000,5,4,1,1199
7500,29,2018,101,775000.0,140,20,0,5.0,7,4,162,32000,2,1,1,1248
7501,84,2012,70,280000.0,73,20,1,5.0,2,4,158,37659,2,1,1,1248
7502,9,2020,101,588000.0,101,20,0,5.0,8,4,159,31479,2,4,1,1197
7503,116,2019,14,329000.0,28,20,1,5.0,2,4,137,10998,2,4,1,796
7504,55,2021,47,460000.0,37,27,0,5.0,2,4,210,10000,5,4,1,999
7505,138,2021,36,479000.0,41,20,1,5.0,2,4,163,27370,2,0,1,998
7506,116,2016,68,380000.0,103,20,1,5.0,2,4,158,39714,2,4,1,1197
7507,9,2015,15,235000.0,32,9,1,5.0,2,4,69,34000,2,4,1,814
7508,57,2015,26,309000.0,38,9,1,5.0,2,4,82,41469,2,4,2,1197
7509,57,2019,101,670000.0,110,20,1,5.0,2,4,139,6033,2,4,1,1197
7510,138,2017,11,269000.0,28,20,1,5.0,2,4,137,28036,2,4,1,796
7511,110,2014,9,248000.0,24,20,1,5.0,2,4,137,19631,2,4,1,796
7512,86,2016,39,300000.0,87,17,1,6.0,7,4,119,70000,5,1,1,1198
7513,116,2015,203,460000.0,73,8,1,5.0,8,4,58,50000,2,4,1,1497
7514,138,2020,248,1075000.0,215,17,1,7.0,7,4,131,33197,2,1,1,2179
7515,57,2018,101,570000.0,110,20,1,5.0,2,4,139,29000,5,4,1,1197
7516,56,2021,96,975000.0,154,29,0,5.0,7,4,237,60000,2,4,1,1199
7517,57,2018,29,330000.0,26,20,1,5.0,2,4,163,48000,5,4,1,998
7518,86,2013,15,220000.00000000003,32,9,1,5.0,2,4,69,10000,5,4,1,814
7519,124,2018,68,495000.0,103,20,1,5.0,2,4,158,41000,2,4,1,1197
7520,138,2017,209,890000.0,168,17,1,9.0,7,4,124,79955,2,1,2,1997
7521,138,2020,287,3500000.0,253,21,0,5.0,8,4,171,25910,2,1,1,2143
7522,110,2018,15,279000.0,32,9,1,5.0,2,4,69,44446,2,4,2,814
7523,110,2018,48,424000.0,50,29,1,5.0,2,4,242,30658,2,1,1,1047
7524,110,2017,203,595000.0,73,8,1,5.0,8,4,58,44000,5,4,1,1497
7525,86,2017,48,352000.0,50,29,1,5.0,2,4,242,55073,4,4,1,1199
7526,138,2012,261,481000.0,131,30,0,5.0,8,4,248,43886,2,4,1,1794
7527,86,2022,248,1090000.0,205,17,1,8.0,4,4,121,20000,5,1,1,1497
7528,116,2016,203,464000.0,73,8,1,5.0,8,4,58,118569,2,4,2,1497
7529,86,2014,177,340000.0,76,31,1,5.0,8,4,269,30000,5,1,1,1498
7530,110,2019,14,352000.0,24,20,1,5.0,2,4,137,18060,6,4,1,796
7531,86,2014,93,319000.0,60,8,1,5.0,8,4,54,94042,2,4,1,1198
7532,8,2017,209,1075000.0,168,17,1,8.0,7,4,124,90438,2,1,1,2179
7533,55,2009,28,140000.0,26,20,1,5.0,2,4,163,120000,5,4,2,998
7534,86,2009,25,125000.0,30,9,1,5.0,2,4,76,80000,5,4,1,1086
7535,86,2018,183,1200000.0,165,12,1,5.0,7,4,94,50000,5,1,1,1956
7536,86,2010,52,160000.0,60,20,1,5.0,2,4,154,60000,5,4,3,1197
7537,86,2020,274,1499000.0,184,16,0,5.0,7,4,113,30000,5,4,2,1451
7538,8,2021,101,975000.0,139,13,1,5.0,7,4,100,975000,4,4,1,998
7539,57,2018,142,999000.0,134,9,1,5.0,7,4,68,55000,2,1,1,1582
7540,86,2017,287,2500000.0,253,21,0,5.0,8,4,171,30000,5,1,1,2143
7541,50,2010,26,196000.0,38,9,1,5.0,2,4,82,104900,2,4,1,1197
7542,14,2018,196,683000.0,96,30,1,5.0,8,4,259,24092,4,4,2,1496
7543,86,2017,101,500000.0,73,20,1,5.0,8,4,159,90000,5,1,2,1248
7544,50,2020,93,649000.0,117,29,1,5.0,2,4,225,28519,2,4,1,1199
7545,116,2016,82,386000.0,70,8,1,5.0,2,4,61,88785,5,4,1,1199
7546,86,2015,84,300000.0,61,31,1,5.0,2,4,264,90000,5,4,2,1199
7547,9,2019,316,888000.0000000001,224,29,1,7.0,4,4,229,79755,2,1,1,2179
7548,116,2017,87,560000.0,100,9,1,5.0,2,4,83,80000,5,4,2,1197
7549,116,2017,43,436000.00000000006,103,17,1,5.0,2,4,120,68832,4,4,2,1198
7550,116,2017,183,1032000.0,165,12,1,5.0,7,4,94,70857,2,1,2,1956
7551,86,2010,191,270000.0,72,8,1,5.0,8,4,58,50000,5,4,3,1497
7552,86,2015,219,475000.0,96,20,1,5.0,8,4,144,80000,5,1,1,1248
7553,86,2010,45,140000.0,60,20,1,5.0,2,4,154,110000,5,1,2,1248
7554,86,2013,29,320000.0,26,20,1,5.0,2,4,163,60000,5,4,1,998
7555,86,2014,51,340000.0,52,9,1,5.0,2,4,72,70000,5,4,2,1197
7556,86,2011,129,250000.0,67,20,1,5.0,8,4,159,100000,5,4,2,1298
7557,116,2014,101,325000.0,52,9,1,5.0,8,4,81,38000,2,4,1,1197
7558,86,2013,101,260000.0,86,9,1,5.0,2,4,83,60000,5,4,5,1197
7559,116,2014,248,799000.0,120,30,1,8.0,4,4,255,55000,2,1,2,2494
7560,86,2015,101,400000.0,52,9,1,5.0,8,4,81,60000,5,4,1,1197
7561,9,2022,100,956000.0,126,9,1,5.0,7,4,79,4034,2,4,1,998
7562,116,2014,35,210000.0,38,2,1,5.0,2,4,24,28614,2,1,2,936
7563,86,2010,28,240000.0,26,20,1,5.0,2,4,163,60000,5,4,1,998
7564,138,2015,9,239000.0,24,20,1,5.0,2,4,137,34895,2,4,1,796
7565,116,2021,101,861000.0,110,20,0,5.0,2,4,139,5891,2,4,1,1197
7566,14,2017,345,3500000.0,267,21,0,5.0,8,4,174,28204,2,4,2,1991
7567,9,2020,43,598000.0,67,20,0,5.0,2,4,151,17776,2,4,2,1197
7568,138,2017,203,750000.0,73,8,1,5.0,8,4,58,66000,5,1,1,1498
7569,116,2020,36,559000.0,41,20,0,5.0,2,4,163,10667,2,4,1,1197
7570,110,2021,101,1035000.0,139,13,1,5.0,7,4,100,27218,2,1,1,1493
7571,138,2023,327,5895000.0,176,1,0,5.0,1,4,13,170,5,4,1,1998
7572,57,2015,73,259000.0,73,6,1,5.0,2,4,51,28000,2,4,1,1196
7573,138,2020,157,1300000.0,148,13,0,5.0,7,4,99,10372,2,4,2,1497
7574,9,2019,101,650000.0,110,20,1,5.0,2,4,139,6000,2,4,1,1197
7575,57,2018,183,1099000.0,165,12,0,5.0,7,4,94,30022,2,4,1,1368
7576,138,2018,183,999000.0,165,12,0,5.0,7,4,94,47000,5,4,1,1368
7577,113,2021,173,5400000.0,277,14,0,5.0,7,4,106,50247,2,1,2,1997
7578,116,2022,24,553000.0,29,20,1,5.0,2,4,155,2704,6,4,1,998
7579,14,2022,42,632000.0,51,20,1,5.0,2,4,142,14425,6,4,1,998
7580,86,2018,43,330000.0,67,20,1,5.0,2,4,151,40000,5,4,1,1197
7581,116,2017,181,690000.0,76,31,0,5.0,8,4,269,32488,4,4,2,1197
7582,86,2012,32,219000.0,60,8,1,5.0,2,4,56,73949,2,4,2,1198
7583,116,2018,42,350000.0,39,20,0,5.0,2,4,142,40000,5,4,1,998
7584,86,2014,51,338000.0,52,9,1,5.0,2,4,72,55920,2,4,2,1197
7585,86,2017,102,500000.0,123,6,1,5.0,7,4,47,30000,5,4,1,1497
7586,86,2014,69,408000.0,101,20,1,5.0,2,4,158,33805,2,4,1,1197
7587,86,2014,101,289000.0,52,9,1,5.0,8,4,81,73781,2,4,1,1197
7588,138,2015,9,230000.0,24,20,1,5.0,2,4,137,50000,5,4,2,796
7589,110,2014,87,395000.0,100,9,1,5.0,2,4,83,65000,5,4,1,1197
7590,57,2011,77,220000.00000000003,85,9,1,5.0,2,4,83,48072,4,4,2,1197
7591,110,2020,157,1200000.0,148,13,0,5.0,7,4,99,75420,5,4,1,1353
7592,9,2019,287,3050000.0,253,21,0,5.0,8,4,171,16100,5,1,2,1950
7593,110,2018,101,725000.0,140,20,1,5.0,7,4,162,40722,2,1,1,1248
7594,86,2015,68,430000.0,103,20,1,5.0,2,4,158,40000,5,4,1,1197
7595,116,2008,49,200000.0,67,20,1,5.0,2,4,158,50000,5,4,1,1298
7596,86,2017,101,470000.0,61,31,1,5.0,8,4,260,40000,5,4,3,1198
7597,138,2017,14,296000.0,28,20,1,5.0,2,4,137,3188,2,4,1,796
7598,110,2019,87,527000.0,100,9,1,5.0,2,4,83,34233,2,4,1,1197
7599,86,2010,25,140000.0,30,9,1,5.0,2,4,76,50000,5,4,2,1086
7600,8,2016,203,591000.0,73,8,0,5.0,8,4,58,51767,4,4,1,1497
7601,9,2018,87,480000.0,100,9,1,5.0,2,4,83,40965,2,4,1,1197
7602,86,2011,174,250000.0,77,9,1,5.0,8,4,80,70000,5,4,2,1591
7603,110,2022,96,822000.0000000001,154,29,1,5.0,7,4,237,8176,4,4,2,1199
7604,86,2022,47,510000.0,37,27,1,5.0,2,4,210,10000,5,4,1,999
7605,110,2018,196,681000.0,96,30,1,5.0,8,4,259,13327,2,4,2,1496
7606,8,2019,102,735000.0,123,6,0,5.0,7,4,47,57167,2,4,2,1497
7607,57,2018,181,590000.0,76,31,1,5.0,8,4,269,35100,5,4,1,1598
7608,86,2010,26,170000.0,38,9,1,5.0,2,4,82,120000,5,4,1,1197
7609,86,2010,25,130000.0,30,9,1,5.0,2,4,76,60000,5,4,2,1086
7610,86,2008,106,170000.0,8,2,1,5.0,8,4,22,60000,5,4,1,1399
7611,86,2020,287,3980000.0,253,21,0,5.0,8,4,171,30000,5,1,1,1950
7612,86,2018,29,450000.0,26,20,1,5.0,2,4,163,10000,5,4,1,998
7613,8,2020,288,4700000.0,225,32,0,5.0,7,4,278,19500,5,1,2,1969
7614,14,2015,219,450000.0,96,20,1,5.0,8,4,144,55000,4,1,1,1248
7615,86,2011,138,190000.0,56,9,1,5.0,8,4,65,50000,5,4,1,1495
7616,116,2015,174,494000.00000000006,77,9,1,5.0,8,4,80,46980,5,1,2,1582
7617,86,2019,69,535000.0,101,20,1,5.0,2,4,158,40535,4,4,1,1197
7618,57,2010,25,155000.0,30,9,1,5.0,2,4,76,60020,5,4,1,1086
7619,56,2022,47,557000.0,36,27,0,5.0,2,4,210,787,2,4,1,999
7620,116,2022,37,674000.0,42,20,1,5.0,2,4,163,5870,4,0,1,998
7621,110,2013,62,180000.0,55,27,1,5.0,2,4,213,50000,5,1,1,1461
7622,116,2014,42,318000.0,51,20,0,5.0,2,4,142,50714,2,4,1,998
7623,86,2019,101,500000.0,52,9,1,5.0,8,4,81,40000,5,4,1,1197
7624,110,2020,14,403000.0,28,20,1,5.0,2,4,137,4187,2,4,1,796
7625,116,2020,274,1513000.0,184,16,0,5.0,7,4,113,10164,6,4,1,1451
7626,9,2022,203,1030000.0,93,9,1,5.0,8,4,80,13269,2,4,1,1497
7627,86,2020,208,1530000.0,167,17,1,7.0,7,4,124,90000,5,1,1,2179
7628,110,2021,203,1050000.0,93,9,1,5.0,8,4,80,16000,2,4,1,1497
7629,86,2021,202,810000.0,71,8,1,5.0,8,4,58,60000,5,4,1,1497
7630,50,2010,192,235000.0,73,8,1,5.0,8,4,58,47114,2,4,2,1497
7631,86,2014,203,439000.0,73,8,1,5.0,8,4,58,50000,5,4,2,1497
7632,86,2014,203,439000.0,73,8,1,5.0,8,4,58,50000,5,4,2,1497
7633,86,2011,57,200000.0,60,6,1,5.0,2,4,51,50000,5,4,2,1196
7634,86,2012,15,210000.0,26,2,1,5.0,2,4,30,20000,5,4,1,995
7635,116,2013,32,225000.0,60,8,1,5.0,2,4,56,41424,4,4,2,1198
7636,110,2020,14,378000.0,28,20,1,5.0,2,4,137,23829,2,4,2,796
7637,116,2019,203,684000.0,73,8,1,5.0,8,4,58,44199,4,4,1,1497
7638,110,2018,203,800000.0,93,9,1,5.0,8,4,80,40000,5,4,1,1591
7639,138,2015,103,419000.00000000006,123,6,1,5.0,7,4,47,55625,4,4,1,999
7640,116,2015,29,309000.0,26,20,1,5.0,2,4,163,29230,2,4,1,998
7641,86,2017,101,525000.0,103,20,1,5.0,8,4,159,30000,5,4,1,1197
7642,138,2019,84,510000.0,61,31,1,5.0,2,4,264,25152,2,4,1,999
7643,110,2020,209,2000000.0,239,0,0,5.0,8,4,1,52224,2,1,1,1968
7644,116,2012,101,289000.0,101,20,1,5.0,8,4,159,62665,2,4,1,1197
7645,14,2014,29,273000.0,26,20,1,5.0,2,4,163,76800,2,4,1,998
7646,86,2017,103,600000.0,100,8,1,5.0,7,4,64,80000,5,4,1,1199
7647,116,2016,102,510000.0,123,6,1,5.0,7,4,47,37833,2,4,2,1496
7648,86,2015,9,300000.0,24,20,1,5.0,2,4,137,40000,5,4,1,796
7649,8,2012,223,970000.0,302,14,0,5.0,7,4,104,72000,5,1,2,2179
7650,86,2018,242,1400000.0,148,9,0,5.0,8,4,70,30000,5,4,1,1999
7651,86,2014,101,300000.0,52,9,1,5.0,8,4,81,80000,5,1,2,1120
7652,86,2018,242,1500000.0,148,9,0,5.0,8,4,70,30000,5,4,1,1999
7653,9,2014,84,290000.0,61,31,1,5.0,2,4,264,90000,5,4,2,1198
7654,116,2014,248,750000.0,120,30,1,7.0,4,4,255,113000,5,1,1,2494
7655,86,2012,235,350000.0,114,8,1,5.0,8,4,60,90000,5,4,2,1799
7656,116,2013,70,296000.0,73,20,1,5.0,2,4,158,92202,4,1,1,1248
7657,84,2018,51,376000.0,52,9,1,5.0,2,4,72,79783,5,4,2,1197
7658,86,2022,237,1399000.0,112,8,1,5.0,8,4,58,10000,5,4,1,1498
7659,86,2021,101,690000.0,101,20,1,5.0,8,4,159,23227,5,4,2,1197
7660,110,2019,218,714000.0,95,20,1,5.0,8,4,144,3089,4,4,3,1462
7661,51,2019,101,600000.0,73,8,1,5.0,8,4,54,28546,5,4,1,1199
7662,84,2016,51,342000.0,52,9,1,5.0,2,4,72,85435,4,4,1,1197
7663,8,2016,373,5000000.0,232,26,0,5.0,8,4,206,20000,5,1,2,2967
7664,116,2012,32,208000.0,60,8,1,5.0,2,4,56,83124,2,4,2,1198
7665,86,2014,140,279000.0,73,30,1,5.0,8,4,249,87859,4,4,2,1496
7666,14,2017,203,600000.0,73,8,1,5.0,8,4,58,65000,5,1,1,1498
7667,8,2018,310,1450000.0,224,19,0,7.0,7,4,125,50000,5,1,1,2696
7668,86,2012,140,225000.0,73,30,1,5.0,8,4,249,80000,5,4,3,1496
7669,110,2018,51,400000.0,52,9,1,5.0,2,4,72,25000,2,4,1,1197
7670,140,2014,161,120000.0,53,7,1,5.0,8,4,0,120000,5,1,1,1995
7671,57,2019,87,625000.0,100,9,1,5.0,2,4,83,3000,2,4,1,1197
7672,57,2018,51,385000.0,52,9,1,5.0,2,4,72,37001,2,4,1,1197
7673,110,2013,70,335000.0,73,20,1,5.0,2,4,158,39000,2,4,1,1197
7674,8,2020,203,985000.0,73,8,0,5.0,8,4,58,20000,5,4,1,1497
7675,86,2015,101,271000.0,52,9,1,5.0,8,4,81,103033,4,1,3,1120
7676,116,2017,51,481000.0,52,9,1,5.0,2,4,72,25968,2,4,1,1197
7677,140,2004,28,75000.0,22,20,1,5.0,2,4,163,150000,5,4,2,998
7678,116,2020,36,555000.0,41,20,1,5.0,2,4,163,11798,4,4,1,1197
7679,138,2017,101,430000.0,61,31,1,5.0,8,4,260,65814,4,4,1,1198
7680,138,2021,157,1200000.0,148,13,1,5.0,7,4,99,69007,2,4,1,1497
7681,9,2012,70,286000.0,73,20,1,5.0,2,4,158,71420,2,1,1,1248
7682,9,2021,62,680000.0,59,9,1,5.0,2,4,73,10000,5,4,1,1197
7683,116,2020,12,349000.0,34,4,1,5.0,2,4,36,9817,2,4,1,799
7684,138,2018,42,347000.0,51,20,1,5.0,2,4,142,124206,2,4,2,998
7685,86,2002,21,48000.0,25,20,1,5.0,2,4,166,50000,5,4,2,993
7686,86,2009,28,125000.0,22,20,1,5.0,2,4,163,50000,5,4,2,1061
7687,116,2023,94,785000.0,113,27,0,5.0,7,4,211,1062,2,4,1,999
7688,86,2018,51,490000.00000000006,52,9,1,5.0,2,4,72,10000,5,4,1,1197
7689,86,2019,307,1700000.0,180,30,1,7.0,4,4,256,10000,5,1,1,2393
7690,86,2015,51,350000.0,52,9,1,5.0,2,4,72,20000,5,4,1,1197
7691,14,2015,203,400000.0,73,8,1,5.0,8,4,58,68000,5,1,1,1498
7692,116,2016,84,365000.0,61,31,1,5.0,2,4,264,65000,4,4,1,1199
7693,86,2016,68,400000.0,103,20,1,5.0,2,4,158,30000,5,4,2,1197
7694,138,2016,15,255000.0,32,9,1,5.0,2,4,69,60000,5,4,2,814
7695,9,2017,101,601000.0,103,20,0,5.0,8,4,159,45699,4,4,2,1197
7696,116,2011,26,216000.0,38,9,1,5.0,2,4,82,81575,2,4,1,1197
7697,149,2017,203,670000.0,73,8,0,5.0,8,4,58,42000,2,4,1,1497
7698,8,2018,203,719000.0,93,9,1,5.0,8,4,80,32092,2,4,1,1368
7699,116,2010,25,142000.0,30,9,1,5.0,2,4,76,65916,4,4,3,1086
7700,86,2019,287,3200000.0,253,21,0,5.0,8,4,171,30000,5,1,1,1950
7701,66,2023,274,1820000.0,184,16,1,5.0,7,4,113,8559,2,1,1,1956
7702,86,2017,149,750000.0,73,20,1,7.0,4,4,146,50000,5,1,1,1248
7703,56,2022,67,827000.0,108,29,1,5.0,7,4,238,9169,4,4,1,1199
7704,86,2018,101,475000.0,103,20,1,5.0,8,4,159,45275,2,4,1,1197
7705,86,2010,25,120000.0,30,9,1,5.0,2,4,76,70000,5,4,2,1086
7706,86,2011,28,145000.0,22,20,1,5.0,2,4,163,90000,5,4,4,998
7707,86,2015,9,210000.0,24,20,1,5.0,2,4,137,70000,5,4,2,796
7708,86,2017,328,2490000.0,178,1,0,5.0,8,4,12,50000,5,1,1,1995
7709,86,2019,13,330000.0,27,20,1,5.0,2,4,137,30000,5,4,1,796
7710,86,2021,237,1400000.0,112,8,0,5.0,8,4,58,10000,5,4,1,1498
7711,86,2017,103,525000.0,123,6,1,5.0,7,4,47,80000,5,1,2,1498
7712,116,2012,26,280000.0,38,9,1,5.0,2,4,82,40000,5,4,1,1197
7713,86,2017,51,430000.0,52,9,1,5.0,2,4,72,30000,5,4,1,1197
7714,138,2009,175,115000.0,42,29,1,5.0,8,4,232,80000,5,1,1,1405
7715,9,2019,87,598000.0,100,9,1,5.0,2,4,83,65180,2,4,2,1197
7716,110,2015,51,271000.0,52,9,1,5.0,2,4,72,110190,2,4,1,1197
7717,86,2019,11,276000.0,24,20,1,5.0,2,4,137,50000,5,4,2,796
7718,86,2014,52,248000.0,60,20,1,5.0,2,4,154,45550,2,4,2,1197
7719,116,2021,69,592000.0,101,20,1,5.0,2,4,158,14756,2,4,1,1197
7720,86,2017,23,290000.0,28,20,1,5.0,2,4,138,30000,5,4,2,998
7721,86,2015,51,341000.0,52,9,1,5.0,2,4,72,63179,2,4,1,1197
7722,138,2017,360,3600000.0,284,1,0,5.0,8,4,14,32344,2,1,1,1995
7723,9,2019,84,547000.0,61,31,1,5.0,2,4,264,17436,4,4,1,999
7724,9,2018,218,566000.0,95,20,1,5.0,8,4,144,52130,5,4,1,1462
7725,86,2018,11,280000.0,24,20,1,5.0,2,4,137,60000,5,4,1,796
7726,14,2014,158,285000.0,121,6,1,5.0,8,4,49,46315,2,1,1,1498
7727,9,2015,101,299000.0,52,9,1,5.0,8,4,81,65000,4,4,1,1197
7728,86,2014,51,270000.0,52,9,1,5.0,2,4,72,90000,5,1,1,1120
7729,14,2017,203,699000.0,73,8,1,5.0,8,4,58,32395,2,4,1,1497
7730,116,2016,248,850000.0,215,17,1,7.0,7,4,131,89331,5,1,1,2179
7731,86,2020,203,1250000.0,73,8,0,5.0,8,4,58,10000,5,4,1,1497
7732,110,2016,39,400000.0,87,17,1,6.0,7,4,119,20000,5,4,1,1198
7733,86,2020,12,354000.0,34,4,1,5.0,2,4,36,10000,5,4,1,999
7734,138,2019,100,850000.0,126,9,1,5.0,7,4,79,36374,5,1,1,1396
7735,8,2021,98,669000.0,119,24,1,5.0,7,4,197,20801,2,4,1,999
7736,110,2019,87,481000.0,100,9,1,5.0,2,4,83,43214,2,4,1,1197
7737,86,2021,186,2400000.0,165,12,1,5.0,7,4,94,20000,5,1,1,1956
7738,138,2021,248,1170000.0,215,17,1,7.0,7,4,131,31584,4,1,1,2179
7739,86,2016,142,619000.0,134,9,1,5.0,7,4,68,88755,2,1,1,1396
7740,86,2018,149,875000.0,73,20,0,7.0,4,4,146,50000,5,4,1,1373
7741,86,2020,47,518000.0,37,27,0,5.0,2,4,210,7277,4,4,1,999
7742,138,2014,203,450000.0,73,8,1,5.0,8,4,58,44200,5,1,1,1498
7743,14,2014,32,235000.0,60,8,1,5.0,2,4,56,36920,2,4,3,1198
7744,116,2021,69,620000.0,101,20,1,5.0,2,4,158,14567,4,4,1,1197
7745,57,2019,354,3950000.0,278,1,0,5.0,8,4,14,19858,2,1,1,1995
7746,110,2018,43,450000.0,103,17,1,6.0,2,4,120,40000,5,1,1,1198
7747,86,2012,28,250000.0,26,20,1,5.0,2,4,163,30000,5,4,2,998
7748,86,2018,203,880000.0000000001,93,9,1,5.0,8,4,80,50000,5,4,1,1591
7749,84,2018,45,425000.0,44,20,1,5.0,2,4,143,19000,2,4,1,998
7750,9,2014,265,1100000.0,223,0,0,5.0,7,4,7,86331,2,1,2,1968
7751,113,2021,173,6200000.0,277,14,0,5.0,7,4,106,15215,2,1,1,1997
7752,8,2022,367,5799000.0,284,1,0,5.0,8,4,14,5700,5,1,2,1995
7753,8,2022,50,580000.0,57,29,1,5.0,2,4,242,10000,5,4,1,1199
7754,56,2021,96,890000.0,154,29,1,5.0,7,4,237,4603,6,4,1,1199
7755,116,2022,42,626000.0,51,20,1,5.0,2,4,142,7291,4,4,1,998
7756,9,2022,62,753000.0,59,9,1,5.0,2,4,73,2179,2,4,1,1197
7757,86,2017,51,355000.0,52,9,1,5.0,2,4,72,26226,5,4,1,1197
7758,84,2016,84,399000.0,61,31,1,5.0,2,4,264,35000,2,1,1,1498
7759,86,2014,15,209000.0,32,9,1,5.0,2,4,69,24622,4,4,3,814
7760,55,2009,136,125000.0,107,18,1,5.0,8,4,123,60000,5,1,1,1461
7761,110,2011,26,199000.0,38,9,1,5.0,2,4,82,37647,4,4,1,1197
7762,116,2014,157,354000.0,173,27,1,5.0,7,4,208,57321,4,1,1,1461
7763,9,2017,316,725000.0,224,29,0,7.0,4,4,229,67020,2,1,1,2179
7764,86,2022,94,1050000.0,113,27,0,5.0,7,4,211,20000,5,4,1,999
7765,138,2015,142,500000.0,134,9,1,5.0,7,4,68,65000,5,1,1,1582
7766,86,2015,142,550000.0,134,9,1,5.0,7,4,68,60000,5,4,1,1591
7767,86,2014,15,225000.0,32,9,1,5.0,2,4,69,30000,5,4,1,814
7768,86,2014,9,180000.0,24,20,1,5.0,2,4,137,70000,5,4,1,796
7769,56,2010,57,165000.0,60,6,1,5.0,2,4,51,50000,5,4,1,1196
7770,14,2016,179,499000.0,62,8,1,7.0,4,4,62,24000,4,4,1,1497
7771,86,2010,26,170000.0,38,9,1,5.0,2,4,82,50000,5,4,2,1197
7772,8,2017,103,570000.0,100,8,1,5.0,7,4,64,40000,5,4,1,1199
7773,116,2016,142,627000.0,134,9,1,5.0,7,4,68,71521,4,4,1,1591
7774,110,2020,93,471000.0,117,29,1,5.0,2,4,225,42267,4,4,1,1199
7775,86,2010,49,165000.0,67,20,1,5.0,2,4,158,80000,5,4,4,1197
7776,9,2018,219,728000.0,96,20,0,5.0,8,4,144,57986,2,4,1,1373
7777,56,2022,60,659000.0,57,29,0,5.0,2,4,243,17252,2,4,1,1199
7778,86,2010,30,120000.0,22,20,1,5.0,2,4,167,70000,5,4,2,998
7779,86,2017,248,819999.9999999999,215,17,1,7.0,7,4,131,20817,5,1,1,2179
7780,55,2022,186,2600000.0,165,12,0,5.0,7,4,94,10000,5,4,1,1368
7781,86,2010,101,222000.00000000003,101,20,1,5.0,8,4,159,39579,2,4,1,1197
7782,116,2014,15,206000.0,32,9,1,5.0,2,4,69,21477,2,4,3,814
7783,116,2017,266,1850000.0,132,21,0,5.0,8,4,172,36899,2,1,1,2143
7784,138,2016,149,625000.0,73,20,1,7.0,4,4,146,55000,5,1,1,1248
7785,138,2021,62,650000.0,59,9,1,5.0,2,4,73,9000,4,4,1,998
7786,86,2010,57,175000.0,60,6,1,5.0,2,4,51,40000,5,4,1,1196
7787,57,2019,203,899000.0,93,9,1,5.0,8,4,80,20000,2,4,1,1591
7788,86,2016,209,850000.0,168,17,1,7.0,7,4,124,120000,5,1,2,1997
7789,86,2017,23,280000.0,28,20,1,5.0,2,4,138,30000,5,4,2,998
7790,86,2021,96,900000.0,154,29,0,5.0,7,4,237,60000,5,4,1,1199
7791,110,2021,186,2550000.0,165,12,1,5.0,7,4,94,10000,5,1,1,1956
7792,138,2017,183,1170000.0,165,12,1,5.0,7,4,94,55330,2,1,1,1956
7793,86,2015,101,384000.0,101,20,1,5.0,8,4,159,32152,2,4,1,1197
7794,116,2014,51,292000.0,52,9,1,5.0,2,4,72,66906,4,4,2,1197
7795,138,2016,142,700000.0,134,9,1,5.0,7,4,68,56000,5,1,1,1582
7796,110,2020,84,647000.0,61,31,1,5.0,2,4,264,23055,4,4,1,999
7797,110,2018,162,686000.0,158,27,1,5.0,7,4,207,68132,2,1,1,1461
7798,55,2011,56,140000.0,72,29,1,5.0,2,4,230,60000,5,1,2,1248
7799,86,2014,101,375000.0,101,20,1,5.0,8,4,159,76932,4,4,1,1197
7800,86,2020,274,1400000.0,184,16,0,5.0,7,4,113,60000,5,4,1,1451
7801,86,2019,101,703000.0,140,20,0,5.0,7,4,162,89912,2,1,1,1248
7802,110,2014,203,364000.0,73,8,1,5.0,8,4,58,102813,2,1,1,1498
7803,116,2015,203,450000.0,73,8,1,5.0,8,4,58,55155,5,1,1,1498
7804,110,2016,39,400000.0,87,17,1,6.0,7,4,119,20000,5,4,1,1198
7805,66,2018,51,392000.0,52,9,1,5.0,2,4,72,70000,4,4,1,1197
7806,14,2018,317,2700000.0,197,30,0,7.0,7,4,252,123153,2,1,2,2755
7807,86,2013,25,300000.0,38,9,1,5.0,2,4,82,40000,5,4,2,1197
7808,134,2021,186,2475000.0,165,12,1,5.0,7,4,94,10830,2,1,1,1956
7809,86,2018,203,860000.0,93,9,1,5.0,8,4,80,50000,5,4,1,1591
7810,138,2017,304,2000000.0,188,0,0,5.0,8,4,3,64846,2,1,2,1968
7811,8,2018,359,2850000.0,209,0,0,5.0,8,4,4,49100,2,1,1,1968
7812,138,2014,385,2500000.0,292,21,0,7.0,7,4,176,90089,2,1,1,2987
7813,110,2014,203,372000.0,73,8,1,5.0,8,4,58,63950,2,4,1,1497
7814,86,2018,203,915000.0,73,8,0,5.0,8,4,58,22990,2,4,2,1497
7815,138,2016,345,2749000.0,267,21,0,5.0,8,4,174,15077,2,1,2,2987
7816,9,2014,101,323000.0,101,20,1,5.0,8,4,159,69273,2,4,1,1197
7817,86,2014,103,422000.0,123,6,1,5.0,7,4,47,75865,2,4,1,999
7818,9,2022,233,1299000.0,148,13,1,7.0,4,4,97,4066,2,4,1,1353
7819,8,2019,156,1052000.0,146,13,1,5.0,7,4,99,67092,4,4,1,1353
7820,57,2012,87,228000.0,100,9,1,5.0,2,4,83,38000,2,4,1,1197
7821,86,2012,172,312000.0,77,9,1,5.0,8,4,80,78121,5,1,1,1582
7822,86,2014,93,276000.0,60,8,1,5.0,8,4,54,99103,5,1,1,1498
7823,9,2016,48,300000.0,50,29,1,5.0,2,4,242,40000,5,4,1,1199
7824,60,2022,153,1599000.0,140,9,1,5.0,7,4,68,9000,2,1,1,1493
7825,138,2020,201,3499000.0,170,1,0,5.0,7,4,17,10100,5,1,1,1995
7826,116,2018,51,425000.0,52,9,1,5.0,2,4,72,27119,2,4,1,1197
7827,86,2022,100,1000000.0,126,9,0,5.0,7,4,79,10000,5,4,1,998
7828,57,2014,179,399000.0,62,8,1,7.0,4,4,62,57000,2,1,1,1498
7829,66,2017,51,395000.0,52,9,1,5.0,2,4,72,38000,2,4,1,1197
7830,86,2019,248,1350000.0,215,17,0,7.0,7,4,131,50000,5,1,1,2179
7831,50,2010,57,168000.0,60,6,1,5.0,2,4,51,70000,5,4,1,1196
7832,86,2020,157,1600000.0,148,13,0,5.0,7,4,99,40000,5,4,2,1353
7833,56,2022,101,978000.0,143,17,1,7.0,7,4,117,10891,6,1,1,1493
7834,110,2021,51,415000.00000000006,57,29,1,5.0,2,4,242,29558,4,4,1,1199
7835,110,2020,183,1700000.0,165,12,0,5.0,7,4,94,18000,5,1,1,1956
7836,9,2018,101,489000.0,110,20,1,5.0,2,4,139,29412,5,4,1,1197
7837,140,2015,51,287000.0,52,9,1,5.0,2,4,72,59037,4,1,1,1120
7838,86,2022,308,5300000.0,257,21,0,5.0,8,4,171,10000,5,1,2,1993
7839,56,2020,96,951000.0,154,29,0,5.0,7,4,237,73072,4,1,1,1497
7840,50,2014,36,255000.0,41,20,1,5.0,2,4,163,37100,2,4,2,998
7841,9,2019,101,663000.0,110,20,0,5.0,2,4,139,61113,6,4,1,1197
7842,9,2013,13,179000.0,27,20,1,5.0,2,4,137,47606,4,4,1,796
7843,86,2019,142,1350000.0,134,9,1,5.0,7,4,68,30000,5,1,1,1582
7844,86,2015,45,300000.0,44,20,0,5.0,2,4,142,80000,5,4,1,998
7845,86,2013,287,900000.0,253,21,0,5.0,8,4,171,40000,5,1,1,2143
7846,110,2019,183,1550000.0,165,12,1,5.0,7,4,94,27000,4,1,1,1956
7847,86,2019,248,1350000.0,215,17,1,7.0,7,4,131,80000,5,1,1,2179
7848,86,2015,101,325000.0,84,29,1,5.0,8,4,245,30000,5,4,1,1193
7849,86,2018,248,1250000.0,215,17,1,7.0,7,4,131,70000,5,1,1,2179
7850,86,2014,51,270000.0,52,9,1,5.0,2,4,72,90000,5,1,1,1120
7851,86,2021,101,760000.0,101,20,1,5.0,8,4,159,20000,5,4,1,1197
7852,8,2014,297,1000000.0,260,0,0,5.0,8,4,3,86947,2,1,2,1968
7853,86,2020,98,754000.0,156,29,1,5.0,7,4,237,17466,4,4,1,1198
7854,116,2017,103,591000.0,100,8,1,5.0,7,4,64,32844,4,4,2,1199
7855,86,2020,204,1050000.0,130,20,1,6.0,4,4,165,30000,5,4,1,1462
7856,116,2011,72,192000.0,73,30,1,5.0,2,4,251,78075,2,4,1,1197
7857,86,2019,203,679000.0,73,8,1,5.0,8,4,58,36937,2,4,1,1497
7858,48,2017,103,600000.0,100,8,1,5.0,7,4,64,50000,5,4,1,1199
7859,86,2018,203,810000.0,93,9,0,5.0,8,4,80,25314,4,4,2,1591
7860,138,2018,168,3400000.0,283,14,0,5.0,7,4,106,51620,4,1,2,1999
7861,9,2012,177,287000.0,76,31,1,5.0,8,4,269,93097,4,4,1,1598
7862,116,2010,28,140000.0,26,20,1,5.0,2,4,163,76672,4,4,3,998
7863,66,2015,203,525000.0,73,8,1,5.0,8,4,58,42000,4,1,2,1498
7864,138,2018,382,3900000.0,226,1,0,4.0,8,4,15,44226,2,1,3,2993
7865,116,2009,158,120000.0,121,6,1,5.0,8,4,49,30000,5,4,2,1596
7866,86,2013,84,200000.0,61,31,1,5.0,2,4,264,40000,5,4,1,1198
7867,56,2022,313,3250000.0,198,12,0,7.0,7,4,95,13400,5,1,1,1956
7868,14,2019,40,340000.0,37,27,1,5.0,2,4,210,19720,2,4,1,999
7869,9,2023,164,1900000.0,142,20,0,5.0,7,4,149,4732,2,4,1,1490
7870,8,2021,303,1500000.0,184,16,0,6.0,7,4,114,38380,2,4,1,1451
7871,56,2010,198,295000.0,163,17,1,9.0,7,4,124,67357,2,1,1,2179
7872,86,2010,30,99000.0,22,20,1,5.0,2,4,167,40000,5,4,1,998
7873,138,2019,48,357000.0,50,29,1,5.0,2,4,242,35912,5,4,1,1199
7874,9,2019,101,544000.0,110,20,1,5.0,2,4,139,22343,4,4,1,1197
7875,86,2013,15,210000.0,32,9,1,5.0,2,4,69,10000,5,4,1,814
7876,8,2015,157,413000.0,173,27,1,5.0,7,4,208,85735,4,1,2,1461
7877,84,2011,20,140000.0,23,20,1,5.0,2,4,138,42792,2,4,1,998
7878,138,2020,208,1195000.0,167,17,1,7.0,7,4,124,42503,2,1,1,2179
7879,14,2011,52,140000.0,60,20,1,5.0,2,4,154,96609,2,4,2,1197
7880,116,2015,82,250000.0,70,8,1,5.0,2,4,61,78990,5,1,1,1498
7881,86,2016,203,429000.0,73,8,1,5.0,8,4,58,51618,2,4,2,1497
7882,9,2019,248,1111000.0,215,17,1,7.0,7,4,131,83508,5,1,2,2179
7883,86,2007,25,100000.0,30,9,1,5.0,2,4,76,40000,5,4,1,1086
7884,86,2010,331,265000.0,162,28,0,5.0,8,4,223,60000,5,4,2,1798
7885,110,2021,101,1025000.0,170,17,0,5.0,7,4,130,25000,5,4,1,1197
7886,9,2022,101,855000.0000000001,130,9,1,5.0,2,4,83,14636,2,4,1,1197
7887,86,2016,248,700000.0,215,17,1,7.0,7,4,131,80000,5,1,2,2179
7888,86,2021,101,830000.0000000001,71,8,0,5.0,8,4,54,20000,5,4,1,1199
7889,138,2020,101,691000.0,59,9,1,5.0,8,4,67,20000,5,4,1,1197
7890,14,2018,203,799000.0,93,9,1,5.0,8,4,80,13000,4,4,1,1591
7891,138,2019,183,1550000.0,165,12,1,5.0,7,4,94,22000,4,1,1,1956
7892,86,2021,101,750000.0,101,20,1,5.0,8,4,159,20000,5,4,1,1197
7893,138,2014,25,178000.0,30,9,1,5.0,2,4,76,59005,4,4,1,1086
7894,86,2010,69,163000.0,101,20,1,5.0,2,4,158,71156,4,4,2,1197
7895,51,2018,203,662000.0,73,8,1,5.0,8,4,58,50000,2,4,1,1497
7896,138,2019,13,280000.0,27,20,1,5.0,2,4,137,2707,5,4,1,796
7897,138,2020,31,372000.0,48,9,1,5.0,2,4,75,78211,4,4,1,1086
7898,116,2017,203,600000.0,93,9,1,5.0,8,4,80,67793,5,1,1,1582
7899,138,2017,48,311000.0,50,29,1,5.0,2,4,242,48548,4,1,1,1047
7900,86,2013,144,200000.0,63,6,1,5.0,8,4,50,150000,5,1,1,1399
7901,9,2010,16,162000.0,39,20,1,5.0,2,4,135,46559,4,4,1,998
7902,9,2015,142,527000.0,134,9,1,5.0,7,4,68,93177,2,4,1,1591
7903,86,2017,242,800000.0,148,9,0,5.0,8,4,70,60000,5,1,3,1582
7904,14,2017,275,2750000.0,214,21,0,5.0,7,4,179,60001,2,1,1,2143
7905,57,2014,70,299000.0,73,20,1,5.0,2,4,158,45000,2,4,1,1197
7906,110,2022,101,725000.0,59,9,0,5.0,8,4,67,10000,5,4,1,1197
7907,8,2018,203,600000.0,93,9,1,5.0,8,4,80,40000,5,4,3,1368
7908,57,2019,203,900000.0,93,9,0,5.0,8,4,80,38506,5,1,1,1582
7909,86,2015,93,275000.0,60,8,1,5.0,8,4,54,60000,5,4,1,1198
7910,14,2021,47,480000.0,37,27,0,5.0,2,4,210,10000,5,4,1,999
7911,116,2008,26,130000.0,38,9,1,5.0,2,4,82,50000,5,4,1,1086
7912,110,2017,45,325000.0,44,20,1,5.0,2,4,142,28000,2,4,1,998
7913,110,2011,26,157000.0,38,9,1,5.0,2,4,82,49342,4,4,2,1086
7914,110,2010,26,177000.0,38,9,1,5.0,2,4,82,76725,4,4,2,1197
7915,86,2009,16,100000.0,39,20,1,5.0,2,4,135,80000,5,4,2,998
7916,110,2018,98,510000.0,156,29,1,5.0,7,4,237,83234,5,1,1,1497
7917,138,2021,94,712000.0,113,27,1,5.0,7,4,211,9595,5,4,1,999
7918,86,2018,101,500000.0,110,20,1,5.0,2,4,139,30000,5,4,1,1197
7919,9,2021,94,811000.0,113,27,1,5.0,7,4,211,6948,2,4,1,999
7920,138,2015,103,425000.0,123,6,1,5.0,7,4,47,45000,2,4,1,999
7921,9,2022,62,694000.0,59,9,0,5.0,2,4,73,9943,2,4,1,1197
7922,57,2013,9,170000.0,24,20,1,5.0,2,4,137,31062,2,4,3,796
7923,86,2017,40,255000.0,37,27,1,5.0,2,4,210,40000,5,4,2,999
7924,50,2010,26,185000.0,38,9,1,5.0,2,4,82,57000,5,4,2,1197
7925,8,2011,253,350000.0,137,2,0,5.0,8,4,26,60000,5,1,1,1991
7926,138,2019,142,1025000.0,134,9,1,5.0,7,4,68,23000,2,4,1,1591
7927,86,2018,51,430000.0,52,9,1,5.0,2,4,72,50000,5,1,1,1186
7928,86,2020,203,850000.0,73,8,0,5.0,8,4,58,30000,5,4,2,1497
7929,116,2018,248,1049000.0,215,17,1,7.0,7,4,131,55000,2,1,1,2179
7930,86,2021,101,900000.0,130,9,1,5.0,2,4,83,20000,5,4,1,1197
7931,86,2015,52,300000.0,73,30,1,5.0,2,4,251,50000,5,4,1,1197
7932,14,2016,101,392000.0,73,8,1,5.0,8,4,54,46940,2,1,1,1498
7933,116,2022,37,578000.0,42,20,1,5.0,2,4,163,12315,2,4,1,1197
7934,116,2013,9,210000.0,24,20,1,5.0,2,4,137,15584,2,4,1,796
7935,66,2014,203,410000.0,73,8,1,5.0,8,4,58,64400,2,1,1,1498
7936,84,2018,68,616000.0,103,20,0,5.0,2,4,158,13067,2,4,1,1197
7937,116,2021,13,332000.0,27,20,1,5.0,2,4,137,15264,2,4,1,796
7938,56,2022,157,1825000.0,148,13,0,5.0,7,4,99,11853,2,1,1,1493
7939,57,2019,23,379000.0,28,20,1,5.0,2,4,138,7843,2,4,1,998
7940,9,2021,101,850000.0,130,9,0,5.0,2,4,83,2501,5,4,1,1197
7941,57,2022,14,379000.0,28,20,1,5.0,2,4,137,9285,2,4,1,796
7942,9,2014,9,210000.0,24,20,1,5.0,2,4,137,51215,2,4,1,796
7943,57,2021,157,1350000.0,148,13,1,5.0,7,4,99,11000,2,4,1,1497
7944,138,2021,248,1450000.0,215,17,1,7.0,7,4,131,10000,5,1,1,2179
7945,86,2021,100,650000.0,126,9,1,5.0,7,4,79,40000,5,4,1,1197
7946,138,2014,179,400000.0,62,8,1,7.0,4,4,62,25000,2,4,1,1497
7947,138,2021,208,1270000.0,167,17,1,7.0,7,4,124,55000,2,1,1,2179
7948,86,2010,49,165000.0,67,20,1,5.0,2,4,158,80000,5,4,4,1197
7949,9,2021,100,970000.0,126,9,1,5.0,7,4,79,8126,2,4,1,998
7950,116,2016,29,330000.0,26,20,0,5.0,2,4,163,42000,2,4,1,998
7951,57,2013,101,370000.0,73,20,1,5.0,8,4,159,32000,2,1,2,1248
7952,57,2019,11,308000.0,24,20,1,5.0,2,4,137,11736,2,4,1,796
7953,116,2014,26,285000.0,38,9,1,5.0,2,4,82,21679,2,4,1,1197
7954,138,2017,101,700000.0,140,20,1,5.0,7,4,162,39000,5,1,1,1248
7955,57,2021,14,367000.0,28,20,1,5.0,2,4,137,11333,2,4,1,796
7956,9,2019,13,319000.0,27,20,1,5.0,2,4,137,13440,2,4,1,796
7957,138,2019,341,1695000.0,201,28,0,5.0,8,4,223,46900,5,1,2,1968
7958,116,2020,36,499000.0,41,20,1,5.0,2,4,163,18930,2,0,1,998
7959,138,2018,248,1000000.0,215,17,1,7.0,7,4,131,80000,5,1,1,2179
7960,138,2020,36,470000.0,41,20,1,5.0,2,4,163,17851,2,0,1,998
7961,9,2021,14,340000.0,28,20,1,5.0,2,4,137,22392,2,4,1,796
7962,32,2022,233,1450000.0,148,13,1,7.0,4,4,97,29017,2,4,1,1353
7963,138,2021,183,1595000.0,165,12,1,5.0,7,4,94,9000,2,4,1,1368
7964,86,2003,21,50000.0,25,20,1,5.0,2,4,166,30000,5,4,1,993
7965,86,2017,15,270000.0,32,9,1,5.0,2,4,69,10000,5,4,1,814
7966,110,2021,100,875000.0,126,9,1,5.0,7,4,79,30559,2,4,1,998
7967,86,2018,142,850000.0,134,9,0,5.0,7,4,68,60000,5,1,2,1582
7968,86,2016,101,300000.0,73,6,1,5.0,8,4,46,50000,5,4,1,1196
7969,86,2012,77,250000.0,85,9,1,5.0,2,4,83,20000,5,4,1,1197
7970,9,2022,47,540000.0,37,27,0,5.0,2,4,210,10000,5,4,1,999
7971,138,2014,74,330000.0,103,30,1,5.0,2,4,250,19830,2,4,1,1197
7972,57,2020,24,409000.0,29,20,1,5.0,2,4,155,24670,2,4,1,998
7973,9,2019,51,484000.0,52,9,1,5.0,2,4,72,14327,2,4,1,1197
7974,86,2018,183,1400000.0,165,12,1,5.0,7,4,94,50000,5,1,1,1956
7975,110,2014,33,239000.0,22,20,1,5.0,2,4,138,18987,2,4,1,998
7976,138,2019,23,335000.0,28,20,1,5.0,2,4,138,55973,2,4,1,998
7977,138,2021,203,1065000.0,93,9,0,5.0,8,4,80,9000,2,4,2,1497
7978,57,2019,11,315000.0,24,20,1,5.0,2,4,137,27094,2,4,1,796
7979,86,2008,15,80000.0,22,20,1,5.0,2,4,136,60000,5,4,2,796
7980,9,2020,62,614000.0,59,9,1,5.0,2,4,73,4914,2,4,1,1197
7981,84,2013,30,251000.0,22,20,1,5.0,2,4,167,25171,2,4,1,998
7982,86,2018,98,575000.0,156,29,1,5.0,7,4,237,40000,5,4,1,1198
7983,8,2018,183,999000.0,165,12,1,5.0,7,4,94,42000,2,1,1,1956
7984,9,2020,100,699000.0,126,9,1,5.0,7,4,79,28400,4,4,1,998
7985,57,2021,87,1750000.0,197,17,0,4.0,7,4,128,20857,2,1,1,2184
7986,110,2009,155,175000.0,73,9,1,5.0,8,4,80,61000,4,1,1,1493
7987,116,2015,248,599000.0,215,17,1,7.0,7,4,131,75760,2,1,1,2179
7988,84,2015,51,335000.0,52,9,1,5.0,2,4,72,31000,5,4,1,1197
7989,57,2015,174,450000.0,77,9,0,5.0,8,4,80,54000,5,1,1,1582
7990,86,2014,84,300000.0,61,31,1,5.0,2,4,264,60000,5,4,2,1198
7991,116,2013,32,199000.0,60,8,1,5.0,2,4,56,68943,5,4,1,1198
7992,57,2022,14,399000.0,28,20,1,5.0,2,4,137,8582,2,4,1,796
7993,110,2019,14,329000.0,28,20,1,5.0,2,4,137,22868,2,4,1,796
7994,66,2016,101,550000.0,140,20,1,5.0,7,4,162,76165,2,1,1,1248
7995,57,2020,62,574000.0,59,9,1,5.0,2,4,73,27047,2,4,1,1197
7996,9,2017,101,522000.0,103,20,0,5.0,8,4,159,35538,2,4,1,1197
7997,9,2023,157,1400000.0,148,13,0,5.0,7,4,99,8700,2,1,1,1497
7998,57,2016,68,399000.0,103,20,1,5.0,2,4,158,76293,2,4,1,1197
7999,50,2018,54,185000.0,44,4,1,5.0,2,4,34,34000,2,4,1,1198
8000,138,2022,237,1299000.0,112,8,0,5.0,8,4,58,12113,2,4,1,1498
8001,84,2018,142,827999.9999999999,134,9,1,5.0,7,4,68,87172,2,4,1,1591
8002,86,2021,15,300000.0,22,20,1,5.0,2,4,136,20000,5,4,1,1061
8003,110,2014,203,395000.0,73,8,1,5.0,8,4,58,55000,5,1,1,1498
8004,57,2013,101,280000.0,86,9,1,5.0,2,4,83,51321,2,1,1,1396
8005,8,2019,168,4899000.0,283,14,0,5.0,7,4,106,29781,2,4,1,1997
8006,57,2022,134,1250000.0,120,28,1,5.0,7,4,218,15400,5,4,0,999
8007,138,2021,102,899000.0,123,6,1,5.0,7,4,47,21000,2,1,2,1498
8008,138,2019,142,850000.0,134,9,1,5.0,7,4,68,34000,5,1,1,1582
8009,110,2021,370,3200000.0,231,16,0,6.0,7,4,112,19000,5,1,1,1996
8010,9,2015,15,246000.0,32,9,1,5.0,2,4,69,65595,2,4,1,814
8011,110,2014,103,480000.0,123,6,1,5.0,7,4,47,10000,5,1,1,1498
8012,138,2018,248,1121000.0,215,17,1,7.0,7,4,131,51441,2,1,1,2179
8013,110,2014,103,419000.00000000006,123,6,1,5.0,7,4,47,70057,2,1,3,1498
8014,57,2020,157,1050000.0,148,13,1,5.0,7,4,99,14000,4,4,1,1497
8015,57,2020,189,734000.0,76,28,1,5.0,8,4,221,35984,2,4,1,999
8016,116,2017,162,565000.0,158,27,1,5.0,7,4,207,80443,2,1,1,1461
8017,116,2008,114,200000.0,13,30,1,8.0,4,4,255,150000,5,1,2,2494
8018,116,2014,248,629000.0,215,17,1,7.0,7,4,131,87893,2,1,2,2179
8019,116,2009,18,65000.0,22,20,1,5.0,2,4,163,120000,5,3,2,1061
8020,110,2015,101,519000.00000000006,120,9,1,5.0,2,4,84,49441,2,1,1,1396
8021,8,2022,159,1607000.0,151,16,0,5.0,7,4,111,6015,2,4,1,1349
8022,8,2021,153,1300000.0,140,9,1,5.0,7,4,68,30908,2,4,2,1497
8023,110,2017,183,1100000.0,165,12,1,5.0,7,4,94,34441,5,1,1,1956
8024,8,2010,235,200000.0,168,8,1,5.0,7,4,57,74000,5,4,1,1997
8025,86,2019,182,850000.0,102,20,1,7.0,4,4,146,30000,5,4,1,1462
8026,138,2014,178,1000000.0,252,0,0,5.0,7,4,6,68000,5,1,1,1968
8027,116,2014,57,150000.0,60,6,1,5.0,2,4,51,55000,5,4,1,1196
8028,57,2014,26,239000.0,38,9,1,5.0,2,4,82,37000,2,4,1,1197
8029,86,2016,101,280000.0,44,4,1,7.0,4,4,35,40000,5,4,1,1198
8030,110,2021,186,2050000.0,165,12,0,5.0,7,4,94,40300,5,1,1,1956
8031,9,2011,114,450000.0,13,30,1,8.0,4,4,255,125000,5,1,1,2494
8032,57,2020,13,316000.0,27,20,1,5.0,2,4,137,43317,2,4,1,796
8033,57,2020,14,336000.0,28,20,1,5.0,2,4,137,21298,2,4,1,796
8034,116,2020,103,687000.0,99,8,1,5.0,7,4,64,33393,2,4,1,1199
8035,57,2014,51,327000.0,52,9,1,5.0,2,4,72,34622,2,1,1,1120
8036,9,2019,39,395000.0,21,20,1,5.0,5,4,145,21166,2,4,1,1197
8037,138,2019,142,894999.9999999999,134,9,0,5.0,7,4,68,126254,2,1,1,1582
8038,84,2014,211,6400000.0,262,11,0,2.0,0,4,90,31828,2,4,3,2995
8039,116,2016,54,274000.0,44,4,1,5.0,2,4,34,43595,2,4,1,1198
8040,138,2015,219,420000.0,96,20,1,5.0,8,4,144,22276,2,4,1,1373
8041,86,2010,39,150000.0,22,20,1,7.0,5,4,145,100000,5,4,3,1196
8042,86,2010,39,140000.0,22,20,1,7.0,5,4,145,60000,5,4,3,1196
8043,116,2016,26,290000.0,38,9,1,5.0,2,4,82,10415,2,4,1,1197
8044,86,2013,39,160000.0,22,20,1,5.0,5,4,145,20000,5,4,1,1196
8045,86,2022,67,590000.0,108,29,1,5.0,7,4,238,10000,5,4,2,1199
8046,86,2007,11,28000.0,24,20,1,5.0,2,4,137,30000,5,4,2,796
8047,86,2005,28,40000.0,22,20,1,5.0,2,4,163,60000,5,4,1,998
8048,86,2016,51,400000.0,52,9,1,5.0,2,4,72,90000,5,4,1,1197
8049,57,2019,103,787000.0,100,8,1,5.0,7,4,64,42015,2,1,1,1498
8050,138,2018,261,899000.0,130,30,1,5.0,8,4,248,72456,2,1,1,1364
8051,55,2009,136,125000.0,107,18,1,5.0,8,4,123,60000,5,1,1,1461
8052,116,2014,52,268000.0,60,20,1,5.0,2,4,154,116032,2,1,1,1248
8053,86,2014,177,340000.0,76,31,1,5.0,8,4,269,30000,5,1,1,1498
8054,55,2019,351,2800000.0,199,6,0,7.0,7,4,48,40000,5,1,1,3198
8055,86,2017,48,265000.0,50,29,1,5.0,2,4,242,40000,5,4,2,1199
8056,86,2017,48,265000.0,50,29,1,5.0,2,4,242,40000,5,1,2,1047
8057,138,2016,248,700000.0,215,17,1,7.0,7,4,131,51000,5,1,1,1997
8058,55,2017,51,450000.0,52,9,1,5.0,2,4,72,30000,5,4,1,1197
8059,57,2021,182,950000.0,102,20,1,7.0,4,4,146,15885,2,4,1,1462
8060,116,2013,157,200000.0,173,27,1,5.0,7,4,208,65000,5,1,1,1461
8061,86,2018,209,1800000.0,239,0,0,5.0,8,4,1,10000,5,4,1,1395
8062,86,2017,15,160000.0,32,9,1,5.0,2,4,69,20000,5,4,1,814
8063,9,2015,262,1000000.0,255,1,0,5.0,8,4,11,70000,5,1,2,1995
8064,138,2016,351,1700000.0,199,6,0,7.0,7,4,48,50000,5,1,1,2198
8065,86,2014,248,500000.0,215,17,1,7.0,7,4,131,53000,5,1,1,2179
8066,86,2021,237,1220000.0,112,8,0,5.0,8,4,58,10000,5,4,1,1498
8067,55,2020,50,437000.0,57,29,1,5.0,2,4,242,20000,5,4,1,1199
8068,138,2022,233,1200000.0,148,13,1,7.0,4,4,97,33000,5,4,1,1353
8069,86,2008,235,150000.0,114,8,0,5.0,8,4,60,60000,5,4,3,1799
8070,86,2010,231,400000.0,163,1,0,5.0,8,4,11,20000,5,4,3,1995
8071,86,2021,38,420000.0,21,20,1,7.0,5,4,145,20000,5,4,1,1196
8072,86,2013,51,190000.0,52,9,1,5.0,2,4,72,20000,5,4,2,1197
8073,110,2010,39,175000.0,22,20,1,7.0,5,4,145,50000,5,4,3,1196
8074,110,2010,39,175000.0,22,20,1,7.0,5,4,145,50000,5,4,3,1196
8075,138,2020,94,550000.0,105,27,1,7.0,4,4,215,30000,5,4,1,999
8076,86,2022,87,1400000.0,197,17,1,4.0,7,4,128,10000,5,4,1,1997
8077,55,2007,198,120000.0,163,17,1,7.0,7,4,124,120000,5,1,4,2609
8078,9,2021,62,650000.0,59,9,1,5.0,2,4,73,40000,5,4,1,1197
8079,138,2019,87,600000.0,100,9,1,5.0,2,4,83,10000,5,4,1,1197
8080,57,2019,45,450000.0,44,20,0,5.0,2,4,143,28689,2,4,1,998
8081,138,2013,342,2750000.0,250,21,0,2.0,0,4,174,42719,2,4,3,3498
8082,86,2004,15,45000.0,22,20,1,5.0,2,4,136,30000,5,4,1,796
8083,138,2016,142,599000.0,134,9,1,5.0,7,4,68,69150,2,4,1,1591
8084,138,2015,209,700000.0,168,17,1,9.0,7,4,124,65480,5,1,1,2523
8085,9,2018,87,550000.0,100,9,1,5.0,2,4,83,42411,2,4,1,1197
8086,66,2015,203,335000.0,73,8,1,5.0,8,4,58,72000,5,4,1,1497
8087,138,2015,227,300000.0,194,17,1,7.0,4,4,132,66000,5,1,1,2489
8088,110,2019,47,350000.0,37,27,1,5.0,2,4,210,11000,4,4,1,999
8089,8,2016,203,475000.0,73,8,1,5.0,8,4,58,23000,4,4,2,1497
8090,57,2021,101,765000.0,110,30,0,5.0,2,4,253,5000,4,4,1,1197
8091,110,2021,153,1150000.0,140,9,1,5.0,7,4,68,24000,5,4,1,1497
8092,138,2017,190,2100000.0,150,21,0,5.0,7,4,178,61901,2,1,1,2143
8093,116,2010,261,250000.0,131,30,1,5.0,8,4,248,50000,5,4,1,1798
8094,57,2010,57,165000.0,60,6,1,5.0,2,4,51,41232,2,4,1,1196
8095,9,2017,29,350000.0,26,20,0,5.0,2,4,163,37000,5,4,1,998
8096,8,2017,180,1700000.0,181,0,0,5.0,7,4,6,34689,2,1,1,1968
8097,138,2019,142,800000.0,134,9,1,5.0,7,4,68,32475,2,4,1,1591
8098,9,2023,202,4450000.0,200,32,0,5.0,7,4,277,411,2,4,1,1969
8099,138,2019,257,4050000.0,298,14,0,7.0,7,4,103,33004,2,4,1,1997
8100,138,2010,265,900000.0,271,0,0,5.0,7,4,7,50245,2,4,2,1984
8101,57,2021,100,1125000.0,169,17,0,5.0,7,4,130,24000,5,1,1,1497
8102,57,2013,70,300000.0,73,20,1,5.0,2,4,158,39000,5,1,1,1248
8103,57,2018,103,550000.0,100,8,1,5.0,7,4,64,40000,5,1,1,1498
8104,138,2012,261,200000.0,131,30,1,5.0,8,4,248,65000,5,1,1,1364
8105,8,2015,219,375000.0,96,20,1,5.0,8,4,144,73000,5,1,1,1248
8106,110,2020,62,499000.0,59,9,1,5.0,2,4,73,29000,5,4,1,1197
8107,138,2017,157,600000.0,173,27,0,5.0,7,4,208,50000,5,1,1,1461
8108,138,2012,323,775000.0,292,21,0,5.0,7,4,183,80000,5,1,1,2987
8109,110,2020,307,1800000.0,180,30,1,7.0,4,4,256,15000,5,1,1,2393
8110,14,2017,317,2525000.0,197,30,1,7.0,7,4,252,56400,2,1,1,2755
8111,9,2013,32,190000.0,60,8,1,5.0,2,4,56,61000,5,4,1,1198
8112,8,2018,183,1000000.0,165,12,1,5.0,7,4,94,28831,5,1,1,1956
8113,14,2018,203,790000.0,73,8,1,5.0,8,4,58,49000,5,1,1,1498
8114,57,2016,203,525000.0,73,8,1,5.0,8,4,58,27460,2,4,1,1497
8115,110,2021,101,724000.0,110,20,0,5.0,2,4,139,14000,5,4,1,1197
8116,116,2014,203,435000.0,73,8,1,5.0,8,4,58,43985,2,4,1,1497
8117,57,2012,77,295000.0,85,9,1,5.0,2,4,83,28322,2,4,1,1197
8118,138,2022,153,1675000.0,140,9,1,5.0,7,4,68,12000,2,1,1,1493
8119,9,2022,43,575000.0,65,20,1,5.0,2,4,151,15000,2,4,1,1197
8120,110,2017,101,335000.0,73,6,1,5.0,8,4,46,71762,2,4,2,1196
8121,138,2017,101,599000.0,184,17,1,7.0,7,4,126,75000,2,1,1,1493
8122,66,2017,219,650000.0,96,20,0,5.0,8,4,144,79000,2,4,1,1373
8123,57,2016,203,485000.0,73,8,1,5.0,8,4,58,38734,2,4,1,1497
8124,116,2022,42,575000.0,51,20,1,5.0,2,4,142,22000,2,4,1,998
8125,57,2017,181,650000.0,76,31,0,5.0,8,4,269,54000,2,4,1,1197
8126,14,2016,157,450000.0,173,27,1,5.0,7,4,208,50000,2,1,1,1461
8127,14,2016,206,625000.0,103,8,1,7.0,7,4,55,68000,2,1,1,1498
8128,57,2017,181,650000.0,76,31,0,5.0,8,4,269,54000,2,4,1,1197
8129,116,2019,87,545000.0,100,9,1,5.0,2,4,83,32337,5,4,1,1197
8130,57,2019,182,835000.0,102,20,1,7.0,4,4,146,21873,2,4,1,1462
8131,9,2020,47,415000.00000000006,37,27,1,5.0,2,4,210,17330,2,4,1,999
8132,110,2020,93,545000.0,60,8,1,5.0,8,4,54,28316,2,4,1,1198
8133,14,2021,203,975000.0,73,8,0,5.0,8,4,58,19000,2,4,1,1497
8134,138,2021,100,950000.0,126,9,0,5.0,7,4,79,22000,2,4,1,998
8135,110,2019,101,795000.0,140,20,1,5.0,7,4,162,49000,2,1,1,1248
8136,57,2017,149,725000.0,73,20,1,7.0,4,4,146,48000,2,1,1,1248
8137,84,2015,102,475000.0,123,6,1,5.0,7,4,47,65000,2,4,1,1496
8138,57,2018,142,799000.0,134,9,1,5.0,7,4,68,51000,2,4,1,1591
8139,138,2020,203,990000.0,73,8,0,5.0,8,4,58,32000,2,4,1,1497
8140,8,2014,261,625000.0,131,30,1,5.0,8,4,248,34000,2,4,1,1798
8141,66,2017,219,550000.0,96,20,1,5.0,8,4,144,65000,2,1,1,1248
8142,116,2015,217,525000.0,94,20,1,5.0,8,4,144,51000,2,4,1,1462
8143,14,2022,99,925000.0,139,30,1,5.0,7,4,258,17000,2,4,1,1462
8144,87,2019,40,325000.0,37,27,1,5.0,2,4,210,6971,2,4,1,799
8145,138,2023,93,899000.0,109,30,1,5.0,2,4,253,3000,2,4,1,1197
8146,110,2018,11,289000.0,24,20,1,5.0,2,4,137,27447,2,4,1,796
8147,14,2018,101,499000.0,103,20,1,5.0,8,4,159,22008,2,4,1,1197
8148,116,2021,223,1650000.0,140,9,1,7.0,7,4,66,9000,2,4,1,1999
8149,116,2015,174,455000.0,77,9,1,5.0,8,4,80,44000,2,4,1,1591
8150,116,2016,142,790000.0,134,9,0,5.0,7,4,68,46000,2,4,1,1591
8151,138,2018,103,599000.0,123,6,1,5.0,7,4,47,60000,2,1,1,1498
8152,110,2018,196,799000.0,96,30,0,5.0,8,4,259,37000,2,4,1,1496
8153,9,2017,265,2150000.0,271,0,0,5.0,7,4,7,40000,2,1,1,1968
8154,138,2020,101,575000.0,110,20,1,5.0,2,4,139,9000,2,4,1,1197
8155,138,2016,142,599000.0,134,9,1,5.0,7,4,68,52000,2,4,1,1591
8156,9,2017,101,465000.00000000006,110,20,1,5.0,2,4,139,30400,2,4,1,1197
8157,138,2021,100,950000.0,126,9,0,5.0,7,4,79,29000,2,4,1,998
8158,57,2020,377,5541000.0,199,21,0,5.0,8,4,174,20000,2,1,1,1950
8159,138,2020,237,990000.0,112,8,0,5.0,8,4,58,32000,2,4,1,1498
8160,84,2014,51,350000.0,52,9,1,5.0,2,4,72,45000,2,4,1,1197
8161,138,2018,351,2290000.0,199,6,0,7.0,7,4,48,84000,2,1,1,3198
8162,66,2014,203,470000.0,73,8,1,5.0,8,4,58,48000,2,1,1,1498
8163,14,2016,93,395000.0,60,8,1,5.0,8,4,54,49000,2,4,1,1198
8164,66,2010,261,275000.0,131,30,1,5.0,8,4,248,70000,2,4,1,1798
8165,138,2012,172,349000.0,77,9,1,5.0,8,4,80,65000,5,1,1,1582
8166,116,2019,98,725000.0,156,29,0,5.0,7,4,237,58000,2,1,1,1497
8167,110,2018,101,440000.00000000006,110,20,1,5.0,2,4,139,64000,2,1,1,1248
8168,14,2016,190,1650000.0,254,21,0,5.0,7,4,178,35000,2,4,1,1991
8169,9,2016,93,380000.0,60,8,1,5.0,8,4,54,50000,2,4,1,1198
8170,57,2018,51,475000.0,52,9,1,5.0,2,4,72,12000,2,4,1,1197
8171,57,2016,101,450000.0,103,20,1,5.0,8,4,159,50000,2,4,1,1197
8172,14,2016,157,465000.00000000006,173,27,1,5.0,7,4,208,58000,2,1,1,1461
8173,138,2012,297,950000.0,175,0,0,5.0,8,4,3,50000,2,1,2,1968
8174,57,2020,14,325000.0,28,20,1,5.0,2,4,137,16000,5,4,1,796
8175,110,2010,83,199000.0,61,31,1,5.0,2,4,264,75000,2,4,2,1198
8176,137,2010,158,195000.0,121,6,1,5.0,8,4,49,28000,2,4,1,1596
8177,116,2018,142,725000.0,134,9,1,5.0,7,4,68,55000,2,4,1,1591
8178,110,2018,101,455000.0,110,20,1,5.0,2,4,139,54000,2,1,1,1248
8179,138,2016,82,399000.0,70,8,1,5.0,2,4,61,55000,2,4,1,1199
8180,138,2021,100,950000.0,126,9,0,5.0,7,4,79,29000,2,4,1,998
8181,116,2015,174,399000.0,77,9,1,5.0,8,4,80,48000,2,4,1,1396
8182,50,2014,179,450000.0,62,8,1,7.0,4,4,62,45000,2,4,1,1497
8183,138,2021,96,740000.0,154,29,1,5.0,7,4,237,21000,2,4,1,1199
8184,50,2013,174,325000.0,77,9,1,5.0,8,4,80,52000,2,4,1,1591
8185,9,2019,101,499000.0,52,9,1,5.0,8,4,81,39000,2,4,1,1197
8186,50,2014,179,450000.0,62,8,1,7.0,4,4,62,55000,2,4,1,1497
8187,116,2017,307,1750000.0,180,30,1,7.0,4,4,256,53000,2,1,1,2393
8188,57,2022,101,935000.0,127,9,1,5.0,7,4,79,9000,2,4,1,1197
8189,138,2020,157,1350000.0,148,13,1,5.0,7,4,99,23000,2,4,1,1353
8190,110,2010,83,199000.0,61,31,1,5.0,2,4,264,65000,2,4,1,1198
8191,66,2016,26,279000.0,38,9,1,5.0,2,4,82,45000,2,4,1,1086
8192,116,2017,218,599000.0,95,20,0,5.0,8,4,144,55000,2,1,1,1248
8193,138,2019,51,475000.0,52,9,1,5.0,2,4,72,26000,2,4,1,1197
8194,116,2016,179,499000.0,76,28,0,5.0,8,4,221,54000,2,4,1,1598
8195,116,2015,174,450000.0,77,9,1,5.0,8,4,80,41000,2,4,1,1591
8196,138,2021,186,2250000.0,165,12,0,5.0,7,4,94,29000,2,1,1,1956
8197,9,2018,267,2275000.0,255,1,0,5.0,8,4,11,23000,2,1,1,1995
8198,57,2012,75,225000.0,73,8,1,5.0,2,4,61,39000,2,4,1,1198
8199,57,2019,203,850000.0,93,9,1,5.0,8,4,80,34000,2,4,1,1591
8200,138,2015,336,990000.0,174,30,0,5.0,8,4,246,75000,2,4,1,2494
8201,138,2020,62,575000.0,59,9,1,5.0,2,4,73,12000,2,4,1,1197
8202,84,2018,248,799000.0,215,17,1,7.0,7,4,131,51000,2,1,1,2179
8203,57,2018,32,399000.0,60,8,1,5.0,2,4,56,46000,2,4,1,1198
8204,138,2013,262,1100000.0,255,1,0,5.0,8,4,11,39000,2,1,1,1995
8205,116,2015,174,399000.0,77,9,1,5.0,8,4,80,45000,2,4,1,1396
8206,116,2017,203,699000.0,73,8,1,5.0,8,4,58,47000,5,4,1,1497
8207,138,2020,153,1415000.0,140,9,0,5.0,7,4,68,55000,5,4,1,1497
8208,116,2022,47,455000.0,37,27,1,5.0,2,4,210,5000,2,4,1,999
8209,9,2021,9,330000.0,24,20,1,5.0,2,4,137,5000,2,4,1,796
8210,110,2018,180,2100000.0,181,0,0,5.0,7,4,6,32000,2,4,1,1395
8211,138,2022,233,1099000.0,148,13,1,7.0,4,4,97,20000,2,4,1,1497
8212,138,2022,233,1099000.0,148,13,1,7.0,4,4,97,20000,2,4,1,1497
8213,116,2013,196,199000.0,73,27,1,5.0,8,4,214,61000,2,4,1,1498
8214,110,2019,183,1190000.0,165,12,1,5.0,7,4,94,14000,2,4,2,1368
8215,8,2015,178,1190000.0,252,0,0,5.0,7,4,6,45000,2,1,1,1968
8216,110,2016,174,535000.0,77,9,1,5.0,8,4,80,38247,2,4,1,1591
8217,116,2015,93,395000.0,60,8,1,5.0,8,4,54,41754,5,4,2,1198
8218,8,2003,198,250000.0,163,17,1,8.0,7,4,124,52000,2,1,1,2179
8219,9,2010,75,175000.0,73,8,1,5.0,2,4,61,58000,2,4,2,1198
8220,116,2015,73,195000.0,73,6,1,5.0,2,4,51,75000,2,1,1,1498
8221,84,2014,103,425000.0,123,6,1,5.0,7,4,47,72561,2,1,1,1498
8222,110,2009,26,158000.0,38,9,1,5.0,2,4,82,53562,5,4,3,1197
8223,138,2019,51,425000.0,52,9,1,5.0,2,4,72,32190,5,4,1,1197
8224,86,2013,9,115000.0,24,20,1,5.0,2,4,137,20000,5,4,1,796
8225,86,2009,45,75000.0,60,20,1,5.0,2,4,154,50000,5,4,1,1197
8226,86,2022,94,650000.0,113,27,1,5.0,7,4,211,20000,5,4,1,999
8227,86,2007,28,80000.0,22,20,1,5.0,2,4,163,20000,5,4,1,1061
8228,86,2022,94,650000.0,113,27,1,5.0,7,4,211,30000,5,4,1,999
8229,86,2005,15,35000.0,22,20,1,5.0,2,4,136,40000,5,4,2,796
8230,86,2018,40,190000.0,37,27,1,5.0,2,4,210,120000,5,4,1,999
8231,86,2013,83,200000.0,61,31,1,5.0,2,4,264,60000,5,4,1,1198
8232,86,2013,57,160000.0,60,6,1,5.0,2,4,51,60000,5,4,2,1196
8233,86,2010,88,120000.0,64,5,1,5.0,2,4,39,30000,5,4,1,1172
8234,57,2011,88,140000.0,64,5,1,5.0,2,4,39,24000,5,4,1,1172
8235,86,2009,15,115000.0,22,20,1,5.0,2,4,136,40000,5,4,1,796
8236,86,2013,70,250000.0,73,20,1,5.0,2,4,158,60000,5,4,1,1197
8237,50,2008,181,150000.0,67,8,1,5.0,8,4,58,84000,2,4,2,1497
8238,138,2018,11,175000.0,24,20,1,5.0,2,4,137,151000,5,4,1,796
8239,9,2021,36,490000.00000000006,41,20,1,5.0,2,4,163,7000,5,4,1,998
8240,86,2010,77,250000.0,85,9,1,5.0,2,4,83,20000,5,4,1,1197
8241,86,2014,68,400000.0,103,20,1,5.0,2,4,158,20000,5,4,1,1197
8242,86,2018,98,550000.0,156,29,1,5.0,7,4,237,50000,5,1,1,1497
8243,86,2009,25,125000.0,30,9,1,5.0,2,4,76,50000,5,4,1,1086
8244,86,2015,87,280000.0,100,9,1,5.0,2,4,83,80000,5,1,1,1396
8245,86,2011,30,150000.0,26,20,1,5.0,2,4,167,50000,5,4,1,998
8246,86,2022,96,1082000.0,154,29,0,5.0,7,4,237,10000,5,4,1,1199
8247,86,2019,98,550000.0,156,29,1,5.0,7,4,237,70000,5,4,1,1198
8248,86,2018,93,475000.0,60,8,1,5.0,8,4,54,30000,5,4,1,1198
8249,86,2010,52,105000.0,60,20,1,5.0,2,4,154,80000,5,4,3,1197
8250,86,2019,101,500000.0,110,20,1,5.0,2,4,139,80000,5,1,1,1248
8251,86,2017,219,525000.0,96,20,0,5.0,8,4,144,40000,5,4,1,1373
8252,86,2021,68,650000.0,103,20,1,5.0,2,4,158,10000,5,4,1,1197
8253,86,2021,68,650000.0,103,20,1,5.0,2,4,158,10000,5,4,1,1197
8254,86,2014,9,200000.0,24,20,1,5.0,2,4,137,30000,5,4,1,796
8255,86,2018,48,400000.0,50,29,1,5.0,2,4,242,20000,5,4,1,1199
8256,86,2023,99,1200000.0,139,13,0,5.0,7,4,100,10000,5,4,1,998
8257,86,2022,157,1825000.0,148,13,0,5.0,7,4,99,10000,5,4,1,1353
8258,86,2019,60,500000.0,57,29,1,5.0,2,4,243,20000,5,4,1,1199
8259,86,2019,101,600000.0,73,8,1,5.0,8,4,54,30000,5,4,1,1199
8260,86,2010,77,230000.0,85,9,1,5.0,2,4,83,30000,5,4,2,1197
8261,86,2015,9,210000.0,24,20,1,5.0,2,4,137,40000,5,4,1,796
8262,86,2019,142,1000000.0,134,9,1,5.0,7,4,68,20000,5,4,1,1591
8263,86,2019,101,550000.0,103,20,1,5.0,8,4,159,40000,5,4,1,1197
8264,86,2019,101,550000.0,103,20,1,5.0,8,4,159,40000,5,4,1,1197
8265,86,2015,93,300000.0,60,8,1,5.0,8,4,54,70000,5,4,2,1198
8266,86,2023,243,1200000.0,111,8,1,5.0,8,4,58,20000,5,4,1,1498
8267,86,2010,26,160000.0,38,9,1,5.0,2,4,82,120000,5,4,1,1197
8268,86,2011,83,180000.0,61,31,1,5.0,2,4,264,150000,5,4,2,1198
8269,57,2011,26,225000.0,38,9,1,5.0,2,4,82,38000,5,4,1,1197
8270,86,2022,96,674000.0,154,29,1,5.0,7,4,237,20000,5,4,1,1199
8271,86,2012,15,200000.0,32,9,1,5.0,2,4,69,30000,5,4,1,814
8272,86,2015,29,290000.0,26,20,1,5.0,2,4,163,50000,5,4,1,998
8273,86,2010,129,250000.0,67,20,1,5.0,8,4,159,60000,5,4,1,1298
8274,86,2002,7,100000.0,20,20,1,4.0,2,4,134,30000,5,4,3,796
8275,86,2013,203,400000.0,73,8,1,5.0,8,4,58,60000,5,4,1,1497
8276,86,2015,84,360000.0,61,31,1,5.0,2,4,264,70000,5,4,1,1199
8277,86,2009,25,150000.0,30,9,1,5.0,2,4,76,30000,5,4,1,1086
8278,86,2022,42,510000.0,51,20,1,5.0,2,4,142,10000,5,4,1,998
8279,86,2014,9,180000.0,24,20,1,5.0,2,4,137,120000,5,4,1,796
8280,86,2011,250,550000.0,127,21,0,5.0,8,4,171,50000,5,4,3,1796
8281,86,2012,52,140000.0,60,20,1,5.0,2,4,154,40000,5,4,1,1197
8282,86,2017,157,500000.0,173,27,1,5.0,7,4,208,120000,5,1,2,1461
